:1010000080930220C1A60000DD5F0100ADA60000B4
:10101000ADA60000ADA60000ADA6000000000000D7
:10102000000000000000000000000000ADA700006C
:10103000ADA600000000000091AA0000ADA60000CF
:1010400049AB000049AB000049AB000049AB0000D0
:1010500049AB000049AB000049AB0000392E00004D
:1010600049AB000049AB000049AB000049AB0000B0
:1010700049AB000049AB000049AB000049AB0000A0
:1010800049AB000049AB000049AB000049AB000090
:1010900049AB000049AB000049AB000049AB000080
:1010A00049AB000049AB000049AB000049AB000070
:1010B00049AB000049AB000049AB000049AB000060
:1010C00049AB000049AB000049AB000049AB000050
:1010D00049AB000049AB000049AB000049AB000040
:1010E00049AB000049AB000049AB000049AB000030
:1010F00049AB000049AB000049AB000049AB000020
:1011000081F0004102E000BF83F0004330B54FEAB8
:1011100041044FEA430594EA050F08BF90EA020F25
:101120001FBF54EA000C55EA020C7FEA645C7FEAB8
:10113000655C00F0E2804FEA5454D4EB5555B8BFDB
:101140006D420CDD2C4480EA020281EA030382EA4C
:10115000000083EA010180EA020281EA0303362DDE
:1011600088BF30BD11F0004F4FEA01314FF4801CB1
:101170004CEA113102D0404261EB410113F0004FC3
:101180004FEA03334CEA133302D0524263EB43037A
:1011900094EA050F00F0A780A4F10104D5F1200E18
:1011A0000DDB02FA0EFC22FA05F2801841F1000173
:1011B00003FA0EF2801843FA05F359410EE0A5F147
:1011C00020050EF1200E012A03FA0EFC28BF4CF078
:1011D000020C43FA05F3C01851EBE37101F000452E
:1011E00007D54FF0000EDCF1000C7EEB00006EEB3B
:1011F0000101B1F5801F1BD3B1F5001F0CD34908C5
:101200005FEA30004FEA3C0C04F101044FEA44521B
:1012100012F5800F80F09A80BCF1004F08BF5FEAA2
:10122000500C50F1000041EB045141EA050130BD82
:101230005FEA4C0C404141EB0101013C28BFB1F594
:10124000801FE9D291F0000F04BF01460020B1FADF
:1012500081F308BF2033A3F10B03B3F120020CDAB2
:101260000C3208DD02F1140CC2F10C0201FA0CF090
:1012700021FA02F10CE002F11402D8BFC2F1200CF5
:1012800001FA02F120FA0CFCDCBF41EA0C019040AB
:10129000E41AA2BF01EB0451294330BD6FEA0404F4
:1012A0001F3C1CDA0C340EDC04F11404C4F12002DF
:1012B00020FA04F001FA02F340EA030021FA04F3F1
:1012C00045EA030130BDC4F10C04C4F1200220FA48
:1012D00002F001FA04F340EA0300294630BD21FA86
:1012E00004F0294630BD94F0000F83F4801306BF4C
:1012F00081F480110134013D4EE77FEA645C18BF40
:101300007FEA655C29D094EA050F08BF90EA020FD6
:1013100005D054EA000C04BF1946104630BD91EACE
:10132000030F1EBF0021002030BD5FEA545C05D1D1
:101330004000494128BF41F0004130BD14F5800410
:101340003CBF01F5801130BD01F0004545F0FE4184
:1013500041F470014FF0000030BD7FEA645C1ABFB9
:10136000194610467FEA655C1CBF0B46024650EAF0
:10137000013406BF52EA033591EA030F41F400211C
:1013800030BD00BF90F0000F04BF0021704730B5A2
:101390004FF4806404F132044FF000054FF0000177
:1013A00050E700BF90F0000F04BF0021704730B538
:1013B0004FF4806404F1320410F0004548BF40420D
:1013C0004FF000013EE700BF42004FEAE2014FEA62
:1013D00031014FEA02701FBF12F07F4393F07F4F3D
:1013E00081F06051704732F07F4208BF704793F040
:1013F0007F4F04BF41F40021704730B54FF4607453
:1014000001F0004521F000411CE700BF50EA010255
:1014100008BF704730B54FF000050AE050EA0102FE
:1014200008BF704730B511F0004502D5404261EB6E
:1014300041014FF4806404F132045FEA915C3FF4AF
:10144000D8AE4FF003025FEADC0C18BF03325FEA4C
:10145000DC0C18BF033202EBDC02C2F1200300FAFD
:1014600003FC20FA02F001FA03FE40EA0E0021FA22
:1014700002F11444BDE600BF7BB972B90029BEBFBA
:1014800000204FF0004106E008BF00281CBF6FF0AD
:1014900000414FF0FF3000F057B8ADF1080C6DE996
:1014A00004CE002909DB002B1ADB00F069F8DDF817
:1014B00004E0DDE9022304B07047404261EB4101E2
:1014C000002B1BDB00F05CF8DDF804E0DDE9022313
:1014D00004B0404261EB4101524263EB4303704769
:1014E000524263EB430300F04BF8DDF804E0DDE922
:1014F000022304B0404261EB41017047524263EB6A
:10150000430300F03DF8DDF804E0DDE9022304B018
:10151000524263EB4303704753B94AB9002908BFED
:1015200000281CBF4FF0FF314FF0FF3000F00CB827
:10153000ADF1080C6DE904CE00F022F8DDF804E00E
:10154000DDE9022304B07047704700BF10F8012B9B
:1015500011F8013B012A28BF9A42F7D0D01A7047F0
:10156000034611F8012B03F8012B002AF9D170472B
:10157000034613F8012B002AFBD1181A01387047D3
:101580002DE9F0478C468E46089E154604461946BE
:10159000002B40F0D080724547D9B2FA82F74FB1A4
:1015A000C7F120030EFA07FC20FA03F3BD4043EA1B
:1015B0000C0CBC404FEA154EA8B2BCFBFEF8230C45
:1015C0000EFB18CC08FB00F943EA0C43994528D9D7
:1015D000EB1808F1FF3204D2994502D9A8F10202B2
:1015E0002B44A3EB0903A4B2B3FBFEFC0EFB1C339C
:1015F0000CFB00F044EA0344A04214D92C190CF16E
:10160000FF3304D2A04202D9ACF102032C44241AC5
:1016100043EA02401EB1FC40002334607360BDE821
:10162000F0874246DDE76346F1E7002A79D0B2FA57
:1016300082F3002B3FD01946C1F1200302FA01F5D5
:101640002EFA03F20EFA01FE20FA03F343EA0E0328
:101650004FEA154E00FA01F4B2FBFEFCAFB20EFBEE
:101660001C201A0C0CFB07F842EA004290455AD99C
:10167000AA180CF1FF3004D2904502D9ACF1020057
:101680002A44A2EB08029BB2B2FBFEFC0EFB1C221A
:101690000CFB07F743EA02439F4246D9EB180CF1D3
:1016A000FF3204D29F4202D9ACF102022B44DB1B71
:1016B00042EA004202E0AEEB020301224FEA154E7D
:1016C000AFB2B3FBFEFC200C0EFB1C330CFB07F887
:1016D00040EA034398452AD9EB180CF1FF3004D2B5
:1016E000984502D9ACF102002B44A3EB0803A4B245
:1016F000B3FBFEFC0EFB1C330CFB07F744EA034470
:10170000A74216D92C190CF1FF3304D2A74202D9F3
:10171000ACF102032C44E41B43EA00400F4611469F
:1017200078E71F2188E76046ABE76246BFE760467F
:10173000DBE76346EFE7734506D916B90021084693
:101740006DE7C6E9000EF9E7B3FA83F787B9734589
:1017500001D3824207D8841A6EEB030301209C4612
:101760001EB900215BE73846FAE7C6E9004CF8E706
:10177000C7F1200CBB4022FA0CF51D4320FA0CF1F6
:101780002EFA0CF30EFA07FE41EA0E014FEA154954
:1017900000FA07F4B3FBF9F81FFA85FE09FB1830CD
:1017A0000B0C08FB0EFA43EA00439A4502FA07F2D3
:1017B00040D9EB1808F1FF3004D29A4502D9A8F1BC
:1017C00002002B44A3EB0A0389B2B3FBF9F809FB2F
:1017D000183308FB0EFE41EA03418E452CD96918E7
:1017E00008F1FF3304D28E4502D9A8F1020329443F
:1017F00043EA0040A0FB0298A1EB0E014145CE4612
:10180000434602D306D14C4504D2B9EB020E68EB35
:1018100005030138002EA4D0B4EB0E0261EB0301E6
:1018200001FA0CFC22FA07F34CEA0303F940C6E97B
:10183000003196E74046C5E74346D9E7000000007F
:101840002DE9F047064688B00F46904617F0DEFEB9
:101850004FF47A73A0FB034503FB0155E40B012F02
:1018600044EA45444FEAD53507D1294922462B465B
:10187000304613F035FB002012E0D8F804702548FC
:101880003946FFF763FE70B123483946FFF75EFE25
:1018900048B1304621493A4613F03EFB6FF0040050
:1018A00008B0BDE8F0872046294617A3D3E90023F6
:1018B000FFF7E2FD05460C4610461946184A00237C
:1018C000FFF7DAFD80460F46104619464EF66022B5
:1018D0000023FFF7D1FD82468946104619464FF492
:1018E0007A720023FFF7C8FDCDE902A9CDE90623EE
:1018F000CDE90401CDE900870A492A46234630464E
:1019000013F0EEFAB7E700BF005C26050000000008
:1019100022C8010033C8010036C801003FC80100D9
:1019200080EE360057C801002DE9F04F87B005461C
:10193000039117461E46836804AA5B6898470028EF
:1019400031DBDDE9044AA7FB04B307FB0A3758463D
:1019500019A3D3E900233946FFF7DEFDDFF86080E5
:1019600002904FF0FF39D94578EB07031ED3A6FB51
:1019700004B406FB0A4410A3D3E9002321465846C9
:10198000FFF7CAFDD94578EB040403460ED302994C
:10199000AA6899420DD3BDF84010009114682846FA
:1019A000DDE90221A04707B0BDE8F08F6FF08500A8
:1019B000F9E76FF01500F6E700CA9A3B0000000057
:1019C000FFC99A3BF8B53B4C236803F00703022B91
:1019D00000AF14D96D4688B06A46374B0593374B34
:1019E00006934FF40073ADF81C30354B42F8103FAE
:1019F00000234FF4E651204605F070FCAD4600F0A0
:101A000081F8031E0ADA2268510704D02D4A2948BA
:101A1000012112F0BDFF0020BD46F8BD00F098FA8C
:101A200001F0BCFB02F02AFB031E08DA226812F068
:101A3000060F04D0244A1F48022112F0A9FF03F028
:101A400025FC02F0C3FE031E07DA2268520704D009
:101A50001E4A1848012112F09BFF03F0BBFC2368CB
:101A600003F00703022BD6D902F0B8FB184E194A2F
:101A7000022818BF164602F0B7FB044600F04AFCE5
:101A8000154A164B6D468AB0002818BF13466A46A1
:101A90001349CDE90743134B0993134BCDE90516C1
:101AA00042F8103F034800234FF4435105F016FC61
:101AB000AD46B0E724070020EEB701000AB80100E8
:101AC0000300000118B801002AB8010039B801006C
:101AD00044C40100DAB70100E3B70100E1B7010037
:101AE0004AB801000002020405000002052804D8DB
:101AF000034B03EBC00011F0E6BE6FF0150070471A
:101B0000C0A8010010B529484FF4B012062111F009
:101B1000EEFE044650B1264803685B0704D0254A10
:101B20002346012112F034FF204610BD22484FF415
:101B3000B012042111F0DBFE044630B11C480368EA
:101B40005907F1D01D4A2346EBE71D484FF4803278
:101B5000042111F0CCFE044630B1154803685A0741
:101B6000E2D0184A2346DCE717484FF480320821B8
:101B700011F0BDFE044630B10D4803685B07D3D0B9
:101B8000124A2346CDE712484FF48032092111F062
:101B90006AFE002808DB01210420FFF7A7FF0121CE
:101BA0000520FFF7A3FFBFE70446BDE7C0A801007B
:101BB000D406002069B80100A0A801007BB801008C
:101BC00080A8010091B8010040A80100A2B801005E
:101BD000BC9E0100052808B509D8064B03EBC000E0
:101BE00011F05CFE0028D4BF0020012008BD0020B9
:101BF000FCE700BFC0A80100F8B50D4E0446002563
:101C00003746AC4203D00021304611F05CFE01356E
:101C1000042D06F10806F4D1E3B2032B06D807EB36
:101C2000C4000121BDE8F84011F04DBE0020F8BD10
:101C3000A0A80100024B00F00F00185C704700BF25
:101C40006DE70100F8B500240A4E2546012730460D
:101C500011F024FE0028C8BF07FA04F304F10104C0
:101C6000C8BF1D43042C06F10806F0D1024B585D95
:101C7000F8BD00BF80A801006DE7010008B5044869
:101C800011F00CFE0028D4BF0020012008BD00BFC9
:101C900038A8010008B5084817F099F850B9074866
:101CA00003685B0703D0064A012112F068FE6FF05B
:101CB000120008BD0020FCE73C9F0100E406002064
:101CC000BAB80100F0B5032887B006460C4633D8F1
:101CD0001B4BB1F5807F1A5C28BF4FF48074230A38
:101CE00043EA021302278DF8083002AB8DF8094051
:101CF000039304978DF8147012489DF8143082688D
:101D00003B438DF8143095682C23012203A9A84782
:101D1000054628B90C4B23F81640284607B0F0BDFD
:101D20000A48036813F0060FF7D0094A00953346B6
:101D3000394612F037FEF0E76FF01505EDE700BF0A
:101D40007DE701003C9F0100C4470220E40600201B
:101D5000CCB80100104A9FED117ADFED116A9FEDBA
:101D6000116A0023F2EC017AF0EEE75AF4EE475ADA
:101D7000F1EE10FA0ED8F4EEE67AF1EE10FA09D987
:101D8000F4EEC67AF1EE10FA04DC0133052BE9D14A
:101D90000120704700207047AC1D0020FFFF7F7FAF
:101DA0006F12833A0050C3479FED097A00F1140384
:101DB000F0EC017AF0EEE77AF4EE477AF1EE10FA01
:101DC00003D89842F4D1012070470020704700BF2B
:101DD000FFFF7F7F30B413460446044882681568CD
:101DE0000A46AC46214630BC604700BF7C9F0100DC
:101DF00002460B4601480EF033BB00BFD00700205F
:101E000001480EF09FBB00BFD007002038B5044644
:101E10000F4816F0DCFFB0B19C2221464FF4007051
:101E2000FFF7D8FF00280DDB22680A4B9A4207D142
:101E30009421201DD4F8985015F0E0FB854205D080
:101E40006FF04C0038BD6FF01200FBE70020F9E79F
:101E50007C9F010050504B322DE9F34105460E4660
:101E6000174698460D48826854680A462946A04796
:101E7000044640B942463146384617F0ACFC20468D
:101E800002B0BDE8F081064803685B07F7D0054A59
:101E900000942B46012112F085FDF0E77C9F0100A4
:101EA00004070020EEB8010010B5214C4FF0FF30C0
:101EB0004FF0FF31FFF79CFF6A22002104F1280058
:101EC00017F0B0FC1B4B23601B4B63601B4BA360E4
:101ED0001B4BE3601B4B23614FF07E536361A36197
:101EE000E361236263626366A366E36623676367F5
:101EF000A367E367C4F88030C4F88430C4F888303E
:101F0000802240F6B833A4F88C30A4F89220012344
:101F10004FF0805284F89030126EA4F88E200A4A56
:101F200000211170094A1370BDE81040FFF768BF27
:101F3000AC1D00207BF48044CD4CCB426666224130
:101F4000D7A3703FC520303DD7470220D647022097
:101F50002DE9F04FC5B000AFB248B34D16F037FFD2
:101F600088B92B685A0704D0B04A0121284612F0DC
:101F700006FDFFF799FF6FF01204204607F58A77F8
:101F8000BD46BDE8F08F07F10C0640F20112314664
:101F90000020FFF71FFF041E0BDA2B685B0705D03C
:101FA000A34A23460121284612F0F2FCFFF77CFFEA
:101FB000E3E74FF0FF304FF0FF31FFF719FFB64670
:101FC000BEE80F009B4CA446ACE80F00DEF80030E2
:101FD000CCF8003007F1200EBEE80F0004F1140C1D
:101FE000ACE80F00DEF80030CCF8003007F1340E1A
:101FF000BEE80F0004F1280CACE80F00DEF800305A
:10200000CCF8003007F1480EBEE80F0004F13C0C9C
:10201000ACE80F00DEF80030CCF8003007F15C0EC1
:10202000BEE80F0004F1500CACE80F00DEF8003001
:10203000CCF8003007F1700EBEE80F0004F1640C1C
:10204000ACE80F00DEF80030CCF8003007F18C0E61
:10205000BEE80F0004F1780CACE80F00DEF80030A9
:10206000CCF80030B6F8788096F8FB9096F8FCB083
:10207000B6F8FFA0A4F88C804FF0805384F89090BD
:1020800084F891B0A4F892A01B6E6B48A4F88E302F
:102090009422214617F09FFBFFF75CFE2B68674EEA
:1020A0007B60002800F0E280012304F1140033700B
:1020B000FFF77AFE48B9DFF8A4C1BCE80F0004F1CD
:1020C00014060FC6DCF8003033605D48FFF76CFE85
:1020D00040B9DFF88CC15A4EBCE80F000FC6DCF8DF
:1020E000003033605748FFF75FFE014618B9554886
:1020F000142217F097FB5448FFF756FE014618B913
:102100005148142217F08EFB5048FFF74DFE014650
:1021100018B94E48142217F085FB4D48FFF744FECE
:1021200040B9DFF840C14A4EBCE80F000FC6DCF8EA
:1021300000303360464A05234FF07E51B2EE047AF8
:10214000F2EC017AF5EEC07AF1EE10FA04D9F4EE71
:10215000C77AF1EE10FA01DD42F8041C013BEFD121
:10216000A8F5487841F268031FFA88F8984588BFB7
:1021700040F6B83309F1FF3988BFA4F88C30B9F1C3
:10218000010F84BF012384F89030BBF1010F84BF9D
:10219000002384F89130BAF5807F2E4B8CBF01224A
:1021A00000221A700CD97B6813F0060F05D02A4A5A
:1021B0001D485346022112F0EBFB8023A4F8923015
:1021C0002B6803F00703022B28D92068FFF7FCF8DF
:1021D000804620698946FFF7F7F8B4F88CC094F878
:1021E0009060B4F8925094F891306C468EB06A4684
:1021F000DFF874E0CDF814E0CDE90C530A23CDE903
:102200000689CDE90801CDE90AC642F8103F064823
:10221000002345F2C00105F061F8A546FFF7F0FD87
:102220000024AAE67C9F0100040700200CB90100ED
:102230001DB90100AC1D0020181D0020D747022049
:10224000101E0020D41D0020E81D0020FC1D0020D1
:10225000241E0020D647022034B9010004A9010041
:1022600054A9010068A9010067B901007B6813F057
:10227000060F04D01D4A0221284612F080FB6A2274
:102280001B48002117F0CEFA1A4B23601A4B6360EB
:102290001A4BA3601A4BE3601A4B23614FF07E5335
:1022A0006361A361E361236263626366A366E366BD
:1022B00023676367A367E367C4F88030C4F884309A
:1022C000C4F88830802240F6B833A4F88C30A4F8E3
:1022D000922001234FF0805284F89030126EA4F8BF
:1022E0008E2000223270084A137097E7A8B90100C7
:1022F000D41D00207BF48044CD4CCB426666224145
:10230000D7A3703FC520303DD64702200048704714
:10231000AC1D0020014B1878704700BFD747022042
:10232000014B1878704700BFD647022030B5A7B0E0
:10233000254816F04CFD002842D04FF0FF304FF0FA
:10234000FF31FFF755FD2149214D942201A817F0D7
:1023500042FABDF89030ADF800301E4A02236946BB
:10236000782011F0DDFABDF89030A5F88C300446E5
:1023700008BB142305F178021FA9802011F0D0FAC0
:102380000446C0B9012305F1900225A9FB2011F0F4
:10239000C7FA044678B9BDF89630ADF8003005F1BB
:1023A000920202236946FF2011F0BAFABDF8963076
:1023B000A5F892300446FFF723FD204627B030BD34
:1023C0006FF01204F9E700BF7C9F0100AC1D0020F4
:1023D000181D0020A41D002002484FF48032002365
:1023E0000EF06EBB0000002030B5A9B0124C2046A4
:1023F00016F0EDFCE8B14FF0FF304FF0FF31FFF782
:10240000F7FC0E4B0E490193942202A817F0E3F952
:10241000FFF7F6FC942102A815F0F0F82790A368C6
:1024200001AA5D684FF400719C232046A84729B09B
:1024300030BD6FF01200FAE77C9F010050504B3224
:10244000AC1D002070B5A8B001A8FFF7DFFCE8B90B
:102450004FF0FF304FF0FF3120ADFFF7C9FC0FCD3B
:102460000B4E06F178040FC42B682360BDF894303E
:10247000A6F88C309DF8983086F89030BDF89A30E8
:10248000A6F89230FFF7BCFCFFF750FF28B070BDF4
:10249000AC1D00202DE9F04F174CAFB006460D469D
:1024A0004FF0FF304FF0FF31FFF7A2FC214694229E
:1024B00009A817F090F9B4F88E30059394F890308D
:1024C0000493B4F8923094F89170B4F88C9003931C
:1024D000FFF796FC094B0E934FF07E532293084A68
:1024E0003B46294630460FF083FD041E0ADA0020E1
:1024F0002FB0BDE8F08F00BFAC1D00204A1EEC1FBE
:10250000DBB90100AC42F2D209AF4FF0000857F836
:10251000040BFEF759FFA5EB040B06EB040ACDE90B
:102520000001AB4A4346594650460FF061FD002872
:10253000DDDB8345DBD908F10108B8F1050F044460
:10254000E5D10DF1380A4FF000085AF8040BFEF7F8
:102550003BFFA5EB040B3719CDE900019D4A43462B
:10256000594638460FF044FD0028C0DB8345BED9EC
:1025700008F10108B8F1050F0444E6D10DF1880A0D
:102580004FF000085AF8040BFEF71EFFA5EB040BF2
:102590003719CDE90001904A4346594638460FF0B5
:1025A00027FD0028A3DB8345A1D908F10108B8F174
:1025B000050F0444E6D10DF14C0A4FF000085AF81B
:1025C000040BFEF701FFA5EB040B3719CDE9000161
:1025D000824A4346594638460FF00AFD002886DBFA
:1025E000834584D908F10108B8F1050F0444E6D108
:1025F0002F1B7B4A4B46394630190FF0F9FC002857
:10260000FFF675AF87427FF672AF0444A5EB04096D
:10261000059B744A494630190FF0EAFC071EFFF685
:1026200066AFB9457FF663AF2744A5EB0708049B67
:102630006D4A4146F0190FF0DBFC041EFFF657AF60
:10264000A0457FF654AF3C444FF0000918AF57F84F
:10265000040BFEF7B9FEA5EB040806EB040ACDE96E
:102660000001624A4B46414650460FF0C1FC00282B
:10267000FFF63DAF80457FF63AAF09F10109B9F1A8
:10268000050F0444E3D11DAF4FF0000957F8040BC8
:10269000FEF79AFEA5EB040806EB040ACDE900015B
:1026A000534A4B46414650460FF0A2FC0028FFF625
:1026B0001EAF80457FF61BAF09F10109B9F1050F87
:1026C0000444E3D127AF4FF0000957F8040BFEF79D
:1026D0007BFEA5EB040806EB040ACDE90001454AA0
:1026E0004B46414650460FF083FC0028FFF6FFAEF4
:1026F00080457FF6FCAE09F10109B9F1050F0444EC
:10270000E3D12F1B039B3C4A394630190FF070FC74
:102710000028FFF6ECAE87427FF6E9AE044408A934
:1027200007A801F07DFA0798FEF74EFE3719A5EBD2
:102730000408CDE90001314A384641460FF058FC03
:10274000071EFFF6D4AEB8457FF6D1AE0898FEF767
:102750003BFE2744F419A5EB0708CDE90001284A00
:10276000204641460FF044FC041EFFF6C0AEA045D3
:102770007FF6BDAE3C44A5EB0408224B224A4146FD
:1027800030190FF035FC071EFFF6B1AEB8457FF6E5
:10279000AEAE2744A5EB07081C4A01234146F019B9
:1027A0000FF026FC041EFFF6A2AEA0457FF69FAEFA
:1027B0003C442D1B164A294630190FF019FC0028FD
:1027C000FFF695AE85427FF692AE204490E600BFBC
:1027D000EBB90100F7B9010004BA010011BA010018
:1027E0001DBA010026BA01002EBA0100F8B9010095
:1027F00005BA010038BA010045BA01004DBA01001E
:1028000058BA0100A086010064BA010074BA010040
:1028100085BA010073B500220E466946054610F8D8
:10282000013B2BB1A3F13004092C01D9072A41D176
:1028300002F108030DEB03024FF0FF3000234FF0CD
:10284000FF3102F8083CFFF7D3FA2B78002B64D055
:1028500049496846FEF77AFEA8B348496846FEF73C
:1028600075FE90B346496846FEF770FE78B3454959
:102870006846FEF76BFE60B343496846FEF766FEA6
:1028800048B342496846FEF761FE30B34049414CC7
:102890006846FEF75BFE002818BF0024284616F0A5
:1028A000C9FF0546DCB96FF01504FFF7A9FA204609
:1028B00002B070BDA3F14104192C98BF203301F878
:1028C000013B0132AAE7344CE8E7344CE6E7344CEC
:1028D000E4E7344CE2E7344CE0E7344CDEE7002830
:1028E000E1DB0428DFD8002130460FF0ABFBDFED41
:1028F000307AB0EEC07AB4EE677AF1EE10FAD2D840
:10290000254B04EB85059C4285ED000A03D1FFF7BA
:1029100021FA284B18700024C7E727496846FEF7BC
:1029200015FE024638B9014630460FF08DFD1A4BB0
:10293000A3F88C00EFE721496846FEF707FE024640
:1029400038B9014630460FF07FFD134B83F89000F5
:10295000E1E71B496846FEF7F9FD04460028A2D1CD
:102960000246014630460FF06FFD0B4BA3F8920074
:10297000144B1C70CFE700BF1BD701008ABA0100BF
:102980008DBA010058C2010062B801008EBA010080
:1029900090BA0100241E0020AC1D0020C01D0020A4
:1029A000101E0020D41D0020E81D0020FC1D00206A
:1029B000FFFF7F7FD747022093BA0100CED70100E7
:1029C00097BA0100D647022070B504460D46164658
:1029D000064816F0FCF930B1324629462046BDE8DB
:1029E0007040FFF7F7B96FF0120070BD7C9F0100D7
:1029F00030B44FF08052284BD2F830010021082823
:102A0000C3F800152FD0244B002003214FF0FF34D2
:102A1000C3F808430246C3F8F0150146C3F8F805A9
:102A2000130103F1804303F5E0430132082AC3F8A0
:102A30001015C3F81415F3D1174BC3F80011D3F8D0
:102A40000021C3F80411D3F80421C3F80811D3F806
:102A50000821C3F80C11D3F80C21C3F8141130BCB1
:102A6000D3F814317047D2F83421012ACBD0D3F8EF
:102A70004046D3F84406D3F84826C3F8FC1F01218A
:102A8000D3F8FC5FC3F8FC1FC3F84046C3F8440604
:102A9000C3F84826B7E700BF00700040074B00228C
:102AA000C3F84021D3F84021D3F8402502F5007245
:102AB000C3F8402502480DF0CBBD00BF00A0014087
:102AC000AC0800202DE9F04F93B0BD4C0F93C0F33C
:102AD0000E00BC4B119204EB8002400903EB800313
:102AE0000993B94B06925B6810930E91002900F090
:102AF0006F814FF0000B4FF0FF3A043A0B460A92F9
:102B000010465D46DC465C46DE46D0465746564695
:102B100009994FEA5B1251F8222059460BF1200B1C
:102B20009B45D94628BF9946894531D90A99CDE9AF
:102B300001B001EB8909014651F8040F4FEAC21BAD
:102B40005FFA8BFB4BEA506BDA4528BFDA465D45EE
:102B500038BF5D46C0F30A0B5E4528BF5E46DE45C2
:102B600038BFDE46C0F3C22B5F45C0F38A3028BFB2
:102B70005F465C4538BF5C46804528BF804684453B
:102B800038BF844689454FEA5202D5D1DDE901B00C
:102B90009B4500F18000BBD3BEEB0602A4EB07040B
:102BA000ACEB0803A5EB0A05B1B2B8B21FFA88F97D
:102BB0001FFA8AFB039200F02481B2FA82FCCCF166
:102BC000200C5FFA8CF203929446002C00F0DE8019
:102BD000B4FA84F4039AC4F12004E4B2A218029275
:102BE000002B00F0D880B3FA83F3029AC3F12003DC
:102BF000DBB29A180492002D00F009810F9A5081DF
:102C000000206CF30700118164F30F20B5FA85F101
:102C100063F31740C1F12001049BA2F80C90C9B2E4
:102C200061F31F60CB18A2F80EB0106105930E9BE4
:102C3000002B00F0C380069B043B0A93049BDDF845
:102C400028B0DDF84490A3F12002C3F12003CDE9C0
:102C50000736002006920E9A014604468446430930
:102C6000099D55F82350034620309042864628BFE0
:102C700096469E4563D90A9B0B90CDE90CB203EBB7
:102C80008E0E5E46019706E009F104091946B64525
:102C90004FEA55054FD056F8042F0198089FC2F30C
:102CA000C22BABEB000B0398EB010BFA00FBDBB282
:102CB000C2F30A0043EA5263C01BC2F38A32029F86
:102CC000A2EB0802BA404BEA00001043069A049FA8
:102CD000A3EB0A0303FA02FB079A23FA02F2BB40B2
:102CE00003434BEA0202A1F1200003FA00F08A40FC
:102CF0000243C1F1200023FA00F08B401C43059BE6
:102D00000243194442EA0C021F29A1F12003944610
:102D1000BDD91F2BC9F80040A1F1400114464FF066
:102D2000000CB1D9B645C9F80420644609F1080978
:102D30004FEA5505AFD1DDE90CB20B98019F9042E7
:102D40000BF1800B8BD3002952D0119B49F8044B17
:102D5000A9EB0309C9F38F030F9A1B4993821B4BFD
:102D60004A68109819690E9C121A89181961D3E9DA
:102D7000061021449961596941F10001824238BF2E
:102D800002465961DA6113B0BDE8F08F039A0292EE
:102D9000002B7FF428AF002D4AD1029B04930F9A99
:102DA000118100216CF3070164F30F215081A2F817
:102DB0000C90A2F80EB01161029AFAB90023CBE789
:102DC000D42E0020D41E0020001000E0F8090020BE
:102DD0000E9A049213469046924603921646174660
:102DE0000292144611461046914693469446D6E701
:102DF000119BA9EB0303C3F38F03ADE70592029385
:102E000015E7DDF80CC0002C7FF4E2AEBEE76CF3F2
:102E100007050F9A64F30F2563F31745049B11818F
:102E20005081A2F80C90A2F80EB01561059305E749
:102E3000029A0492E2E600BF684620F007018D4640
:102E40002DE9F14F754B7648764D012282B05A64D8
:102E5000D3F84485D3F84035734AA8EB0303B3F5A0
:102E6000C07F34BF1C091724D2F8482550F824101D
:102E7000013140F8241029686C488B4288BF2B60D0
:102E80006B4B19688A4238BF1A606A4B19688A42CC
:102E900088BF1A60684B01225A64684AD3F84435E7
:102EA00011681360026801320260654A0020C2F8AE
:102EB00004015B1AD2F8042100F09C80614ADFF81B
:102EC000A091108851880FFA80FB4FF0A040012B91
:102ED000D0F81055D9F8006009B200F088805A4F38
:102EE0003C68581E04443C60584C2768BB4288BF6D
:102EF0002360B0F5004F00F28A80A3F1020C304647
:102F0000CDE900818444524F524C0CF101064FF43C
:102F100040524FF0010AC0F34918034654F82810F4
:102F200003F01F0E0AFA0EFE21EA0E0E44F828E006
:102F3000C3F30E0E634547F82E2000F10100EAD1DD
:102F4000DDE900812B0E03F00C0305F003001843AC
:102F50000091FEF76FFE07280099C5F3872506D17B
:102F6000DFF800C1DCF800300133CCF80030BBF1F1
:102F7000000F4ADD4FEA9B0240F2FF739A4228BFDE
:102F80001A4600294FEAC0233DDD890840F2FF7050
:102F9000814228BF01468903C6F3491C43EA4563C1
:102FA0001343012054F82C200B43ED0906F01F01B8
:102FB0008D4000FA01F122EA01022A4344F82C2054
:102FC000C6F30E02064447F82230144BC9F80060DD
:102FD000214A9864D3F848351168A3EB08038B4263
:102FE00088BF136002B0BDE8F14F85467047184FA7
:102FF000184CA7E7194A13680133136002B0BDE803
:10300000F14F854670470021C6E70022B9E7A6F5D3
:103010000046304447F6FF7C72E700BF00B0014035
:10302000481E0020A81E002000A00040C81E00204E
:10303000441E0020401E002000A00140AC1E0020C5
:1030400000700040BC1E0020B81E0020B41E0020EE
:10305000D42E0020D41E0020B01E0020C41E00204C
:10306000D01E0020C01E0020F0B5044683B000230F
:103070000F461646ADF80630FFF7BAFC6268454BBE
:10308000454D43EA0223C5F818352178C5F81015D7
:103090000622C5F8142501236A44C5F8F475C5F85D
:1030A0002C26C5F83036C5F800352B60D5F8003130
:1030B0004FF47A744BBB012015F064FED5F8003153
:1030C0001BBB013CF7D1344B01229A60D3F8142189
:1030D0006FF07307002A53D12F4D4FF47A740120FB
:1030E00015F050FED5F81431002B3DD1013CF6D13E
:1030F000294B0022C3F80025002F48D1BDF8063027
:103100001BB20020336003B0F0BD234D0023C5F88F
:1031100000310123D5F800216B60D5F8043147F266
:10312000305473B9012015F02DFED5F8043143B9A0
:10313000013CC8D0012015F025FED5F80431002B44
:10314000F6D0154B0022C3F804210121D3F8040165
:103150009960D3F81471002FBED0C3F81421D3F8AE
:103160001411C3F80025C9E70023C5F81431D5F8B8
:103170001431094B0022C3F80025002FBED006E011
:103180000022C3F81421D3F81411C3F800256FF0FE
:103190007300B8E7000015010070004038B55F49C2
:1031A0005F4BD1F8FC205F4D002442F08072C1F8E3
:1031B000FC205C6019680122114319600720214638
:1031C00007F036FB224601211A2007F031FBFFF7FA
:1031D0000FFC554A554B127843EA0242C5F81825B0
:1031E00006210820524AC5F81005C5F814151278B2
:1031F000052043EA02430122C5F82835C5F8200519
:10320000C5F82415C5F8F445C5F80025C5F81041E2
:10321000D5F81031EA60D5F8103142F21074002B65
:1032200070D1012015F0AEFDD5F81031002B69D119
:10323000013CF6D13F48036813F0060F69D13E4BBD
:10324000384C3E4D01210020C4F800055960D9607A
:10325000D3F8042522F00302C3F80425D3F8082587
:1032600042F00302C3F80825A022C3F81005C3F8F2
:1032700040257022C3F84425D3F800220A43C3F83E
:10328000002203F5A8332E4AC3F81025A2F54552B3
:10329000C3F814252B4AC3F81855C3F81C455160D0
:1032A000D160D2F8044524F003040C43C2F804456D
:1032B000D2F8084544F00304C2F808450832C3F8C0
:1032C0002055C3F82425C2F8FC1F02F6F872D1601D
:1032D000D2F8041521F00301C2F80415D2F808153C
:1032E00041F00301C2F80815C2F81005A2F58732B3
:1032F0001549C3F82855A2F5DC72C3F82C15C3F89C
:103300001C2938BD074B0022C3F81021D3F8103117
:1033100095E70E4A022111F032FB90E700ED00E044
:10332000001000E000700040CF05002000031000F6
:10333000CE0500203007002000A0004004710040AE
:1033400044A1004000A0014040B0014084A9010018
:103350002DE9F047DFF8248268484FF0FF334FF043
:10336000FF320DF07DF898F80030002B40F0BB8064
:1033700003F0FF04FFF73CFB614A624B1278624D99
:10338000624943EA0242C5F818254FF008090622AF
:10339000C5F81095C5F81425097843EA0143C5F826
:1033A000283505215A4BC5F820154FF0020A012691
:1033B000C5F82425C5F8F445C5F82C36C5F830A65F
:1033C000C5F800654FF0FF324FF0FF3351480DF064
:1033D00047F8514B1C60514B1C60514B1C70514BBA
:1033E0001C70514B1C704B480DF0ACF84F4B504AC1
:1033F0001C60504B50481C60504B1C60504B1C6074
:10340000504B1C60504B1C60504B1C60504B4FF09D
:10341000FF311C604F4B1160602221461C6016F08A
:1034200001FA4D484D4F0DF06DF94D4BDE601E60B9
:1034300003F580434FF40072C3F80495FE60C7F8AB
:103440004025C7F84041D7F84021464B4FF4803221
:10345000C7F804234FF08062C3F880211A2007F0D8
:10346000B7F9404B3E608022C5F804A30720C3F89B
:10347000802107F0ADF92E60D5F800314FF47A7451
:10348000C3B9012015F07EFCD5F8003193B9013C99
:10349000F7D1354803685B072BD1072007F0A6F961
:1034A000194B0022C3F8002514480DF04BF86FF0BB
:1034B00073001CE0144A2D492D480023C2F8003146
:1034C000D2F80021012302220424C1F80445C1F8E6
:1034D0000425C1F80435274A0168C2F84015D360B5
:1034E000136088F8003005480DF02CF80020BDE886
:1034F000F087214A012111F042FACEE7A807002007
:10350000CF0500200003100000700040CE05002011
:10351000BC1E00200C080020D01E0020CC1E002065
:10352000D9470220D1050020D0050020C81E002068
:10353000441E0020C41E0020481E0020C01E002083
:10354000B81E0020B41E0020B01E0020AC1E0020BB
:10355000A81E0020401E0020AC08002000A0014052
:1035600000B0014000E100E03007002000F0014021
:103570006001002000A00040A4A90100D84702205B
:1035800070B52B4E2B484FF0FF334FF0FF320CF04D
:1035900067FF3378002B3ED0274B284D284A012463
:1035A0005C600223C2F808450720C2F80835C5F858
:1035B000083307F01BF90023C5F81431D5F814318E
:1035C000AC60D5F814314FF47A744BBB012015F080
:1035D000D9FBD5F814311BBB013CF7D1174A184B66
:1035E000184D0024C2F800450422C3F8082508221B
:1035F000C3F808254FF48033C5F808331A2007F0C4
:10360000F5F81149114A01236B604B601370347057
:103610000F480DF01DF80748BDE870400CF092BF50
:10362000064B0022C3F81421D3F81431D6E700BFAB
:10363000D8470220A807002000A0004000700040EA
:1036400000F0014000A0014000B00140D005002082
:10365000AC080020014B1878704700BFD847022003
:1036600002460B4601480DF027B800BFAC08002009
:103670000B4A0C4B0C49127809681B6802F0FF00DA
:103680005B1A0AB133B17047B3F5007F34BF002035
:1036900001207047054B187880F00100704700BF8B
:1036A000D0050020D01E0020CC1E0020D105002017
:1036B000444B1B78012838BF0120002B7FD12DE916
:1036C000F04F17468FB0404A06AD894602F1040E0E
:1036D0002C4602A94FF0010C4FF0FF3680EA403330
:1036E00083EA534383EA431312F8018B83EA43309E
:1036F00080EA504008F1010A80EA401006FA08F812
:1037000020EA080844F8048BB3FBFAF80AFB1833E4
:103710000CFA03F3013B964541F8043BDED12B4CF8
:103720002B4B0197002105F11002CB460DF1280A21
:103730000DF10809AE4680EA40305EF804CB59F836
:10374000048B80EA504080EA40108CEA000707EAC8
:10375000080787EA0C0772454AF8047BEBD1DDE9DC
:103760000C674FEA86380B9E48EAC6280A9E4FEA45
:10377000511E01F01F0948EA06084FEAD71C01262E
:103780000CFA09FC06FA09F953F82E6048EA476872
:1037900044F8048F013126EA090848EA0C07B1F51C
:1037A000007F43F82E70C1D1019F5A46B9803B4635
:1037B0000020FFF787F900200FB0BDE8F08F6FF011
:1037C0000F007047D847022058AB0100D02E0020D0
:1037D000D41E00202DE9F84F80460E464FF0FF33EF
:1037E0003E48DFF80CB1DFF80CA14FF0FF320CF0CF
:1037F00037FE3B4BDAF800401F78DBF80090A9EB6E
:103800000405B5F5F84FFFB214D93649A9F5F443CC
:103810004A68013B6FF30803121B1A444A608A6826
:10382000CAF8003001328A602F4A01211170A9EBD9
:1038300003051C46B5F5007F2AD34FF400753346C7
:10384000424629462046FFF73DF9DBF800301B1BB6
:10385000B3F5004F29D8244B34601978B5802C4437
:103860000022CAF80040B1711A7057B91D4AF771A9
:1038700013682B44136019480CF064FE0120BDE866
:10388000F88F4C4503BF194B01221A701746EDE71C
:103890002FB1002DD3D1154B1B78002BCFD00F4863
:1038A0000CF050FE0020BDE8F88FDBF800301A1B4A
:1038B000B2F5F84FF3D90B49A3F5F4434A68886889
:1038C000013B6FF308031A44121B4A600130064A99
:1038D00088600121CAF800301170E0E70C08002070
:1038E000D0050020F8090020D9470220D10500208A
:1038F000D01E0020CC1E002008B54FF0FF324FF044
:10390000FF330F480CF0ACFD0E4A0F4B12781868CD
:1039100072B90E4A12686FF308020D491A604B68BB
:103920001B1A13444B600648BDE808400CF00ABE61
:10393000064A084912684FF0010C81F800C0ECE714
:103940000C080020D0050020CC1E0020D01E002036
:10395000F8090020D1050020074B1B7803F0FF0079
:1039600033B1064B064A1B6812689A4201D0002008
:103970007047044B18787047D0050020D01E0020F7
:10398000CC1E0020D105002038B51749A8220446D6
:1039900015F021FF154A164B1568E56001201864E3
:1039A000D3F8403513496362134A144B0868126810
:1039B0001B6823631249134B09681B68C4E90A0298
:1039C0001148124A00681268C4E90D13104B1149DE
:1039D0001B686364C4E90F0204F148006022BDE87B
:1039E000384015F0F8BE00BFF8090020C01E0020C6
:1039F00000A00140C81E0020C41E0020B81E0020E8
:103A0000B41E0020B01E0020A81E0020441E00206E
:103A1000401E0020481E00202DE9F843A2F1A0041A
:103A20001F4643F6E0539C4261D8DFF8D480054638
:103A30008946C8F80020FFF78BFC0646002859D1BC
:103A40004FF47A7303FB05F5B9F1000F36D015F08A
:103A5000DDFD4B014401241A43EAD06363EB01030B
:103A60009B0043EA9473A400241841EB0301CB00AC
:103A700043EA5473C4F3103444EA434400E000BF03
:103A800015F0C4FD4B014FEA401CBCEB000C43EAAF
:103A9000D06363EB01039B004FEA8C02121843EAE8
:103AA0009C7341EB0301C90041EA5271C2F3103229
:103AB00042EA4142121BAA42E1D30DE031464FF4E3
:103AC000004340F2E730E5FB03014FF47A72002334
:103AD000FDF722FD15F0BAFCFFF752FDA023384692
:103AE000C8F80030FFF750FF3046BDE8F8836FF0AC
:103AF0001506F9E7A023C8F800306FF07306F3E766
:103B000060010020072898BF034A03469ABF13703C
:103B100000206FF015007047CF050020014B18788A
:103B2000704700BFCF050020072898BF034A03460F
:103B30009ABF137000206FF015007047CE0500206B
:103B4000014B1878704700BFCE050020024B187853
:103B500080F00100704700BFD84702200248A82229
:103B6000002115F05FBE00BFF8090020024A136A69
:103B700001331362704700BFF80900202DE9F04FB0
:103B8000062883B03CD88846002939D08146924621
:103B90004FF0FF331F484FF0FF320CF061FC1E4B1B
:103BA0001B7803F0FF0B73BB1C4B5C4603EB09193E
:103BB0005F4601AA00214846FFF756FA0BF1010BB8
:103BC0000646A0B9019D2C1947EBE577D845F0D101
:103BD00010480CF0B7FC4246334620463946FDF704
:103BE0004BFCCAF80000304603B0BDE8F08F09482E
:103BF0000CF0A8FC6FF07306304603B0BDE8F08F00
:103C00006FF01506EFE703480CF09CFC6FF00F0611
:103C1000E9E700BFA8070020D84702205CAB0100FD
:103C2000024A034B02600B60704700BF0000E14492
:103C30000000A04070B5062882B02DD805460E467B
:103C40004FF0FF331A484FF0FF320CF009FC194BCC
:103C50001B7823BB184C04EB051401AA082120464D
:103C6000FFF702FA054612480CF06CFCEDB9DDEDE9
:103C7000017A94ED027ADFED116AF8EEE77A67EEE9
:103C8000877A94ED037A67EEA67A67EE877AC6EDB7
:103C9000007A284602B070BD6FF01505F9E70448B8
:103CA0000CF050FC6FF00F05F3E76FF07305F0E7D1
:103CB000A8070020D84702205CAB010000000039B3
:103CC00002460B4601480CF0CBBB00BFE4070020C6
:103CD00001480CF037BC00BFE407002030B52DEDE3
:103CE000028B9FED168A83B004468DED018A002574
:103CF000F1EE088A607801A9FFF79CFF002810DB2D
:103D0000DDED017A8DB137EEC88AB0EEC88AB4EE27
:103D1000E88AF1EE10FA08D8019B6360012323734F
:103D2000002003B0BDEC028B30BD20690135B0EE40
:103D3000678A0FF048FE0C2DDCD1EDE70000000093
:103D4000F8B52DED068B0446F0EE408AB0EE608AA1
:103D5000FFF7C4FF054600286AD1DFED49AA1826FF
:103D6000B2EE00AA94ED019A78EEC97AB0EEE77A45
:103D7000B4EECA7AF1EE10FA5AD9B5EEC08AF1EE75
:103D800010FA59DD38EE6A7AB4EEC79AF1EE10FAFD
:103D900052DDF5EEC07AF1EE10FA4DD56FF01F014D
:103DA00067883944002961DDFF2961DC89B28F42CF
:103DB00061D020460FF0D4FD00285FDB20690FF0B2
:103DC00002FE2046FFF78AFF002857D16388DB1BDD
:103DD0002AD0D4ED016AF0EE007A76EEC96AB0EE30
:103DE000E67AB4EEE77AF1EE10FA1DDD07EE903ACE
:103DF000B8EEE77AC6EE877AF0EEE76AB6EE007ABA
:103E0000F4EEC76AF1EE10FA0EDB9FED1E6AF4EED7
:103E1000C66AF1EE10FA9FBFD4ED026A67EE877AA8
:103E200046EE877AC4ED027A013E9BD16FF07305AE
:103E3000BDEC068B2846F8BD94ED027AC7EE879A52
:103E4000B0EE690A0FF0C4FC10F11F0F0146A5DBAC
:103E500018B12028A8BF2021A2E7F5EEC09AF1EE04
:103E600010FACCBF01214FF0FF3199E700219EE706
:103E70004FF480719BE76FF02105D9E70546D7E73E
:103E80000000A042000048432DE9F0472DED028BD1
:103E9000DFF89091B9F8003007EE903AB3F5FA6F79
:103EA000F8EE678A00AF1ED941F2873293421DD8DF
:103EB00003F5FA7307EE903AB8EEE78A524EC0B9AE
:103EC0000123B0EE480A514833700FF052FD5048BC
:103ED000B0EE680A0FF04DFD04462046BD46BDEC2D
:103EE000028BBDE8F0879FED4B8AE7E79FED4A8A9A
:103EF000E4E7474D2B7B002B6BD0D5ED017AF4EE38
:103F0000E87AF1EE10FA4CBF012400240120FDF7FD
:103F100061FEDFF814A1012180460846FDF7E6FDA9
:103F20009AF800302BB90220FDF766FE02200FF050
:103F30004AFD002C4FD0DFED390A3448B0EE480A74
:103F4000FFF7FEFE044610B110F1220F08D12F4BEF
:103F50002F48D3ED010AB0EE680AFFF7F1FE0446E0
:103F60009AF800301BB94FF0FF30FDF745FE44B919
:103F7000264B2748D3ED010AB0EE680AFFF7E0FEB2
:103F8000044641460120FDF7B1FD002314F1220F44
:103F90003370A2D12248026812F0060F9DD0D5EDF1
:103FA000017A6988B9F800606D468AB0FDEEE77A5B
:103FB0006A46DFF878C008910521CDE905C6CDED48
:103FC000077A42F8101F4FF4225103F087F9AD46EB
:103FD00083E701249AE70D4B1A7B8AB1D3ED010ADE
:103FE0000B48B0EE680AFFF7ABFE044610B110F1C3
:103FF000220FB5D1DFED090A0448B0EE480AACE75C
:10400000DFED060AECE700BFDA470220640100207A
:104010007801002000401C4500E0AB450000000096
:1040200020070020CC050020DB4702209ABA0100BF
:1040300008B500210220FDF759FD01210320FDF7FD
:1040400055FD0C4841880FF08BFC0B4841880FF060
:1040500087FC14200FF0B7FC01210846FDF746FD50
:10406000FFF7F8FA80F00100BDE80840C0B2FFF7A2
:104070000BBF00BF640100207801002038B5FEF7B7
:1040800045F90546FDF706FE041E35DBB5F88C3014
:1040900041F28832934228BF1346B3F5487F1B4A4A
:1040A00038BF4FF448734FF0FF304FF0FF311380AB
:1040B000FFF706FEFEF734F900BBB5F89210144B7B
:1040C000032019800024FDF7FDFD124B21462046F8
:1040D0001C70FDF70BFD4FF4404200230E480CF01E
:1040E000BBFC95F890200D4B022A09D11A70FFF7FE
:1040F0009FFF0446FFF7ECFD204638BD1821DEE7A0
:1041000001221A700FF072FCF4E700BFCC0500200A
:10411000CC470220DB47022030000020D2050020DF
:1041200038B5431E012B044620D8124D4FF0FF3006
:104130004FF0FF31FFF7C4FD2B78A34214D0022CBF
:104140002C700DD1FFF774FF0446FEF7DFF82B78D3
:1041500080F89030FEF740F9FFF7BAFD204638BDF1
:104160000FF044FC0024F0E70024F5E76FF015049D
:10417000F4E700BFD205002038B541F288339842F9
:1041800028BF184604464FF0FF314FF0FF30FFF7CD
:1041900097FD104B104D1B78B4F5487F38BF4FF496
:1041A0004874022B2C8012D1FFF754FA80F00100E2
:1041B000C0B2FFF769FE0446FEF7A8F82B88A0F806
:1041C0008C30FEF709F9FFF783FD204638BD002447
:1041D000F2E700BFD2050020CC050020014B187883
:1041E000704700BFD2050020014B1888704700BF00
:1041F000CC050020014B1878704700BFDB47022038
:1042000008B54FF0FF304FF0FF31FFF759FD074B76
:104210001B7833B1064B1B78022B02D10120FFF72C
:1042200033FEBDE80840FFF753BD00BFDA47022068
:10423000D205002010B5014604460320FDF742FDDB
:1042400008B9014B1C8010BDCC4702202DE9F04776
:104250002DED028BDFF81091DFED428AB9F80050A6
:1042600082B080460E462827B1EE008A6A46302189
:104270000020FFF783FC00286CDB009BA8EB030AFF
:104280000AF10203042B6AD907EE90AAB8EEE70AF6
:1042900080EE080A0FF09CFA10F10F0F04464EDB77
:1042A00048B11028A8BF10242C44002C07DC00249F
:1042B00008E02546DAE7BAF1000F43DD6C1CFF2C5D
:1042C00043DCA4B2AC4243D021460320FDF7FAFC04
:1042D00000283FDB03200FF076FB01AA30210020ED
:1042E000FFF74CFC002835DBDDE900239B1A83EA4D
:1042F000E372A2EBE372012A1ADD651B07EE903A26
:1043000007EE105AF8EEE77AB8EEC77AC7EE876A7A
:10431000F0EEE67AB5EE007AF4EEC77AF1EE10FA36
:1043200006DBF4EE687AF1EE10FA98BFB0EE668A1A
:10433000013FBED1A9F80040348000200AE06FF0B0
:104340000F04B1E74FF0FF34AEE74FF48074B9E7E4
:104350006FF0210002B0BDEC028BBDE8F0872C4667
:10436000E8E700BF0000C843CC470220F0B583B0A7
:1043700000AF0446FDF7CEFF38B3FDF7C7FF90ED61
:104380000A0A0FF025FAB91DFFF760FF0346C8B906
:104390000F48026802F00702022A13D96D468AB05C
:1043A000F9886A460B4E07914FF40071ADF8201062
:1043B0000949CDE9056442F8101F4FF4135102F08A
:1043C0008DFFAD460C37BD46F0BD6420DBE700BF76
:1043D00020070020CDBA01000400000110B50446FA
:1043E000FFF738F938B9044B1B7823B92046BDE8EC
:1043F0001040FFF7BBBF10BDDB4702200148FFF7AD
:10440000EDBF00BF08CA010038B54FF0FF310446C8
:104410004FF0FF30FFF754FC0A4D44B12B7833B90D
:10442000094B1B78022B02D10848FFF7D7FF214622
:1044300000202C70FDF75AFB0446FFF749FC20468C
:1044400038BD00BFDB470220D2050020F1BA0100D1
:1044500038B505460C464FF0FF304FF0FF31FFF7FF
:104460002FFC1E4B1B782B701D4B1B886B801D4B2C
:104470001B782B711C4B1B786B711C4B1B88EB80C2
:104480001B4B5B882B811B4B5B886B81FDF7F6FB1D
:10449000194B2877AB616B612B61EB60D4B105F1EF
:1044A0000C010220FFF7C6FB044698B905F1100184
:1044B0000320FFF7BFFB044660B905F11401042097
:1044C000FFF7B8FB044628B905F118010520FFF7EE
:1044D000B1FB0446FFF7FCFB204638BDD2050020A7
:1044E000CC050020DB470220DA470220CC4702201F
:1044F00078010020640100200000C07F08B54B78DF
:104500001BB900F033FA002008BD06F02FFB024B68
:104510006FF085021A50F6E70C00000008B513464C
:104520004A78212A0BD1CA880169072A28BF0722A5
:10453000083103F10C0011F0D1FD002008BD06F098
:1045400015FB024B6FF085021A50F6E70C000000D5
:1045500030B54B78072B87B00C46154608D0082B92
:1045600015D006F003FB0D4B6FF085021A500BE0DF
:10457000684600F0DDF9E288182A28BF182269464B
:1045800005F10C0011F0AAFD002007B030BDCA886B
:104590000349132A28BF1322F2E700BF0C000000D2
:1045A00081E70100F8B507690B7E16463A680C46AC
:1045B00092F83D109942054616D136B9218A21B1AB
:1045C000104B1B680BB1E0689847204606F0CEFF01
:1045D000012107F114000FF039FA713602D0284694
:1045E0000FF044FA0020F8BD92F836209A42204697
:1045F00005D106F0BBFF04480CF02AF8F2E706F0FC
:10460000B5FFEFE7D82E0220EC080020024B18601F
:10461000024B1960704700BFD82E0220D42E022012
:10462000064BBFF35B8F1868BFF35B8F10F0010080
:104630001CBF33F8040C00F001007047D4010020C7
:1046400010B5044B1A6822B1FFF7EAFFBDE810402D
:10465000104710BDD42E022038B50369BFF35B8F1D
:10466000044603F1140050E8003F43F0010340E822
:104670000032002AF7D1BFF35B8F01210FF0E6F97A
:1046800007480CF03FF8042505480BF0E1FF013D19
:10469000FAD120460FF0EAF9BDE83840FFF7D0BF65
:1046A000EC08002008B503694878202808D02228A3
:1046B00012D006F05BFA0B4B6FF085021A5009E03E
:1046C000C988072906D1D2681168996091889981B3
:1046D00092799A73002008BD4A881A82FFF7B0FFCA
:1046E000F8E700BF0C000000F8B51449064691F841
:1046F00036701349BFF35B8F0C68BFF35B8F14F008
:10470000010414D00F480BF0D7FF054690B90E48AE
:104710003246394612F093FB044620B909480BF0A3
:1047200097FF6FF00B05069B1D602046F8BD6FF0EC
:104730007F05F8E76FF00A050024F4E7E1050020A3
:10474000D4010020EC080020AC01002008B506F0E0
:104750000DFF0248BDE808400BF07ABFEC080020CE
:1047600038B5038A427E03F03F03B3FA83F35B0953
:1047700063F3C302427601460446054812F063FB28
:10478000054610B12046FFF7E1FF284638BD00BFBF
:10479000AC010020094BBFF35B8F1B68BFF35B8F3D
:1047A000DB0709D5064B9B68032B05D8054B06484C
:1047B00093F8361012F062BB704700BFD40100209E
:1047C000EC080020E10500203409002037B54FF047
:1047D00080520D21D2F8A830D2F8A42000929BB2CA
:1047E000424A4348434D43F440430DF001FC4048E6
:1047F000FCF7BEFE0130400028753F493F4811F0EC
:10480000B1FD044688B93E493C4811F0ABFD044671
:1048100058B93C49394811F0A5FD044628B9374834
:10482000294611F09FFD044638B1374803685B07FD
:104830004CD0364A2346012146E00146344A2F48EF
:1048400012F077F8044630B12F4803685D073DD079
:10485000304A2346EFE702462F492848012312F049
:1048600042F9044678B902462C492448012312F043
:104870003AF9044638B9024629492048012312F082
:1048800032F9044630B12048036859071ED0254A42
:104890002346D0E70123EF22014600931748022365
:1048A00011F06AFC4FF48171144811F04FFC134869
:1048B00011F08BFC044660B1134B1B685A0705D0FE
:1048C000194A03461048012110F062F8204603B04F
:1048D00030BD0A4811F0A9FC04460028F6D00A4869
:1048E00003685B07F2D0114A2346A4E705BB010029
:1048F000DC47022018020020780200203409002042
:1049000060020020480200204C0700200EBB01007E
:104910000402002025BB010037BB01003FBB0100A2
:1049200048BB010052BB010069BB010077BB01001D
:104930000C4B036001220C4B027202224360827214
:10494000002310224372C372037343738373C373D0
:10495000037443748274C374037542758375C3759D
:10496000704700BF0010000024E2010010B50948A4
:10497000036803F00703022B03D9074A03210FF052
:10498000FEFFBDE81040054840F6CD4200230CF084
:1049900063B800BFE006002098BB01006000002063
:1049A00000B583B000224FF4FF73CDF80320ADF8BB
:1049B00000308DF80200002200236946024814F0FE
:1049C000FFFA03B05DF804FB5C080020002944D026
:1049D00001392DE9F041214E214CDFF89880451E28
:1049E00047181BE0302B2DD818F90310002929DBBC
:1049F0004FF001012370627031700DD100233370CC
:104A0000184800220023214614F0DAFA20B1164893
:104A1000036813F0060F1AD1BD4211D0327815F891
:104A2000013F002ADED0617820784A1C18F9000086
:104A3000D2B22144824262708B70DFDABD42EDD186
:104A4000BDE8F081094A536801335360E4E72378F5
:104A5000074A02210FF09CFFDEE77047E94702207A
:104A6000DC3A02205C08002028070020E43A0220FB
:104A7000C4A901003CAC010010B519480BF042FE7E
:104A8000FEF77EFD16484FF4804200230BF014FE23
:104A900058B9144C144B00221A70FFF7B1FB23686D
:104AA00003F00703022B0CD810BD104A0D4C1369FC
:104AB0002168013311F0060F136109D1FEF71CFFC5
:104AC000E8E70B4A0748BDE8104003210FF057BF45
:104AD000084A022120460FF052FFFEF70DFFD9E7EA
:104AE000CC08002028070020EE470220E43A0220EC
:104AF00004AA0100E8A90100F0B5C568B2F814E005
:104B0000E97044F24A332B800123AB7013686B6069
:104B100093882B81214B224C1B78AB720023EB72C4
:104B20001389AB819389EB8153892B74D3896B747F
:104B3000917C137C43EA0113AB74D17C537C43EA30
:104B40000113EB74C6684FEA8E0106F11407B446F0
:104B50004FF0FF331CF8012B5A40D2B2BC4554F839
:104B6000222082EA1323F5D106F1180C69B10EF167
:104B7000060E06EB8E0E1CF8012B5A40D2B2F445FD
:104B800054F8222082EA1323F5D1DB436B61BDE8A0
:104B9000F04018310C3011F09BBA00BFED470220F5
:104BA000DC3602202DE9F04F994C9A4FDFF87892CD
:104BB000994EDFF87882DFF878A28DB005AD40F627
:104BC000CD400021FEF74CFD2378002B00F08680BD
:104BD00001233B70002307930B93CDE90833069321
:104BE00022784FF404734FF40071ADF82C308B4BE6
:104BF000ADF81C100A9302BBCFE0069818310130C3
:104C000006AAFEF755FD0028C0F2FA80584606AA0B
:104C10000821FFF771FF5846FFF7A2FD10B9B369ED
:104C20000133B3617E480BF08DFC069B03F50073E6
:104C300006932378002B00F0B08014F0E7FC4A01C3
:104C400043011B1A42EAD06262EB0102920042EA7F
:104C500093729B00181841EB0201C900D8E90023A8
:104C600041EA5071C0F3103040EA414090424FEAAF
:104C7000D131994180F291804FF0FF324FF0FF33F4
:104C800067480BF0EDFB40F6CD42002340F658009C
:104C90000095FFF729FD8346002877D099F800207A
:104CA000C16802F0FF03002AA7D1BDF82C201431FF
:104CB000002AABD0069A1A4441F8042FBDF82C20E4
:104CC00001339342F6D3A1E75846FFF73FFD54481E
:104CD0000BF038FCFEF7CCFC002849D04FF0FF3336
:104CE0004F484FF0FF320BF0BBFB9AF80030002B1F
:104CF0003BD0FEF7BDFC002837D0009540F6CD42F2
:104D0000002340F65800FFF7EFFC8346002867D0E9
:104D1000C06806A91830FEF75DFD0028D4D09DF8C4
:104D20001F309DF81E205B0043EA8203DBB2039331
:104D3000FCF7A4FF039B40EA030106AA5846C9B248
:104D4000FFF7DAFE5846BBF810B0FFF709FD002860
:104D500050D0B3680133B36031480BF0F3FBBDE7CB
:104D6000B3680133B360FEF7C7FD2D480BF0EAFBD3
:104D70009AF80030002B3FF422AFFEF7EDFD00283B
:104D80003FF41DAF27480BF063FC18E724480BF0F5
:104D9000D9FB059B0B333FF44CAF4FF0FF324FF084
:104DA000FF331F480BF05CFB4FF4804200231820B8
:104DB0000095FFF799FC834658B1002306AA0A2103
:104DC000ADF81C30ADF82C30FFF796FE5846FFF7D3
:104DD000C7FC13480BF0B6FB002323703B70EEE6D4
:104DE000059B0B33BCD1F3680133F3600C480BF027
:104DF000A9FB73E7FEF7BAFE73695B447361ABE727
:104E00005846FFF7A3FC06480BF09CFBC5E700BF24
:104E1000EC470220EA470220E43A02200B030B0889
:104E200048080020CC080020EB470220A00C0020FE
:104E3000EE4702202DE9F0472DED028BB84EB94F19
:104E4000DFEDB98A82B0B9484FF0FF324FF0FF333F
:104E500069460BF0A1FA0028F5D132689DF80030C0
:104E60000132302B326000F20781052BEBD9063B73
:104E70002A2BE8D801A252F823F000BFCB4F000044
:104E8000BD4F0000474E0000474E0000474E000057
:104E9000474E0000AD4F00009F4F0000474E0000FE
:104EA000474E0000474E0000954F0000474E00005F
:104EB000474E0000474E0000474E0000474E00009E
:104EC000474E0000474E00002D500000474E0000A6
:104ED000474E0000474E0000474E0000474E00007E
:104EE000474E000049520000474E0000474E000068
:104EF000474E0000474E0000534F0000474E000051
:104F0000474E0000474E0000474E0000474E00004D
:104F1000474E0000474E0000474E0000474E00003D
:104F2000474E0000294F00009DF8028018F07F09CD
:104F300000F058813B78002B00F00E817C4803681C
:104F400013F0060F3FF47FAF7A4A02210FF017FDEE
:104F500079E79DF80280B8F1040F00F2B580DDF822
:104F6000033008EE103AF0EEC87AF4EE687AF1EE0B
:104F700010FA00F2A980B5EEC08AF1EE10FA40F204
:104F8000A380FDF7C3F900EB880080ED1E8AFDF7D2
:104F900023FA58E79DF80200FFF7C2F853E7BDF87F
:104FA000020040BA80B2FFF7E7F84CE79DF8020034
:104FB000003818BF0120FFF727FA44E73B78002BA1
:104FC0003FF441AFFFF758FD3DE73B7803F0FF02A8
:104FD000002B7FF438AF584BDFF878811A7098F8BF
:104FE00000303BB1A420002114F030FA98F80030D2
:104FF000002BF7D1514A13784FF001084344137046
:1050000087F80080FEF7A4F9DFF824C1DCF800304F
:1050100003F00702031EC0F2F880022A7FF613AFE6
:10502000474A604603210FF0AAFC0CE7424BDFF829
:10503000248100221A7098F800303BB1A42000218E
:1050400014F004FA98F80030002BF7D13B780BB13C
:10505000FFF712FD3B484FF40061FDF71BFA814654
:1050600000283DD1324803685B073FF4ECAE364A76
:1050700001210FF084FCE6E6FE2B7FF4E4AE9DF800
:105080000230002B7FF4DFAE2B4ADFF8C8801370AC
:1050900098F800303BB1A420002114F0D7F998F81B
:1050A0000030002BF7D13B78002B40F0B9804FF057
:1050B000FF324FF0FF3325480BF0D2F9FFF76AFBC0
:1050C00022480BF03FFABEE61948036813F0060FBA
:1050D0003FF4B9AE1E4A434602210FF059FCB2E636
:1050E0001A48DFF860A04FF0FF324FF0FF330BF0AB
:1050F000B7F9B9F5806FC84628BF4FF480684FF400
:1051000080420023414650460EF0EFFC002857D164
:10511000B9EB0809C244ECD10C480BF013FA92E643
:10512000E43A0220EE470220FFFF7F7F5C08002068
:105130002807002094AA0100EC470220ED47022036
:10514000ACAA0100DC2E02203CAA01004808002085
:105150007CAA0100EA47022014F058FAB9F13C0F8A
:105160004FEA41124FEA4013CE4642EAD06228BFCE
:105170004FF03C0E1B1A62EB0102920042EA93725E
:105180009B001B1841EB0202D20042EA5372C3F3A8
:10519000103343EA42434FF47A70D20BCEFB003215
:1051A0004FEAD81CDFF8D890DFF8D8802E491C468B
:1051B00015460123C9E9004588F800C00B7042E696
:1051C0002A49B3680A68013312F0060FB360A3D00E
:1051D000274A0346084602210FF0DAFB25480BF068
:1051E000B1F930E6204BDFF8A08083F8009098F802
:1051F0000030002B3FF427AEA420002114F026F944
:1052000098F80030002BF7D11DE600213970002AF4
:105210003FF419AE184A414660460FF0B9FB12E65A
:1052200000233B70FEF7ACF9FEF766FBFEF7E8FFE4
:105230000E48036803F00703022B7FF638AF0F4ACE
:1052400003210FF09CFB32E73B7853B90020FFF7B6
:10525000DBF840F6CD40002114F0F8F8012001F011
:1052600017FAFFF709FCF1E7EC47022028070020B6
:1052700060AA01004808002020AA01000CAA010031
:10528000A00C0020EB470220EA47022038B50D4B66
:105290000D4D03F5806000221146082441F3000CF7
:1052A0000CEA050C013C8CEA5101F7D143F8041FCC
:1052B000834202F10102EFD104490548FFF7A6F944
:1052C000204638BDD83602202083B8EDA149000021
:1052D000CD490000014B1878704700BFEE4702200F
:1052E00010B4064C84460FCCACE80F0094E80700DD
:1052F0008CE807005DF8044B704700BFE43A0220D9
:1053000030B403460A460D4881688C687CB90C6845
:105310000CB14D681DB930BC70472B4605E0642ABE
:10532000F9D81946002AF8D0234630BC1847642A19
:10533000F1D81946234630BC184700BF9C9F010096
:10534000F8B5234C237833B300256426FEF752FFCB
:1053500000280CBF00271927FFF7BCFF044600B345
:10536000B5FBF6F306FB1353312B88BFC3F164037F
:10537000372202FB03F13223B1FBF3F10531C9B24D
:10538000002238460EF0D2FB0135002140F21F50BA
:1053900014F05CF8DAE7002140F21F5014F056F8E0
:1053A000D0E7FFF73DF980B9B5FBF6F306FB1353E1
:1053B000312B88BFC3F1640317225A433223B2FB57
:1053C000F3F20232D2B20021DBE71E222146D8E7F7
:1053D000EF47022008B50C4813F0F9FC50B90B4810
:1053E00003685B0703D00A4A01210FF0C8FA6FF087
:1053F000120008BD1422104611460EF097FB054B13
:1054000001221A700020F4E79C9F0100F80600209A
:10541000B2BB0100EF47022008B503490FF060FD61
:10542000FFF7A4FA002008BDCEBB0100F7B5D1E913
:1054300010239A4205460C4604D870210091164963
:105440000FF04EFDE36B154F03F00F0264214A434A
:10545000120900921B09124A082128460FF025FD67
:105460004434002654F8043F5BB10E4A172E08BF9F
:105470003A46CDE9002308210B4A334628460FF06F
:1054800014FD0136182EEDD1084A0821284603B034
:10549000BDE8F0400FF009BDEFBB0100EDBB01001E
:1054A00024BC01002ECB010051BC01002DCB01001A
:1054B0002DE9F0430129B1B007460E46154625D91E
:1054C0000022686811460CF0BFFF022E804622D0F1
:1054D0002649A868FCF73AF8032EB0FA80F44FEAA0
:1054E000541416D00022E86811460CF0ADFF0646B1
:1054F000FFF7F0FE814680B11D4938460FF00CFDE4
:105500006FF00F05284631B0BDE8F08300244FF05E
:105510000208A026ECE70024FBE706AB3246214652
:105520004046FEF779FA051E05DA12492A46384642
:105530000FF0F2FCE6E7149B0593139B0493129B78
:105540000393109B02930F9B0B4A0C49CDE9006318
:105550000B4B3846002C08BF134642460FF0C0FCE8
:1055600006A93846FFF762FF4D46CBE76ABC01004B
:105570006FBC010023BF010065BC010085BC0100B8
:105580005CBC01000129F8B505460F46164627D92F
:10559000FFF7A0FE044630B1284618490FF0BCFCC6
:1055A0006FF00F00F8BD0246014670680CF04CFF2A
:1055B000C0B2FEF7A7FA002806DA284610490FF015
:1055C000ABFC6FF01500EDE7022F09D02246214613
:1055D000B0680CF039FFC0B2FEF7A6FA0028ECDB89
:1055E000FEF79CFA0446FEF7ABFA0649034622464C
:1055F00028460FF075FC0020D4E700BF6FBC010007
:1056000006BD01000CBD01002DE9F041012986B065
:1056100006460D46144629D90022606811460CF052
:1056200013FF022D074622D0D4F80880254C002510
:1056300054F8041B4046FBF789FF60B10135072D84
:10564000F6D1214930460FF067FC6FF01504204673
:1056500006B0BDE8F081EDB2FFF73CFE48B11B4952
:1056600030460FF059FC6FF00F04F0E7402700259B
:10567000F2E704AA39462846FEF780FA044620B924
:1056800005A90520FEF7D6FA0446002C05DA1049D4
:10569000224630460FF040FCD9E7FCF7D3FA044627
:1056A0000598FBF791FE049B0093064B0197CDE90B
:1056B0000201224653F82530064930460FF010FC0F
:1056C0000024C4E798AC01004DBD01006FBC01008F
:1056D00076BD01008ABD01002DE9F04157680E4EEC
:1056E0000546002456F83410384606EBC408FBF78C
:1056F0002DFF28B998F90400BDE8F041FCF77CBA09
:105700000134052CEED1284604490FF005FC6FF05A
:105710001500BDE8F08100BF70AC0100B9BD01000B
:105720000129F7B51346064612D9002258681146DA
:105730000CF016FE0546FFF7CDFD074678B115497A
:1057400030460FF0E9FB6FF00F04204603B0F0BDC8
:10575000FCF7DCFD90ED0A0A0EF03AF8EAE70DF1ED
:1057600006012846FEF772FD041E05DA0A492246A4
:1057700030460FF0D1FBE8E7FCF7C8FDBDF8062086
:10578000A0F8922005492B4630460FF0A9FB3C4675
:10579000DBE700BF6FBC0100D6BD0100E7BD010023
:1057A000F8B5134600221146054658680CF04CFE29
:1057B00087B206463846FEF73DFD041E06DA094963
:1057C000224628460FF0A8FB2046F8BDFCF79EFDB8
:1057D0000549A0F89270B2B228460FF081FB002470
:1057E000F2E700BF23BF010032BE010038B5134607
:1057F00000221146054658680CF026FE003818BFF6
:105800000120FEF701FE041E04DA03492246284661
:105810000FF082FB204638BD23BF010038B5134688
:1058200000221146054658680CF00EFE80B2FEF7C5
:10583000A3FC041E04DA0349224628460FF06CFB41
:10584000204638BD23BF010038B554680F490546CE
:105850002046FBF77BFEA8B10D492046FBF776FEFC
:1058600090B10022114620460CF0EEFDC0B2FEF7CA
:1058700057FC041E04DA0749224628460FF04CFB69
:10588000204638BD0220F2E70120F0E744C40100C1
:10589000DAB7010023BF010070B556681B49054601
:1058A0003046FBF753FE50B9FCF79EFD0028044636
:1058B00027DA0246164928460FF02EFB10E015495C
:1058C0003046FBF743FE044660B90EF041F8124A39
:1058D000124B1349002818BF1A4628460FF000FB48
:1058E000204670BD0F493046FBF730FE10B9FCF77B
:1058F000A9FDDBE70C4928460FF00EFB6FF01504FD
:10590000EEE70A4928460FF0EBFAE9E76EBE010020
:1059100023BF010074BE010068BE010064BE010027
:105920007ABE010058C5010088BE0100A1BE010079
:1059300010B50446FCF7B8FA204602490FF0D0FA39
:10594000002010BDA5BE010038B50546FCF7EEFCF1
:10595000041E06DA0549224628460FF0DDFA2046E5
:1059600038BD034928460FF0BBFAF8E7BFBE010077
:10597000D0BE010070B50646D2E901011546FCF71C
:1059800049FF041E05DA064930460FF0C5FA2046E5
:1059900070BD6A68034930460FF0A2FA0024F6E7AA
:1059A000D7BE0100F1BE01002DE9F043012985B009
:1059B00007460E46144610D90022606811460CF0C6
:1059C00043FD022E05460BD00022A06811460CF0C4
:1059D0003BFD044634B9264615E0A0240025F9E72E
:1059E000A024F7E7102CA04628BF4FF0100842462D
:1059F00069462846FCF7E8FF061E08DA12493246D7
:105A000038460FF089FA304605B0BDE8F0830F4AFA
:105A10002B46082138460FF048FA6E464FF0000931
:105A200016F8013B0A4A0821384609F101090FF02E
:105A30003CFAC845F4D1074A082138460FF035FA38
:105A40004544A4EB0804C5E71EBF01002FBF0100B9
:105A500035BF01002DCB010010B54FF400610446A5
:105A60000848FCF717FD30B9204607490FF054FAF3
:105A70006FF0040010BD2046024A04490FF030FACE
:105A80000020F7E7F04702203BBF01008CBF010078
:105A90002DE9F041C0B00446FFF71CFC80F0010185
:105AA000C9B205460EA8FEF7D3FC16A8FDF76CFF99
:105AB00007A8FFF715FC9DF83820674B6749022AB5
:105AC00008BF19460A46204665490FF009FA9DF8B5
:105AD0003D206449644B2046002A08BF0B46BDF8B0
:105AE0003A2062490FF0FCF99DF83C20604B614977
:105AF000002A18BF19460A4620465F490FF0F0F900
:105B00009DF854205D4B5E49002A18BF19460A468D
:105B100020465C490FF0E4F9BDF84230BDF83E2064
:105B2000594900932046BDF840300FF0D9F9FCF7F1
:105B300089F85649024620460FF0D2F9FCF7EAFBF5
:105B4000534A544B5449002808BF1A4620460FF0C8
:105B5000C7F9002D79D11198FBF736FC0646149849
:105B60000F46FBF731FCCDE904011398FBF72CFC41
:105B7000CDE902011298FBF727FC3246CDE900017E
:105B80003B46464920460FF0ABF9454A0C9B019332
:105B90001E9B444900932046169B0FF0A1F9DDE9B6
:105BA0001F67DDF88480FDF7B9FF0546FDF7C8FFE4
:105BB0003D49CDF80080CDE901503B4632462046B4
:105BC0000FF08EF9A0230193249B384900932046BF
:105BD000DDE922230FF084F916A92046FFF726FC01
:105BE000199A3349072320460FF07AF91C9A92B18B
:105BF000304B31491B681D9DB3FBF1F3DDE91A0100
:105C0000B5FBF3F50023FBF787FC2C4902462B4636
:105C100020460FF065F90B9B0193099B00932046EA
:105C2000DDE9172326490FF05BF90D9B0A9A2549F8
:105C300020460FF055F92046DDE9072322490FF0F1
:105C40004FF9002040B0BDE8F081204920460FF018
:105C500047F91F4A9AE700BF44C40100DAB70100C0
:105C600082BF01002ECB01004ABF010090BF01009E
:105C700007C90100E9C30100A3BF01005CBF010027
:105C800064BF0100B1BF0100BFBF0100DDBF010063
:105C90006BBF01006FBF0100EBBF0100FABF010045
:105CA0007ABF010055C001008BC00100DEC00100B9
:105CB0002BC101003805002040420F0054C10100F3
:105CC00083C10100D1C1010018C201002EC0010032
:105CD00072BF01002DE9F0478A4600AF00297AD053
:105CE00004680E1F361BF50826F0070604EB0608AD
:105CF000B8F8023013F0010319D13848026852078E
:105D00000DD0E94688B06A463549CDE9051A032128
:105D100042F8101F4FF4C25101F0E0FACD460023C3
:105D200083F31188BFF36F8F0423184602DF2946DF
:105D300020460DF011FF284434F83030C01A854257
:105D40001AD02648036859070ED0E94688B06A463B
:105D5000244BCDE9053A032342F8103F00234FF4CA
:105D6000C25101F0BBFACD46002383F31188BFF383
:105D70006F8F0423184602DFB8F8023023F00103C6
:105D8000A8F80230294620460DF0E6FE05EB000893
:105D900004EBC8035B88DA0708D4414620460DF0BF
:105DA00024FF4246294620460DF064FFA65BAE1B49
:105DB00004EBC6035B88DB0709D4314620460DF0AF
:105DC00014FF2A46314620460DF054FF3546294639
:105DD00020460DF0C6FEBD46BDE8F0871C0700203A
:105DE000ADC5010084C501002DE9F04F91B08407D5
:105DF000009302F004030293C2F3C20303F1010310
:105E0000DDF868A0039205460E46059340F09D819B
:105E1000041D00284AD101F00706341DC6F108060A
:105E2000009B00275A1E4FF004084FF0FF330193E8
:105E30000497B946BB4643460DB1009820600598CB
:105E4000002800F3D78090480099814203D38F48FF
:105E50008142C0F0CF80039911F0020CA4EB050041
:105E600040F0D680B9F10F0F00F2CF80002D00F086
:105E7000D68009F140010DEB010EC0F387000199B6
:105E80000EF8200C0EF8101CBCF1000F00F0C380BF
:105E900060F07F000EF8200C013709F10109C5F10F
:105EA0000801043406914FF6DA7E8CE00729B7D852
:105EB0006FF01B0011B0BDE8F08F7A285BD84B283B
:105EC0000FD8472857D829282ED8252850D052D85F
:105ED000202818BF23280CBF4FF0010B4FF0000BF8
:105EE00071E04C382E2846D8DFE800F06D45454576
:105EF000454545454545454548454545454545454F
:105F000045564548485656566D486A456D451848A9
:105F10001845457F7C48454548457C0000204FF0AA
:105F2000000B4FF0040835E02A38C0B2012101FA15
:105F300000F010EA0E0F46D110F0625C2CD110EA8E
:105F4000010B40D06046013C4444B4FBF8F408FB2C
:105F500004F425B1A3EB050CA444B445A8D800284B
:105F600070D00598013805905AF8040B009063E74B
:105F70000199013901914FF0000B24E012F8010C56
:105F80006C2834D112F8023C00206C2B8346C8D117
:105F90004FF008084346D6E70AF1070A2AF0070A35
:105FA0000734BAEC027B24F0070435B1069820448C
:105FB000B0423FF67DAF84ED007B08344FF0000B1C
:105FC0004FF00808434612F8010F002853D0BBF1E8
:105FD000000F7FF472AF2528F5D1019B01330193A7
:105FE0004FF0010B4FF00408ECE7584697E700200C
:105FF0008346A8E7039988077FF551AF601B4FF0F0
:10600000010CB0F5007FFFF42DAF6FF0150051E7E4
:106010004FF0000CF5E70498013004903DE7BCF127
:10602000000F01D0013638E70299023600297FF4CB
:1060300034AF0098CDE90632FBF79AFADDE9063273
:1060400006442AE7042B08D10AF1040015B1DAF856
:106050000010216004348246B5E70AF1070323F0FB
:10606000070303F1080A1DB193ED007B84ED007B6B
:1060700008340823A7E7631BB3F5806FC5D23DB989
:10608000A6F10804E01815E7EC9D010028E80100DE
:10609000029A28609B082B709DF81030AAB1EB7013
:1060A000AF702FB108A80022C5F1010C91450ED1A7
:1060B000C5F101030DF120084FF0000A01930DF125
:1060C000300BD14512D1601BF4E66B70E8E710F895
:1060D000013B190608D50CEB040EB64503F07F030F
:1060E0003FF6E6AE04F8013B0132DFE71FB198F955
:1060F0000020002A17DB029BD3B11AF80B2004F80A
:10610000012B0022019B18191044B0423FF6D0AE7B
:1061100098F8000004F8010B00990392204613F050
:106120005AFB039A14440AF1010A08F10108C8E76E
:1061300098F8002055F822300093029B45F8223051
:106140000098FBF715FA421CDCE76FF00D00B1E692
:106150002DE9F04F97B000AFC7E90A3205468A46ED
:1061600049B903784678807800EB83002844564587
:1061700024D8A0EB050AD7F8803095F80280D7F82C
:10618000804003F00103FB61EB787B62B8F1000F04
:106190000CBF002404F001041BB1D7F880309A072B
:1061A00015D4A4B9FB6A1BB1BA6A51462846984770
:1061B000564630465C37BD46BDE8F08F441C20464D
:1061C000FBF7D6F9013020440AF1010ACFE7D7F8EE
:1061D0008030C3F3C0033B622B78BB619B003B6103
:1061E0006B687B61BB6905EB830BFB6A002B7BD182
:1061F0005646D844BCB11C461BF8013B55F8230059
:10620000FBF7B6F9D7F88430013043B1D7F88830BE
:10621000A34282BFD7F8843023F814000134C34569
:106220000644E9D1D846D7F8803013F0050F0CBFEB
:106230004FF0020B4FF0010B4FF000097B6A9945BC
:10624000B7D298F8013055F823A0B14B9A4508F120
:106250000208C0F05081AF4B3A6A9A452CBF002328
:1062600001232AB318F8021C7869FB620DF048FE7E
:10627000FB6AE8B1A848036813F0060F14D0EA4699
:106280008AB06A46A54B05937B69CDE906314FF488
:106290000073ADF82030A24B42F8103F00234FF4BA
:1062A000125101F01BF8D546023E09F10109C5E77C
:1062B00023B1FB6933B9A6EB0B06F6E7D7F88030BC
:1062C0009B07F2D55046FBF753F9D7F884304BB112
:1062D000D7F888309C423FBFD7F88420431C22F86F
:1062E000143001340644E0E7002C69D1B8F1000F06
:1062F0006CD0D7F880305E076BD5C14607F14800F7
:106300004246594613F067FA0BEB0803FB60002284
:106310000233796A8A425ED3D7F8802095F801B0BB
:10632000F969920704EB0B03DBB254BF4FEA590241
:106330000022002940F0A780D7F8801011F0040F48
:1063400014BF494600216B70A970EA703969BA6AB6
:10635000FB6A28469847061EFFF62BAFBB692B70D9
:106360007B6AEB704946BA6AFB6A85F801B085F82A
:10637000028007F148009847B0F10009C0F2B780E9
:106380003B697A6A786A03EB4201FB68BA6A414466
:1063900003EB4000AAEB0101FB6A98470028C0F21A
:1063A000A880B14409EB00064FF0000B07F1380A52
:1063B000A3456AD30021BA6AFB6A08469847F8E603
:1063C000444607F138004FF0000999E74446C146BA
:1063D0009AE7A14698E713F8016C13F8021C55F8E8
:1063E0002600B9604A498842C0F08B8049498842FA
:1063F000396A2CBF4FF0000B4FF0010B41B1B96867
:106400007869C7E900320DF07BFDD7E90032F0B9B9
:10641000BBF1000F1ED0F96949B1611C04F12800DD
:1064200007F13004041904F8206CCCB20FE0D7F85F
:10643000801048070BD509F1280007F1300C09F14D
:10644000010100EB0C0909F8106C5FFA81F90132C7
:1064500002335EE7D7F880108907DED409F12801FE
:1064600007F1300C8C44B9680CF8101C09F10100DC
:1064700007F1580151FA80F009F102095FFA89F930
:1064800000F8106CE3E700215DE71BF80A3087F89D
:10649000373055F82390D7F884302BB3D7F88830AD
:1064A0009B4521D2D7F8843033F81B80BA6AFB6A47
:1064B000012107F13700984700281ADB0644B8F19C
:1064C000000F06D14846FBF753F800F101081FFA08
:1064D00088F8BA6AFB6A414648469847002808DBB4
:1064E00006440BF1010B63E74FF00008DEE74E4670
:1064F0005FE606465DE63B6A002B3FF4DFAE002315
:10650000B0E6396A0029A5D04FF0000B77E700BF4D
:10651000EC9D010028E80100D8060020DAC5010042
:106520000400000130B50446EFF31185402383F3E6
:106530001288BFF36F8F044B0FCB84E80F0085F3F5
:106540001188BFF36F8F30BDA80D002001281FB543
:106550000C4605D0042822D06FF0150004B010BD01
:1065600013F054F8174AC30BC0F30E00A0FB02024D
:10657000C00B43EA414340EA4240C90BC4E9003141
:10658000A0606846FFF7CEFF694620460DF0D5FCB7
:1065900018B90D4B0FCB84E80F000020DEE713F095
:1065A00035F8084AC30BC0F30E00A0FB0202C00B73
:1065B00043EA414340EA4240C90BC4E90031A060CC
:1065C000EBE700BF00CA9A3B40A5010001287FB558
:1065D0000C4633D18A681B4B9A422FD813F016F819
:1065E000C20B42EA414252424FEAD13363EB4303CA
:1065F000CDE90023144AC0F30E00A0FB0202C30B36
:1066000043EA42435B426846029300F0E3F82146C6
:1066100068460DF092FCEFF31186402383F3128855
:10662000BFF36F8F9DE80F00084C84E80F0086F3DE
:106630001188BFF36F8F002004B070BD6FF015009C
:10664000FAE700BFFFC99A3B00CA9A3BA80D002099
:10665000014B1860704700BF9002002080B50546CE
:106660000E46174698460AF05BFE034604F07EFA93
:10667000DFF81890044649F8003042463046394663
:10668000A84754F8090004F0EDF900BF0800000025
:1066900008B50446EFF31183402383F31288BFF358
:1066A0006F8FEFF3108372B608F002FC204604F0FF
:1066B0009FFF03480DF073FC0FF0A8FCFCE700BF40
:1066C0008EC601002DE9F84344690569C76840F2A8
:1066D0006C73E1170135E41841F10001022D8CBF04
:1066E00000230123E41A61F100010029064607F1A5
:1066F000FF3751DA6FF4C77020184FF4C8724FF0AB
:10670000000361F10001FAF7B7FE264B03FB0044DA
:10671000D6E90083B6684FEAE37C4FF03C0E994619
:106720006346C6FB0E93A9FB0EC60EFB0366A308C9
:1067300040F26D1E032D0EFB043302463B4434BF72
:1067400009206FF0020064270544B4FBF7F4992098
:106750001B1B154C45431CEB080C4FF0050005F1C5
:106760000205B5FBF0F5A2FB04202B4404FB01015C
:1067700046EBE87698180D4A41F1000380180C4A60
:1067800063F10003A0FB020102FB031110EB0C00FC
:1067900041EB0601BDE8F8834FF4C87200232046A0
:1067A000B1E700BF70FEFFFFB13A02009405F5FFAC
:1067B0008051010010B5FFF785FF024604F0D6F9BD
:1067C0000B460349002444501046194610BD00BF33
:1067D0000C00000070B5204B82689A4216DDD0E9AB
:1067E0000016012976F1000503F1010392FBF3F392
:1067F0004FEAE3741DDAC91844EB0604C0E900143B
:10680000164901FB03238360012070BD002AFBDAD7
:10681000D0E900410029124EA3EB0203B3FBF6F3CB
:1068200010DA01F100459C4275F100050ADA0020FA
:10683000EBE7CD439D426FF00045A5EB0605A54172
:10684000D9DAF4E7E41A61F1000106FB0322C0E99A
:1068500000418260D8E700BFFFC99A3B003665C49B
:1068600000CA9A3B08B500F0B7F80A4941610A49E5
:106870000122C0E900220A6008490A60084A002390
:106880001360084A03611360C0E90233064A1360CB
:1068900008BD00BF2ECB0100B0020020AC020020DA
:1068A000083B0220043B0220003B02202DE9F04778
:1068B00081468846174600F08FF8C36804461BB926
:1068C00043691A78002A3ED10023E36063684B4590
:1068D00058F8232008DB314B6361204600F060F854
:1068E0004FF0FF30BDE8F087511C616192F800A0C5
:1068F000BAF12D0FEFD1951C65615678A6602D2E4B
:1069000004D1927872B901336360E4E756B9234D3C
:1069100065615146384612F0A1FF0028DDD0C4F869
:1069200008A056463146384612F098FF3A2E00D05D
:1069300070B92B7813B9636801336360204600F0A7
:106940002FF83F20CEE75D1C45611E788660E9E7A1
:1069500043783A2B0BD0002323612B7813B963685B
:1069600001336360204600F01BF8A068BAE72B787B
:106970000A4A33B9636801339945636004DD58F806
:106980002350C4E90452EAE762613D783A2D20467B
:10699000D5D100F005F82846A4E700BF2ECB0100B2
:1069A000084A01681160084A41681160074A816815
:1069B0001160074AC168074B116002691A6004F050
:1069C0001DBD00BFB0020020AC020020083B022029
:1069D000043B0220003B0220004870479402002044
:1069E0002DE9F047058B0446280717460CD50129E9
:1069F0000CBF45F0100545F02005258387F311886D
:106A0000BFF36F8FBDE8F087022905F0070540F05E
:106A1000948020460DF056FD052864D801A353F854
:106A200020F000BFFD6900003B6B0000E76A00003A
:106A3000A96A0000C36A0000D56A000001F00703DC
:106A40005A1F012A1FD8002221F00701062BD4F873
:106A5000008089B2C4E9002209D1434603E0628B79
:106A6000013262831B68002BF9D141F002012183BE
:106A700020460DF027FD4FF0000900286DD041F0B1
:106A80002001218369E0042B0AD121F0070189B29A
:106A9000218320460DF016FD10B141F02001218325
:106AA0004FF00008C14658E02369D3F80090238BCB
:106AB00023F0070343F0060323834FF00008464604
:106AC0004BE02369D3F80490238B23F0070343F0B2
:106AD0000403F1E72369D3F80890238B23F007031D
:106AE00043F00503E8E74FF00008C146E7E701225D
:106AF00043F00803238387F31188BFF36F8F002AC5
:106B00003BD1B8F1000F4AD1B9F1000F02D02D49A5
:106B10002046C847EFF31187402383F31288BFF361
:106B20006F8F238B23F008039BB22383D9063FD5B5
:106B300023F01002228303F007056669218B002EE3
:106B4000BFF67CAF0023D4F8008021F00701C4E930
:106B5000003341F0010121839946238B03F0070A9A
:106B6000AA4502D0A268002AC1D1B8F1000F02D113
:106B7000B9F1000FDAD00022BAE7A1680029C0D02D
:106B80000D680029BDD04F68334652462046B847AD
:106B90001DB12B6829461D46F3E72B46FAE741460F
:106BA000334652462046D8F800800DF0B7FCA8E7DF
:106BB0009A067FF523AF23F02002228303F0070516
:106BC00027E700BF494501002DE9F047DFF8548071
:106BD000044607464FF0010994FAA4F5B5FA85F585
:106BE00009FA05F32E0108EB05156FEA030A24EAFA
:106BF00003042B7B63B158F806301B696BB946441C
:106C0000032273682846196807EA0A070DF033FE65
:106C1000002CE1D13846BDE8F08728469847002887
:106C2000F6D1ECE79CA3010010B51049104888B0DC
:106C3000002212F033FD4FF400320023CDE9062389
:106C400000240E23CDE90334CDE90144094B0A4960
:106C500000944FF4407209480AF06CF8084907485C
:106C600009F09EFF204608B010BD00BF856C0000F3
:106C7000C0120020E56F000000660220B80D002061
:106C8000C2C60100014809F0E3BC00BFDC080020D7
:106C90002DE9F047804621480F460DF0C4FD064619
:106CA000002833D000252846BDE8F087237B83B138
:106CB0002368DB680BB120469847636883F8069029
:106CC00023681B69D3B963680322196820460DF055
:106CD000D2FD013610345445E8D3B8F1000FE2D0AC
:106CE000002DDFD02846FFF76FFF0546002FF7D0B5
:106CF00000214FF4A47012F0A9FBF1E72046984759
:106D00000028E0D009FA06F31D43E2E7044CDFF85F
:106D100014A005464FF00109DDE700BF1C3B02202F
:106D20009CA30100ACA3010008B5034608462BB1A3
:106D3000044A136000F03CFD002008BD6FF0150010
:106D4000FBE700BFB402002010B5044C237813B950
:106D5000034809F07DFC0123237010BDF04F022091
:106D6000DC08002010B504460B480DF05CFD5CB15A
:106D7000BFF35B8F094B53E8001F013943E8001252
:106D8000002AF8D1BFF35B8F05480AF04BFE054897
:106D9000BDE8104009F05CBC143B0220183B022007
:106DA000C0120020DC080020064BBFF35B8F0022DE
:106DB00053E8000F43E800210029F9D1BFF35B8FAE
:106DC000704700BF143B022070B5FFF7EDFF084C81
:106DD000084E0546B44200D370BD63685B792BB1A1
:106DE00023685B6813B12946204698471034F1E7C1
:106DF0009CA30100ACA3010010B5044C044920463B
:106E00000DF0DAF9034B1C6010BD00BF980600209E
:106E1000F8AE01000C3B02200E4A0F48002310B5CB
:106E200013700E4A13600E4A4FF400411360FFF7CF
:106E30007BFFFFF7E1FF00F081F90A4B0A49184692
:106E40008B4200D310BD1A1A5C68121101322271F4
:106E50001033F5E7F14F022023480100143B0220D4
:106E6000183B02209CA30100ACA3010001460022B4
:106E7000014800230DF0C1B99806002001480DF02B
:106E800058BA00BF98060020024B014618680DF062
:106E9000ABBA00BF0C3B022001480DF0E0BA00BFC6
:106EA000980600202DE9F041374B1B78002B68D065
:106EB000FFF7E4FF044600285FD1344B344D1B68D4
:106EC000002B19DD12F0A2FB4FF47A76A0FB0632FC
:106ED00006FB0121D5E90020DB0B43EA41439B1A65
:106EE0004FEAD13140F2E93261EB0001934271F196
:106EF000000101D3FFF768FFD5E9003213F57A737B
:106F000042F10002C5E90032002C3AD0BDE8F04160
:106F1000FFF7C2BF6B685B793BB121784B0717D590
:106F20002B6821461B682846984710354545F1D304
:106F30002046FFF7A9FFBFF35B8F164B53E8001FF6
:106F4000013943E80012002AF8D1BFF35B8FB4E7A0
:106F500020462688C1F3C20700F09EFAC6F38216C7
:106F60000246002EDCD00028DADB01233946284611
:106F700000F08EF9B042D8D3D2E7074DDFF81C807D
:106F8000D4E70020BDE8F081F04F0220143B02203E
:106F9000B8120020183B02209CA30100ACA3010002
:106FA00070B50D4D297861B90120FFF771FE0B4CCA
:106FB0000B4EB44206D3FFF775FF0028FBD1012327
:106FC0002B7070BD63685B791BB1236820469B689A
:106FD00098471034EDE700BFF14F02209CA3010059
:106FE000ACA3010000212DE9F8430846FFF750FE4D
:106FF000044648B340F267684FF0000903F0B6FD5D
:107000001A4B1B4A1B58136033B11A4B1B68092BD0
:1070100002DD194809F01CFB184F002544B1204639
:10702000FFF7D2FD044618B94FF0FF384FF0FF3993
:10703000FFF738FF064628B9B5B90F4842464B4618
:1070400009F03AFB3546E9E74FF0FF384FF0FF39DA
:10705000D4E72B689B691BB100221146284698474C
:107060001035BD42F5D3E8E7054DFAE7080000000A
:10707000103B0220183B0220DC080020ACA30100DA
:107080009CA3010013B518480DF0CDFB174B1B78DE
:1070900073B1EFF31184402383F31288BFF36F8F32
:1070A000FFF700FF84F31188BFF36F8F02B010BDAC
:1070B0000F4B1B68002BF9D050B900220023CDE9FB
:1070C00000230C484FF4004200230AF073FCEDE764
:1070D0000928EBD107480AF0A5FC074802B0BDE833
:1070E000104009F0B5BA00BF183B0220F14F022052
:1070F000103B0220C0120020DC08002010B5064B17
:107100001B68044698472146A06004480DF0F2F839
:10711000BDE81040FFF7B6BFB4020020980600207B
:10712000044A054B9B1AB1EBD30F34BF52F8310020
:1071300000207047A4A201009CA30100084B094A4B
:1071400009489B1ADB080021994200D17047026868
:1071500022F0070242F0030240F8042B0131F3E76A
:107160009CA30100A4A20100D4060020F8B50B4F97
:107170000B4BDB1B0646DD080024AC4203D14FF06D
:10718000FF342046F8BD57F8340020B13146FAF7F5
:10719000DDF90028F5D00134EFE700BFA4A201001B
:1071A0009CA3010000282DE9F047884615461F469C
:1071B0001DDADFF8A890254E4FF0000AA6EB09066D
:1071C00036095446B24509F1100902D12046BDE8FE
:1071D000F08759F80C0C3B4600792A464146FFF7E8
:1071E000E1FF844238BF04460AF1010AEAE7184B7E
:1071F000184AD21AB5EBD20F26D203EBC5031C797D
:10720000BC4228BF3C46144EC0B200EB400056F8CA
:1072100025300722824023EA020304F0070282405D
:1072200013430021032223FA02F000F007008142F9
:1072300002F1030238BF01461E2AF4D123F00703EE
:107240000B4346F82530C1E70024DCE7ACA301007E
:10725000A4A201009CA30100D40600209CA301006D
:10726000F8B5094D094BED1A06460F46ED08002406
:10727000AC4200D3F8BD002122B23B463046013477
:107280000DF0F1FAA4B2F3E79CA30100A4A201005F
:1072900070B14168097973B1002A17DBCBB20C4990
:1072A00051F8220003EB4303D84000F00700704779
:1072B0004FF0FF31EFE707490748401AB2EBD00F14
:1072C0003ABF01EBC20108791846704704207047A5
:1072D000D4060020A4A201009CA301002DE9F04FD8
:1072E0008FB004AFC1F34A26B8600D4690467B606C
:1072F0000C0D002E65D04FF000090A234FF0040B4F
:1073000007F1140AFE60C7E90799C7F824900093B3
:10731000CDF808B0CDF804A007F11C03F9684A467F
:107320004046FEF715FFB0F5006F034620D329480D
:10733000036813F0060F17D06C468AB0D8F8041013
:1073400004AB254DC3E9055140F2FF71D9611A46DE
:107350004FF400711984214B42F8103F4FF4125141
:107360004B46FFF7BBFFA5462C37BD46BDE8F08F67
:10737000C0F30A0604F11700184420F00700800843
:107380003B60FFF773FD66F35325044680B13B680D
:10739000134A00F11001C7E90839F961CDE901ABE1
:1073A0000A230093F96807F11C034046FEF7D0FE5C
:1073B00066F353257B68B9682A4620460DF08FFA9C
:1073C000D2E704F1170020F007008008FFF74EFD18
:1073D0000446EDE7FC060020D7C6010004000001CA
:1073E000B14801002DE9F04F87B0DDE9127ADDE9FF
:1073F000106B0546884614469946DFB11021CDF83A
:1074000000A03B465A460020CDF814A0FEF7ECFC45
:10741000B0F5006F01460FD31D48036813F0060F47
:1074200032D01C4A40F2FF73022107B0BDE8F04F92
:107430000DF0AEBA3946384604F0070305F00704EC
:10744000E40044EA831444EA402444EA065406F182
:107450001700084420F0070080080391FFF706FD9D
:10746000054640B13FB10399CDF800A03B465A46CE
:107470001030FEF7B9FC4B4622464146284607B07D
:10748000BDE8F04F0DF02BBA07B0BDE8F08F00BF9C
:10749000FC06002016C70100406820B1034BC01A4B
:1074A00040F38F0070474FF0FF307047D406002044
:1074B0000EB403B503AB014653F8042B0448019303
:1074C00003F0E6FC02B05DF804EB03B0704700BFC8
:1074D000F3490100CA0605D48B064CBF0249034993
:1074E000FFF7E6BF704700BF2DCB01004EC701007C
:1074F0002DE9F04F89B09846159B0693DDE916A358
:107500009DF85090189F059204460D460493B9F1DA
:10751000000F00F0AE8007F4807307930DF0A1F91F
:1075200007F0020B0246002872D077492046FFF789
:10753000BFFF0646BBF1000F08D017F0440F69D11A
:1075400072492A462046FFF7B3FF064407F00103BD
:1075500053B16F4B6F4953F829206F4B2046002AD7
:1075600008BF1A46FFF7A4FF07F48073002B07F04B
:10757000080318BF4FF00008002B77D0674B68490D
:1075800053F829202046FFF793FF0546059B2BB1B2
:1075900064491A462046FFF78BFF0544B8F1000FF7
:1075A00005D0614942462046FFF782FF05445F4807
:1075B0003544069B1BB15E4922460CF070FC049BCF
:1075C000002B00F08C80049B102B28BF1023394621
:1075D00020469846FFF77EFF0026B54250DC002685
:1075E00033461AF8032053492046FFF761FF01365E
:1075F000102E4BD0710703D14F492046FFF758FF9B
:1076000046453346EDD34D492046FFF751FFEEE79F
:1076100006468FE74A4B1868002896D0494B4FF42E
:107620007A7B1B68B5FBF3F54FF46163B5FBF0F1B2
:1076300000FB11550BFB05F54FF03C0CB1FBF3F2D1
:1076400003FB1211B5FBF0FEB1FBFCF300FB1E5572
:107650000CFB13110BFB05F50091B5FBF0F53A4956
:10766000CDE901E52046FFF723FF6EE707F00805A7
:107670008CE7B8F1010F0CBF2C4834484D4698E711
:107680002D492046FFF714FF0136A6E73049204672
:107690000026FFF70DFF33461AF803202D49A2F10B
:1076A00020035F2B28BF2E222046FFF701FF013663
:1076B000102E0DD0720703D11F492046FFF7F8FEA8
:1076C000B0453346E8D81C492046FFF7F1FEEEE707
:1076D000049BB3EB0803C24404937FF474AFB9F185
:1076E000000F0AD0FB0704D50B4A0A492046FFF7D2
:1076F000DFFE39462046FFF7EDFE204609B0BDE823
:10770000F04F0DF069B900BF34D5010056C7010034
:107710000CAF010061B8010051C7010020AF0100AA
:107720007BC7010081C7010085C70100F349010043
:1077300091AE00008AC7010092C7010090C7010006
:10774000243B0220203B02205FC70100294A0100A0
:1077500094C7010018D5010073B542F20F738B4234
:1077600028BF0B4605680F4A0446052168460AF003
:107770003FFC63680C495B6806460B2228460DF007
:107780001DF963683246694628465B680DF016F9B4
:10779000636806495B681B2228460DF00FF902B0AA
:1077A00070BD00BF31B90100D9E70100BDE701009C
:1077B000074A00210123904206D8064A01B9012355
:1077C0001360054B1860704740085B000121F2E729
:1077D00040420F00203B0220243B0220014B03606B
:1077E0000020704734AF010010B5044610F078FD5A
:1077F0000349024620460DF073FB002010BD00BF78
:10780000CDC7010037B5134600220192044601AAF4
:1078100058680A2101F0ECFD019D95B920EAE07459
:107820004FF4004C294640F2E7304FF47A720023BF
:10783000E4FB0C01F9F770FE11F008FE284603B0D6
:1078400030BD2A46024920460DF066FB019DF5E752
:10785000F9C7010008B5034A03490DF041FB0020B8
:1078600008BD00BFE9C80100EFC80100F7B5174621
:107870000023054601AA0A21B868019301F0B8FD6A
:107880001749C6B228460DF039FB019C44B1224687
:10789000144928460DF040FB019C204603B0F0BD82
:1078A000042E09D91049324628460DF035FB2846EA
:1078B0000DF067FB0124F0E77868FFF757FC021E24
:1078C00007DA7A68094928460DF026FB6FF015049F
:1078D000E3E7334612B2214620460CF0C4FFDCE752
:1078E0001AC9010080C90100A7C90100BEC9010071
:1078F00007B500230090694604488DF8043009F06C
:1079000067FE9DF8040003B05DF804FBC14A010066
:1079100038B50446EFF31185402383F31288BFF393
:107920006F8F07F0BBFA024685F31188BFF36F8FA4
:10793000064920460DF0D4FA204605490DF0D0FA4C
:107940000448214609F05EFE002038BD50CA0100FF
:107950006FCA01005979000070B58EB004460D461B
:10796000D0F8A06011F086FC034603F0FFF8214A2E
:107970001158214A2148002B18BF1A460092204A6C
:1079800023468C4218BF024628461E490DF0A8FA2D
:10799000D4E90A23CDE90023284694F90E30A289C0
:1079A00019490DF09DFA06A92022204609F008F990
:1079B000A36E1649024628460DF092FA05A9204604
:1079C00011F066FC024628B1114928460DF088FAEC
:1079D0000EB070BD059B6422F11A4A430091B2FBC0
:1079E000F6F20C49CDE90162284632460DF078FAEC
:1079F000EEE700BF0800000079CA010092C701004D
:107A0000F5DF01007CCA010088CA0100B4CA010088
:107A1000CBCA0100F8CA010030B591B008AD0446E8
:107A200020220021284611F0FDFE1A22202128469E
:107A300011F0F8FE2146104809F0E4FD07AA4FF4C2
:107A400000610E4811F018FC079A0095C2F500611C
:107A500064234B43DB0A05934FF40063CDE9013205
:107A6000064ACDE90313204605490023803A0DF06C
:107A700037FA002011B030BD857A000080790220ED
:107A800049CB010070B50446D0F8A06088B00D461F
:107A900007A911F0FDFB024628B10F4928460DF059
:107AA0001FFA08B070BD204611F0E4FB079B00965A
:107AB000F11ACDE90131094B64224A43002818BF6D
:107AC0000346B2FBF6F20649CDE903622846224698
:107AD0000DF006FAE5E700BFCBCA010079CA010044
:107AE00092CB010038B51346054610225868002194
:107AF0000AF0AAFC0446FFF7FBFE38B90E492246FD
:107B000028460DF009FA6FF0150038BD03F02EF885
:107B10000A4B1B589C4204D1094928460DF0FCF938
:107B2000F1E7204609F01EFA2846064922460DF0E4
:107B3000D7F90020E9E700BFF6CB010008000000FC
:107B400011CC010039CC010038B51346054610228E
:107B5000586800210AF078FC0446FFF7C9FE38B9DE
:107B60000E49224628460DF0D7F96FF0150038BDB2
:107B700002F0FCFF0A4B1B589C4204D109492846DD
:107B80000DF0CAF9F1E7204611F0D1FB284606496D
:107B900022460DF0A5F90020E9E700BFF6CB010071
:107BA0000800000070CC010096CC010038B51346E7
:107BB00005461022586800210AF046FC0446FFF7EB
:107BC00097FE38B90E49224628460DF0A5F96FF008
:107BD000150038BD02F0CAFF0A4B1B589C4204D165
:107BE000094928460DF098F9F1E7204602F03AFFDE
:107BF0002846064922460DF073F90020E9E700BF48
:107C0000F6CB010008000000D1CC0100F6CC010049
:107C100010B50C4600210DF01DFC00B10068034AB0
:107C200020600023C4E90123E36010BD11CE0100F0
:107C300010B50C4600210DF011FC00B10068034A9C
:107C400020600023C4E90123E36010BD11CE0100D0
:107C500070B50546506814460DF004FC064640B960
:107C60006268104928460DF057F96FF0120420465B
:107C700070BD11F0ACF830B162680B4928460DF0C8
:107C800021F90024F3E7304611F098F862680446C1
:107C900028B10346054928460DF03EF9E7E70449B7
:107CA000ECE700BF2ECD010043CD010065CD010002
:107CB00092CD01002DE9F04F8FB0044601A888460F
:107CC000914608F0D3F8019F2D4A07EB4017082191
:107CD00020460DF0EAF8019EBE4203D300200FB00B
:107CE000BDE8F08F35680DB12B7833B9254A33469E
:107CF000302102A80AF07CF902ADB8F1020F07D1D9
:107D0000D9F80410284611F0E7FD08B92036E3E75A
:107D10001D4A2B46082120460DF0C7F8304611F0C9
:107D200056F81A4A1A4B0821002808BF1346194A68
:107D300020460DF0BAF8F369002BE7D01D68002D3E
:107D4000E4D02B68002BE1D0134A082120460DF027
:107D5000ACF8AB464FF0000A2B68534505D80F4AE4
:107D6000082120460DF0A1F8D0E75BF8043F0C4A4B
:107D7000082120460DF099F80AF1010AECE700BF4E
:107D8000C5CD0100CFCD0100D4CD0100BCCD010097
:107D9000B6CD01003CCD0100D9CD01002DCB0100B5
:107DA00060B80100F7B513783A2B06460F46154622
:107DB00014D1541C23783A2B28D101340A2201A96A
:107DC00020460AF0CDFA019A3860A242034617D045
:107DD0001078A8B93C2B15D915490EE00A2201A943
:107DE00028460AF0BDFA019CB860AC4208D023785E
:107DF0003A2B05D1172807D90E4930460DF08CF8DB
:107E00006FF0150003B0F0BD0134D3E70A2201A9D9
:107E100020460AF0A5FA019B7860A342F0D01A78B8
:107E20003A2AEDD13B2801D90349E6E75C1CC5E7B6
:107E300079CE01005BCE010069CE01002DE9F04151
:107E400094B00D46044606A901201746FEF77EFBB6
:107E50000BA906A80AF01EF8032D55D17D680A2249
:107E600005A928460AF07CFA059EB542804615D041
:107E700032782D2A12D101360A2205A930460AF09D
:107E80006FFA059B9E4209D01A782D2A06D1451E0D
:107E90000B2D0CD92E4920460DF03EF820460DF052
:107EA00070F86FF01505284614B0BDE8F0815E1C2F
:107EB0000A2205A930460AF053FA059B9E42EDD0EE
:107EC0001B78002BEAD1431E1E2B01D92149E2E782
:107ED000A8F26C73CDE90F53BA680E900BA9204637
:107EE000FFF760FF0028D9D10BA8FEF763FCB1F1C2
:107EF000FF3F08BFB0F1FF3FCDE9060108D11649A9
:107F000020460DF009F8CCE7022DC7D17A68E5E7E5
:107F100000230893012006A9FEF758FB054628B167
:107F200002460E4920460CF0F7FFBAE70B9B03937D
:107F30000C9B02930D9B01930E9B109A00930F9B39
:107F40000749013302F26C7220460CF0C9FFAAE720
:107F500089CE010098CE0100A5CE0100CECE010051
:107F6000E5CE010010B592B0044604A90120FEF749
:107F7000EDFA09A904A809F08DFF099B03930A9B58
:107F800002930B9B01930C9B0E9A00930D9B05494A
:107F90002046013302F26C720CF0A2FF002012B0F6
:107FA00010BD00BFE5CE01002DE9F0411446884622
:107FB00007461022606800210AF046FAB8F1020F65
:107FC00006461CD9A0680A2200210AF03DFAC5B273
:107FD0001F492A4638460CF083FFB8F1030F1DD81D
:107FE000102D0ED0202D0FD0082D0FD13278D2B207
:107FF0001849002338460CF073FF00200CE02025C0
:10800000E6E7328892B2F3E73268F1E73846124980
:108010000CF066FF6FF01500BDE8F081E0681022FB
:1080200000210AF077FA0B4602460C49044638460E
:108030000CF056FF102D06D0202D07D0082DE5D1CD
:10804000E4B23470D9E7A4B23480D6E73460D4E720
:1080500034CF01005FCF010049CF010072CF010092
:108060002DE9F04786B000230193534B914601223E
:10807000074688461A60FEF7F5FB4FF0FF352026CD
:108080002C464E4A49464046FEF710FC431C06D19A
:10809000691C41D14A4938460CF03EFF17E073286D
:1080A0001AD0772828D0612811D1DFF830A101AA91
:1080B000DAF80000102101F09BF9019B0546002B26
:1080C000DFD0DAF800203F4938460CF025FF6FF08A
:1080D000150006B0BDE8F087DFF800A101AADAF8C4
:1080E0000000002101F084F9019B0446002BC8D058
:1080F000DAF800203449E7E7DFF8E0A001AADAF86F
:108100000000002101F074F9019B0646002BB8D055
:10811000DAF800202D49D7E7621C01D12C49BAE7D3
:108120005FFA86F8A8F10803DBB2182BC6F3C40681
:1081300004D8284A22FA03F3DB0723D4264942460F
:1081400038460CF0CDFEC2E7B8F1100F21D0B8F1DF
:10815000200F24D0B8F1080F01D10A781A703144E9
:1081600033444218102AEFD9102CA14628BF4FF0F3
:10817000100929464B4602AA384601F033F810355B
:10818000A4EB0904B4B1A642EED802AB2946701B99
:10819000E7E70A8892B21A70120A5A70DFE70A6893
:1081A0001A70C2F3072C120C9A70120A83F801C0DD
:1081B000DA70D4E720468CE7AC020020C2CF010081
:1081C000C9CF010088CF01009BCF0100AECF0100D5
:1081D000E6CF01000101000100D00100003B0220B8
:1081E00070B50E4E044633780D4629B123B1BDE873
:1081F00070400B490CF090BE83F0010333702BB13B
:10820000084920460CF06CFE0123337029462046B5
:108210000022BDE870400CF0CEBE00BFF24F02203D
:108220001AD0010055D001002DE9F041DFF80C8192
:108230003B4E05460C468F18A74201D1BDE8F081A0
:1082400098F8002014F8013B182A22D1112B20D1D4
:10825000344C354922680026284688F800600CF026
:108260003FFE28463146FFF7BBFF304B1878002809
:10827000E4D12F4A23681168042B2EDC08B1236057
:10828000116013F003012FD1126813681BBA136039
:10829000D4E7A3F13002092A88F8003004D923F08A
:1082A0002002413A052A04D83168224A5354013148
:1082B00031603368022BBFD110221E4800210AF022
:1082C000C3F81D4A136803F8010B1360154A1368BD
:1082D0000133136000233360AEE7086800BA41F849
:1082E000040B043B0120C7E75B4203F0030358BFC4
:1082F0005942022904D1126813885BBA9BB2C6E7BF
:1083000003299BD1106802681104C2F3074301F4EA
:108310007F010B4302F47F42134303608EE700BFEB
:10832000283B02202C3B02207FD00100F44F02208A
:10833000303B0220F54F0220343B0220F34F022055
:108340002DE9F8430D462749274E00230B602749A6
:10835000337080460B601746012DB94657F8044F1D
:108360001DD923490222204611F085FA70B9A3785D
:10837000003B18BF01231C441E490222204611F075
:108380007AFA28B901233370013DE5E70023F2E7CB
:1083900017492046F9F7DAF8C0B909F104090022B3
:1083A0001146D9F804000AF04FF8134B0022114689
:1083B0001860D9F804000AF047F8104B104918600B
:1083C0004046FFF70DFF0020BDE8F88323782D2BF2
:1083D000E5D16378002BE2D00A49224640460CF0F2
:1083E0007FFDD1E7283B0220F44F02202C3B0220E6
:1083F00099D001009CD00100343B0220303B022088
:10840000298200009FD0010007B5094810F0DFFC69
:1084100058B1042300930649064801233A2200F08C
:1084200035FF002003B05DF804FB6FF01200F9E7A0
:10843000FC9E0100ACA3010038B54468C4E90012F9
:10844000A36044682346402253F8405B6362626342
:10845000002304F13802C4E90423C4E90A33C4E95F
:108460000633082223632262C4F8B830AB682BB10C
:108470001B6C1BB10949224628469847AB681B6A0A
:108480000BB1284698470649002204F1800011F0FC
:1084900005F9C4F8B440002038BD00BFA584000031
:1084A000D54B01002DE9F04F054685B00C46836899
:1084B000DB6B03B19847AB68DB6A002B34D1DFF884
:1084C00038A14FF0000804F12409218E238D626B3E
:1084D0005B1A9BB2D31A934204F1280B28BF1346B0
:1084E000594603AA48460CF0F8F80746002838D049
:1084F000AB6803991B697BB302462846984706463A
:10850000002818BF48F001083246594648460CF08A
:108510001AF90EB1BE42D8D0B8F1000F08D0D4E994
:1085200001310020984703E0284698470028C6D12B
:10853000AB68DB6953BB28460CF0F4FA68BB2846ED
:108540000CF0D9FA40F6CD420023CDE9002304F126
:10855000800009F02FFA1DE06FF057064FF0010878
:10856000D2E7DAF8003013F0060F04D0214A0221D6
:1085700050460CF004FAAB681B69002BCCD00122EA
:108580000DF10B01284698470646C2E72846984752
:108590000028D0D105B0BDE8F08F628BE38A9B1A2A
:1085A000226A9BB2934204F1100704F11A0828BF13
:1085B0001346414603AA38460CF08FF8064698B198
:1085C000AB680399DB6863B10246284698470246C8
:1085D000414638460CF0B7F8D4E9013101209847FC
:1085E000D8E76FF05702F3E728460CF084FAC4F896
:1085F000B860F1E701D201003807002010B58168AA
:108600000446183101F080F9A168034A2046183168
:10861000BDE8104001F018B943D2010038B58368B5
:10862000D3F88032DB0504461DD4C0690DF06FFA23
:10863000606803685B689847054620B9E0680DF0FC
:1086400067FCA3681D75A3685B6C13B129462046BF
:108650009847A36802F08AFA0022C3F8A022034BCD
:10866000185802F0FFF96FF00F05ECE70800000062
:1086700001490CF0E8BA00BF2DCB01002DE9F04F05
:10868000A7B004465422002111A811F0CBF8002312
:10869000CDE90533A36820465C3302930CF0FDFF5F
:1086A00020460CF040FF10B96069FFF7E1FFA068B9
:1086B00014220021183011F0B5F820460CF08FFE7E
:1086C000A168E068B1F854205C3100260DF0E5FBAC
:1086D00020460DF046FC4FF0FF38B246039611AF2E
:1086E000B3463546B146DDE90532012A6BD0132B7E
:1086F0006CD8B8F1000F2AD1BBF1000F0AD0204688
:108700000DF050FCA26814235C3211A90DEB03009C
:108710000CF005FDB9F1000F0CD099F81130FE2BCB
:1087200008D1059B26AA02EB830252F8542C0AB109
:1087300001330593A068436A002B40F0B580C6B1B1
:10874000C369B3422BD00D9600F1180522E0029ABE
:108750000223394606A80CF0E2FC06997A680292D8
:10876000034631B101290AD148B16A4A20460DF0C9
:1087700043F86FF00705284627B0BDE8F08F059B4A
:10878000002B32D0386801F0EFF898B166B1A568D7
:108790000D9618350CAE0FCE0FC533682B602046F2
:1087A000FFF72CFF0125E6E75B4A012120460DF08B
:1087B00023F8DEE7059BC3B13A682946204601F05D
:1087C00073FA022809D1059B132B95D9069B022B1E
:1087D00092D1524B524A0121C8E7032805D0059B8C
:1087E000013305934FF0010B7DE7039B2BB93968EB
:1087F00007AA48460CF06AFD0546043708F1FF3821
:10880000A5B3EB68BBF1000F08D0FBB120460CF01C
:1088100044FF20460CF09EFE424AC6E7B3B1A3686F
:10882000DDF814A0AE4603F1180CBEE80F00ACE86A
:108830000F00DEF80030CCF80030AB6833B96B7C49
:10884000FE2B04BF95F8108008F1FF38D5F804C05E
:10885000BCF1000F08D0AE46BEE80F000CAE0FC64C
:10886000DEF8003033606646A94603E0059B63B13D
:1088700001230393B8F1000F03D1069B022B7FF471
:1088800032AF059B013305932DE7A368DB6A13B173
:10889000DB68002BECD1244B0093244A119B01216F
:1088A00020460CF0A9FFE3E7059D90F82830A5EBE2
:1088B0000A05BBB190F829104FF6FF72FF2918BFC7
:1088C0000A469D4202D313449D420BD98369184A3C
:1088D000012120460CF090FF2046FFF78FFE6FF03D
:1088E000150548E701210CF0CDF9A0680CF0BEF9A0
:1088F000A36811AA29465B6A02EB8A0220469847C0
:108900000546A0680CF0B6F9A06800210CF0BAF991
:1089100031E700BF51D2010065D20100C6D201008B
:108920008CBF010083D20100B2D20100A4D50100A6
:10893000EAD20100F7B5044680680D46817D002922
:1089400049D1D0F880325A0504D50CF0A6F9E06878
:108950000DF075FAE368DB6873B9002D3BD0A668AB
:1089600006F15C0738460CF07BF9002835D0394613
:1089700006F5AE70F8F7F4FDA268E0680DF10603A5
:108980005C3229460DF05EFA58B9A06800F5AE7168
:108990005C30F8F7E5FDA0685C300CF061F9ADF8EB
:1089A000060020460CF072FEA368D3F87C329B06CA
:1089B00003D50B4960690CF046F9204600F07EFDB6
:1089C000A268BDF80630A2F85630A2682046A2F888
:1089D00054300CF0BFFD03B0F0BD86F85C01CBE76E
:1089E00060A5010010B5836802221A7583689B6C2C
:1089F0000446BBB90CF0FEF88368D3F88032DB0480
:108A00000BD50321084B094A0CF0F6FEA0686FF461
:108A1000805100F520700CF007F92046BDE81040A9
:108A200000F0D0BE10BD00BF05D3010061B8010049
:108A30002DE9F04FB1B0002304460993A3686068A4
:108A40009E6C026815691EB3DF6C102209AB1BA96E
:108A5000A847099BCBB10121A0680CF013F9A068CD
:108A60000CF004F93B46099A1BA92046B047A068C0
:108A70000CF000F9A06800210CF004F9A3689B6CCD
:108A8000002BDBD12046FFF7ADFF31B0BDE8F08F02
:108A900009AB01220DF12301A847099B002BF4D05B
:108AA0009DF923109DF82330A2680029C6DB517D73
:108AB000032900F21C83DFE811F004009002B302E6
:108AC0001A030D2B43D00A2B41D0B2F88012092B88
:108AD00021F0FF01A2F880126DD028D8002B00F001
:108AE0000281082B00F0EC81A268D2F87C12890781
:108AF00040F1F980013B162B00F2F580DFE813F01E
:108B0000E002FF010302FB01DA021C02F300F300A2
:108B1000F300F30020022402F3003902F3003E02C6
:108B2000F300F300F30040025002F30065021B2B38
:108B30003DD07F2B00F0D181A3F120025E2AD3D853
:108B40000121A0680CF0A9F89DF82310BBE0D2F831
:108B50008012C9B221B1D2F88012C9B28B42C3D1FE
:108B6000B2F8801263F30701A2F88012A568AB7D0A
:108B7000012B06D16069FFF77BFDA36802229A757D
:108B800083E7B5F8541061B928460CF086F8E06820
:108B90000DF055F96069FFF76BFD2046FFF722FFE6
:108BA0004CE72046FFF76AFDC5F8A402F5E7A36885
:108BB00001225A7597E0A068D0F87C329B0740F1FB
:108BC000928001210CF069F8A068857D002D40F0AD
:108BD0008A80B0F85430FF2B00F08580B0F8562022
:108BE00000F15C0100F5AE7010F0F5FDA368B3F87C
:108BF000562013441BA983F85C51A268142302F584
:108C0000AE720BA80CF08BFA0B9914296BD830AB11
:108C100003EB810343F8545CA368B3F85620002AA1
:108C200000F06782134493F85B30202B00F06582DC
:108C300021B1093B042B4BD9012948D100250A95C4
:108C40000A9B30AA02EB8303002653F854AC50462B
:108C50000CF006F8B34681463746B04616AA4146A0
:108C6000284600F08BFB0346002840D1012E67D137
:108C70000A9B30AA02EB830353F8540C0BF0F0FF6D
:108C8000A268064618323946284600F077FB056888
:108C900028460BF0E5FF864205D0821B92B2A91947
:108CA00020460CF0F0FDA068B0F85630034493F86D
:108CB0005C30202B33D0093B042B30D9D0F87C32E8
:108CC000DF0731D42021204600F044FD0BE00139BC
:108CD00000200CAB009301900AAB1BAA0CF021FB07
:108CE00005460028ACD160690CF072F9A6E61B6855
:108CF00003934A465146184610F0BDFD60B9039BE8
:108D00001846F8F735FC584538BF58461FFA80FB1F
:108D1000002E08BF4746013608F101089EE70121F1
:108D200020460CF04BFCDEE700210BF0C1FF2021B8
:108D3000204600F00FFDA06801210BF0B9FFD2E73B
:108D40000490D0D90A9A30AB03EB8202B94652F8AC
:108D5000543C039318460BF083FFA268049B0690D3
:108D6000A2F840300496A26849461832284600F01E
:108D700005FB039BD0F800A0D4F8088009F1010995
:108D8000002B38D0BAF1000F38D0069A1946504659
:108D900010F071FD0028E6D19B480BF061FFB8F898
:108DA0003A2000EB0B0189B2121A504692FBF1F205
:108DB00092B2059107920BF053FF0599079A091A91
:108DC0008BB2B8F840100593481CA8F84000B1FBDE
:108DD000F2F002FB101189B200295ED18A4B8B4A56
:108DE000CDF800A0062120460CF006FD059920468E
:108DF00000F04EFB05E0BAF1000FCDD10023A8F83A
:108E00004030049B013B0493ADD16069FFF730FC17
:108E1000204600F0D7FC0A9B30AA02EB830307F13F
:108E2000010953F8540C0BF01BFF394611AA804678
:108E3000284600F0A3FA0746A0683968FF2200F52B
:108E4000AE7010F02AFD3B6803934FF6FF77BA46E9
:108E500016AA4946284609F1010B00F08FFA18B30B
:108E6000A168036801F25B11002211F801EF985C20
:108E7000704503D110B101325245F6D1B8F1000F5F
:108E800001D0424507DBBA4206F1FF36A8BF3A4699
:108E9000012E97B208D0D946DAE75D4A534606213B
:108EA00020460CF0A9FCA1E7002F3FF41CAF03996A
:108EB000A7EB080292B2414420460CF0E4FC12E712
:108EC000A068D0F87C329E077FF50DAF01210BF032
:108ED000E4FE20460CF0F8FC05E7A068D0F87C32F0
:108EE0009D077FF500AF01210BF0D7FEA368D3F8F3
:108EF0007C321807EDD420460CF0C7FCF3E6204680
:108F00000CF0D4FBEFE620460CF0C7FB20460CF03B
:108F10000AFB10B96069FFF7ABFBA06801210BF0F9
:108F2000BCFEA3689A7D012A02D103229A75DAE673
:108F30002046FFF757FDD6E620460CF0C0FBD2E6F0
:108F400020460CF0C7FBCEE6D2F87C329F0603D554
:108F5000304960690BF077FEA368D3F87C329E0637
:108F600003D52D4960690BF06EFE204600F02AFC07
:108F7000B9E600212046FFF7DDFCB4E60121F9E760
:108F8000E06983681B79012B02D10CF0C0FDAAE6D1
:108F9000022B7FF4A8AE126D21460CF0A1FDA2E6D3
:108FA00020460CF073FB20460BF024FE0121A06844
:108FB0000BF073FEA368D3F87C329D067FF593AE69
:108FC000164960690BF03FFE8DE6204600F0F0FA8E
:108FD000A06801210BF061FE85E65B2B02D1022324
:108FE000537580E6D2F87C22900706D5622B07D114
:108FF0004FF0FF3120460CF00AFBA3680022D8E5B1
:10900000662BFAD10121F5E791C7010049D3010090
:1090100061B8010065A501006AA5010060A5010015
:1090200000215175A268D2F87C1289077FF506AD40
:10903000313B1B2B3FF657AE01A151F823F000BF87
:10904000BD900000C9900000DD900000B1900000CC
:10905000E78C0000E78C0000E78C0000E78C000044
:10906000E78C0000E78C0000E78C0000E78C000034
:10907000E78C0000E78C0000E78C0000E78C000024
:109080007D8F0000738F0000398F0000FF8E00007D
:10909000E78C0000B5900000E78C0000C190000054
:1090A000E78C0000E78C0000E78C0000CD9000000A
:1090B0000323537520460CF0F0FA14E6032353758E
:1090C00020460CF0E3FA0EE603235375A068D0F8AF
:1090D0007C1201F0010181F001012EE6032353759A
:1090E000A368D3F87C329B077FF5FDAD03E700232F
:1090F00076E700297FF4A0ADA0E500297FF4E8AD74
:109100009CE500BFF7B504468068154600F5207061
:10911000002937D04FF480410BF077FDA3681D651F
:109120006068036800219B68984780BB20460BF06D
:1091300048FE60BB4FF0FF364FF0FF37A06800F5E8
:10914000217000220721CDE9006710F021FBA06803
:109150000BF090FD0F4A042120460BF016FE0E4A3C
:10916000012120460BF011FE20460C4A02210BF093
:109170000CFE606803685B6903B19847A0680BF058
:1091800075FDDBE76FF480410BF04EFDC6E703B0E1
:10919000F0BD00BF1D860000594D0100FD4C0100CF
:1091A00010B50B4904460BF09BFE204609490BF015
:1091B00097FE204608490BF093FE204607490BF026
:1091C0008FFE2046064A002100F03EFB002010BD25
:1091D0004FD301008DD30100ECD3010040D4010036
:1091E000DBD40100F8B516460A46214904461F465D
:1091F0000BF076FE0025AF420ED9725D1D49204668
:109200000BF06EFE0135102D0BD06A07F3D11A4911
:1092100020460BF065FEEEE7184920460BF060FE95
:10922000F0E7174920460BF05BFE0025BD4213D244
:10923000725D1449A2F120035F2B28BF2E22204625
:109240000BF04EFE0135102D0BD06B07EED10A4905
:1092500020460BF045FEE9E7074920460BF040FEAB
:10926000F0E720460849BDE8F8400BF039BE00BFE2
:10927000F1D401008AC7010092C7010090C7010024
:1092800094C7010018D50100F8D401002DE9F04180
:1092900004468068D0F8A06288B0884615461F460C
:1092A000002E50D14FF42A72314610F0BBFAA0685C
:1092B00000F5217010F060FAA06800F5247001221A
:1092C00011460FF037FFA3691E60A0684FF40071CC
:1092D00000F520700BF099FCA36850225A87A36810
:1092E00018221A87216820460BF024FEA368174A2B
:1092F00066F38205C3F87C526068036841461D68C6
:109300002346A8470546D0B9A36801221A75D4E9B7
:109310000A0100220023CDE906230E2303930E9BAE
:109320000495CDE901730094094B4FF4006207F0F6
:1093300001FDA368C3F8A002616A07F031FC28466A
:1093400008B0BDE8F0816FF07705F8E7CF4C010079
:109350000591000010B5044613460A46014606482A
:1093600001F096FD23691B7923B12046BDE810402A
:109370000BF02EBE10BD00BFE94F010038B50B4603
:10938000154648B91449154A521AB3EB920F05D243
:1093900051F82350284638BD84680CB90025F9E7F8
:1093A0000F4A94420AD30F4A944207D218462268C1
:1093B000294690472B68002BECD1EFE70A4A9442EC
:1093C00002D30A4A944205D3246814225343E51871
:1093D000E358F0E70133F8E7DCA301000CA4010037
:1093E00038A5010040A501000CA4010038A501002A
:1093F000F7B503782D2B0446154605D16FF01503FC
:109400002B60002003B0F0BD01F0B0FB0B4F002338
:109410000646C3510A46204601A909F015F8F3593A
:10942000222B02D16FF02103EAE7002BE6D1019B4A
:10943000A342E3D01B78002BE4D0DFE70C00000050
:109440008368D3F87C329B0603D5024940690CF04F
:109450004BB8704770A5010001490CF045B800BF3A
:109460002DCB01000A1E0DDC0ED042238168D1F8FD
:109470007C12890608D5002A04494069B8BF5242C7
:109480000CF032B84123F1E7704700BF14D501005A
:109490000A1E0DDC0ED044238168D1F87C128906A7
:1094A00008D5002A04494069B8BF52420CF01CB8E4
:1094B0004323F1E7704700BF14D501002DE9F047C1
:1094C0008468054604F15C00F8F752F8002294F82D
:1094D0003C8087B29146668FA6EB0806BE4209DB48
:1094E000002F21DD5C32686910492244BDE8F04755
:1094F0000BF0FABF164434445C3294F85CA084F854
:109500005C90AB680A4968691A440BF0EDFFAB68E0
:109510003344324683F85CA0AC68638FA3EB080346
:10952000FF1A4FF00008D6E7BDE8F08761B80100E8
:109530008CBF010008290A4617D8836893F83E10AB
:10954000914212D083F83E208368082AD3F87C32F7
:1095500005D0990609D5054940690BF0C5BF9B06A2
:1095600003D5034940690BF0BFBF70471BD501000D
:1095700075A5010038B50D4609780446FFF7DAFFF6
:109580006A78072A11D8A36893F83F1091420CD04B
:1095900083F83F20A368D3F87C329B0605D5606929
:1095A0000249BDE838400BF09FBF38BD24D501000B
:1095B000F8B58368B3F854200446002A55D0B3F8B0
:1095C0005610002951D05B3103F15C050B4418465D
:1095D000A84206D3014611F80169202E3CD0A842CA
:1095E0003CD286B29DB2AB1B9BB2591C471CD21A0F
:1095F0000144384610F0FDF8A268B2F85430711BEF
:1096000013FA81F3A2F85430A368B3F8542013443A
:10961000002283F85C2009B220460BF0CFFFA3683C
:10962000D3F87C329A0603D5104960690BF05CFFD1
:109630003B460F4A082120460CF0DEF82046FFF793
:10964000FFFEA368D3F87C329B060ED560690949FA
:10965000BDE8F8400BF048BF0846B9E7014611F8ED
:109660000169202EBDD00846B9E7F8BD7AA50100F2
:1096700061B801007EA501002DE9F04704460F46C0
:1096800090460AB1FFF7DCFEA668D6F87C32B6F841
:1096900056505B0723D505F15C003044F7F768FFAF
:1096A0000546B5B9A368B3F85420A3F85620A068BE
:1096B0000BF027FF30B1B8F1000F00D017B160698F
:1096C000FFF7CAFE7942204609B2BDE8F0470BF029
:1096D00075BF1D4960690BF007FF013DE1E73046AA
:1096E000F7F746FFB6F85490738F19FA80F915FA18
:1096F00080F0B0FBF3F2B9FBF3F39A42AA461AD01A
:109700004845A368CEDA5A8FB0FBF2F302FB13038D
:10971000451C13B96069FFF79FFEA3680B4A5344C9
:10972000204693F85C300AF1010608210CF064F839
:10973000B2462846E4E75C35054A731908212046FD
:109740000CF05AF8AEE700BFF5DF010018D50100B4
:1097500061B8010013B583688DF80710D3F87C2237
:109760000446D00725D5B3F85610B3F854208A42E2
:109770001FD0481CA3F856000B449DF8072083F81F
:109780005C20A368D3F87C12890710D5D3F87C320B
:1097900060690B4913F0040F18BF2A220BF0A4FED6
:1097A00020460BF0C0FE10B16069FFF755FE02B015
:1097B00010BD01220DF1070120460CF02AF8F6E752
:1097C00018D5010010B583689A7D04461AB9094A74
:1097D00002210CF011F8A368D3F87C329B0707D55F
:1097E0002046FFF76BFE2046BDE810400BF0C1BEDF
:1097F00010BD00BF61B8010001490CF00CBA00BFF8
:109800002DCB0100F8B50F465168054616461C469B
:1098100011B11A460CF00CFAB3688BB121462846F8
:10982000FFF736FE074A08213B4628460BF0E4FFC7
:10983000B168E21D21B12846BDE8F8400CF0F8B946
:10984000F8BD00BF2DD501002DE9F0430E460021E3
:1098500089B0044617460D4603AA304601F10108B7
:10986000FFF78CFD88B96DB127B13A460821204633
:109870000BF0C2FF002103AA304601F10108FFF7F7
:109880007DFD60B909B0BDE8F083006810B1F7F75D
:109890006FFE80B2854238BF05464146DCE7D0F80E
:1098A0000090B9F1000F0FD099F8003063B147680C
:1098B000124B134ACDE90059082120460BF09CFFBA
:1098C00027B96069FFF798FF4146D4E70B4B0D4A73
:1098D000204608210BF090FF38460CF08AF9AB1DAA
:1098E0009BB228B13A4649462046FFF78BFFEBE78B
:1098F0001A46394620460CF09BF9E5E7E9E70100F6
:1099000038D5010085C70100F7B50F6805460E463A
:10991000D7B13846F7F72CFE84B2114B00930821DB
:109920003B4628460F4A0BF067FF716808460CF06B
:1099300060F9E31C9BB248B10A463168284603B07F
:10994000BDE8F040FFF75EBF3C46E6E731B11A469E
:10995000284603B0BDE8F0400CF06AB903B0F0BD92
:10996000E5E701004AD3010010B507490446F7F7BF
:10997000EDFD38B105492046F7F7E8FDB0FA80F073
:10998000400910BD0120FCE73FD5010042D5010090
:1099900010B58368D3F87C329B06044603D506498C
:1099A00040690CF0B1F9A36850225A87A3681822C5
:1099B0001A87002010BD00BF82A5010008B5836989
:1099C00002491A680BF08CFA002008BD49D5010045
:1099D000F7B50C490C4C0D4E05460BF081FA0022F0
:1099E000B44202F1010702D3002003B0F0BD636A64
:1099F0000093A368064992B228460BF071FA3034FE
:109A00003A46EDE759D50100ACA30100DCA3010003
:109A100071D5010008B502490BF08CFA002008BD91
:109A20002ECB010037B504460025A268E0680DF191
:109A3000060302F5AE7201210CF004FABDF806002F
:109A4000A36840B12A46064903F5AE7320460BF0E1
:109A500047FA0135E9E783F85C0103B030BD00BF88
:109A600082D5010010B504460BF09DFA0349024669
:109A700020460BF035FA002010BD00BF95D0010044
:109A8000022907B50BD15368009312680B4B0C49A0
:109A90000BF042FA6FF0150003B05DF804FB836829
:109AA000084AD3F87C32084913F0020F074B18BF5D
:109AB0001A460BF015FA0020EEE700BF8CD5010026
:109AC000A1D50100E9C30100AAD5010007C9010021
:109AD00010B58368D3F87C329A06044603D507494B
:109AE00040690CF011F9A368D3F87C329B0603D5CA
:109AF000034960690CF008F9002010BD89A5010038
:109B00008EA50100F0B5012985B004460BD053683D
:109B1000009312685E4B5F490BF0FEF96FF015057C
:109B2000284605B0F0BD8368D3F87C329A0603D589
:109B3000594940690CF0E8F86FF0F9012046FFF749
:109B400091FCFA212046FFF7A3FCA06800254FF402
:109B50008072294600F5AE708DF80B500FF062FE52
:109B60004E4960690CF0D0F860690BF031FA4FF49F
:109B70007A766068036801221F690DF10B0103AB5F
:109B8000B847039B0BBB013E4FF47A70B6B20FF09F
:109B9000F9F8002EEDD16FF08505A368D3F87C327B
:109BA0009B0603D53E4960690CF0AEF8002DB7D096
:109BB000A3683C4950225A87A36818221A87204676
:109BC0000BF09CF96FF00705AAE79DF80B20A3683E
:109BD0001B2A4FD093F85C111B29CAD1522A49D1B4
:109BE0005A19002382F85C31A66896F85D215B2A39
:109BF00027D106F25D15022215F8010F11463B2808
:109C000002F1010292B21FD1FF29C4D001F5AE7159
:109C100016FA81F1002011F8015FFDB9FA28074614
:109C200086F85C5128BFFA27FA2B1A46A16828BF8C
:109C3000FA220028AFD0002BADD04F87A3681A8737
:109C4000ABE786F85C31A6E703EB8303303800EB23
:109C50004300B2F5807F83B2CED19CE7013200EBA6
:109C6000800092B2303D05EB4005B2F5807FA8B28E
:109C7000D1D190E72B440135ADB2092D83F85C2199
:109C80007FF677AFA368002283F85C2183E700BFEB
:109C90008CD50100A1D5010094A50100ECE70100DD
:109CA00098A50100BBD501002DE9F04F074689B00A
:109CB0001546894621B110460CF03FF900285BD1CA
:109CC000032455E05C463CE029460AF5AE700FF0EF
:109CD00003FE0646002854D0F7F74AFC82B2601C07
:109CE0000132314630440FF084FD22465946304659
:109CF0000FF071FD4FF020033355BAF8583001339F
:109D00001C44AAF8584008F10108002401994B1C92
:109D100003AA48460193FFF731FB0646E8B13168D4
:109D2000002228460CF0A6F90028EFD1D6F800B0A2
:109D3000D7F808A0BBF1000FC4D05846F7F718FCBD
:109D400084B2BAF858302344FF2BBDDD0E4A2B46AF
:109D5000032138460BF050FD0124B8F1000F07D065
:109D6000B8682A4600F1580100F5AE700BF087FA8A
:109D7000204609B0BDE8F08F4FF0000841460224AC
:109D8000C5E70224E9E700BFB2DA010008B50448DC
:109D90000AF005F903480AF002F9002008BD00BFE7
:109DA00004DB010039DB0100014807F01BBF00BFE5
:109DB000F0B3010038B5044618B90F4B0F485B6883
:109DC00098476168B1F5683F10D0B1F5680F0DD0C4
:109DD0000B4DA9420AD011F46861206807D00146F2
:109DE00008480FF09DF800232360656038BD1422F9
:109DF0000FF018FDF9E700BF4C05002066DB0100FD
:109E00002C5F5CA93843022008B520B34368B3F542
:109E1000683F10D101220368BFF35B8F53E8001F36
:109E2000002903D143E800200028F7D1BFF35B8F5E
:109E30000DD1002008BD094A93420AD000684FF0B6
:109E4000FF324FF0FF3306F00BFB0028F1D004483F
:109E5000F0E70448EEE76FF4E040EBE72C5F5CA925
:109E6000E98FFFFFEA8FFFFF08B5D8B14368B3F56C
:109E7000683F10D100220368BFF35B8F53E8001FD7
:109E8000012903D143E800200028F7D1BFF35B8FFD
:109E90000BD1002008BD074A934208D0006806F0A5
:109EA00051FBF6E76FF4E040F4E70348F2E70348BC
:109EB000F0E700BF2C5F5CA9E98FFFFFEA8FFFFF8F
:109EC00010B5044618B91D4B1D485B689847636878
:109ED000B3F5683F2FD0B3F5680F2CD0194A9342E1
:109EE00019D1236803BB18484FF0FF324FF0FF33FE
:109EF000214606F0BDF908B923681BB90F4B13487A
:109F00005B6898472068142200210FF08BFC4FF407
:109F10006863636008E0B3F5680F0DD83A2B03D08F
:109F200040F6BA629342DED120680FF058F86368B9
:109F300043F03A03636010BD054AF3E74C05002087
:109F400066DB01002C5F5CA9384302208CDB01003A
:109F50003A00003A08B506490648402314220EF09C
:109F6000D2FFBDE808400449044807F0ADBE00BF79
:109F7000383E022038430220F8B301000CB401003F
:109F800008B50348034A0021121A0CF01FF808BD57
:109F9000F8090020345002200748084A084908B54B
:109FA000121A0CF015F80748074A0849BDE808409E
:109FB000121A0CF00DB800BF00000020F8090020B4
:109FC00028E80100000000200000002028E801002F
:109FD0002DE9F04F83B0814600AF0C4600297AD0BE
:109FE000484D2B68580736D06E468AB0D1E900013B
:109FF000A3686A46DFF820C14FF00508CDE905C027
:10A00000CDE9071342F8108F00234FF42151284661
:10A01000FDF764F92B685907B5461CD08AB0D4E91E
:10A02000030163696A46DFF8F4C0CDE90713CDE99F
:10A0300005C042F8108F00234FF421512846FDF748
:10A040004DF92B685A07B54605D0E3692E4A012120
:10A0500028460AF09DFCDFF8C8A0A04600264FF075
:10A060000A0B2B685B071FD0C7F804D08EB0D8E965
:10A0700008C0D8E90A136A46CDF81CC006F1010CE5
:10A08000CDE908C0B01CCDE90A01F11CCDE905A657
:10A09000CDE90C1342F810BF1A48002345F24001E5
:10A0A000FDF71CF9D7F804D00436102E08F110087B
:10A0B000D7D12B6858070ED0236E0121134A1148BF
:10A0C0000AF066FC2B68590705D0A369104A0D48B1
:10A0D00001210AF05DFCB9F1010F0AD1EFF305830C
:10A0E00008480268520704D00A4A103B49460AF061
:10A0F0004FFC2146484605F0D7FE0C37BD46BDE86B
:10A10000F08F00BF1807002017DC010069DC010098
:10A1100078DC0100A6DC0100B9DB0100E8DB01000E
:10A1200026DC010030BFFFF7FDBF00BF2DE9F04185
:10A130000B4EDFF8348006EB0807CC1B0546324691
:10A14000084920460FF047FBA01942460021083C71
:10A150000FF068FBC5F8AC4007F10800BDE8F081DE
:10A160000000000040A501000800000010B52D4CC3
:10A1700023685A0703D02C4920460BF036FF2B4B9F
:10A180009B6A9B014BD52368580703D02849254873
:10A190000BF02BFF1E20254B9B6AD90107D52368A6
:10A1A0005A0703D023491F480BF01FFF1F201F4BE6
:10A1B0009B6A1B0307D52368580703D01E4919481B
:10A1C0000BF013FF2120194B9B6A590307D5236815
:10A1D0005A0703D0194913480BF007FF2220134BED
:10A1E0009B6A9B0307D52368590703D014490D4880
:10A1F0000BF0FBFE23200D4B9B6ADA0307D5236887
:10A200005B0703D00F4907480BF0EFFE2420074AF5
:10A21000936A6FEA03436FEA1343936210BD1D20F4
:10A22000B9E700BF18070020B9DC010000ED00E02D
:10A23000D1DC0100E4DC0100FEDC01001CDD0100DA
:10A2400041DD01005BDD0100F8B5374C23685B0799
:10A2500006460D4603D0354920460BF0C6FE344B6A
:10A260009B6ADF0451D52368580703D031492E4833
:10A270000BF0BBFE17202E4B9B6A190507D52368F0
:10A280005A0703D02C4928480BF0AFFE1820284F5E
:10A29000BB6A9B0519D52368580703D02749224874
:10A2A0000BF0A3FEBB6BBA6A11040DD522685207EE
:10A2B00004D0234A1C4801210AF06AFB26B11C4A3B
:10A2C000936A23F4004393621920194B9B6A5B0540
:10A2D00007D523685F0703D01A4913480BF085FEA2
:10A2E0001A20134B9A6AD60511D52368590703D053
:10A2F00015490D480BF079FE1B200D4A936A43F473
:10A300007F43936200232B70F8BD1620B3E79B6A4E
:10A310009A04F2D523685B0703D00C4902480BF07E
:10A3200064FE1C20E9E700BF1807002086DD01005D
:10A3300000ED00E09CDD0100ADDD0100C0DD0100AD
:10A34000D9DD0100EEDD010009DE010021DE0100A2
:10A350002DE9F047454D2B68894659078046174639
:10A3600003D0434928460BF040FE424B9B6ADA0675
:10A3700039D52B685B0703D03F493C480BF035FECD
:10A3800011243C4B9B6A1E0707D52B68580703D046
:10A390003A4936480BF029FE1224DFF8D8A0DAF843
:10A3A0002830990721D52B685A0703D034492F4804
:10A3B0000BF01BFEDAF83460DAF828301B0651D5B2
:10A3C0002B685C0705D02F4A2848334601210AF044
:10A3D000DFFAB9F1000F04D0264A936A23F0800314
:10A3E0009362132403E01024CBE76FF01506214B92
:10A3F0009B6AD80707D52B68590703D022491B4809
:10A400000BF0F3FD14241B4B9B6A9A0607D52B68AF
:10A410005B0703D01D4915480BF0E7FD1524154BCC
:10A420009A6AD50602D49A6A90070AD55B6819051C
:10A4300007D54146304600F097FA10B180F30988FD
:10A4400002240C4B9A6A920642BF5A6A22F40052C6
:10A450005A629A6A42F0FF029A6200233B702046D9
:10A46000BDE8F0876FF01506BBE700BF18070020B6
:10A4700050DE010000ED00E066DE0100ADDD010010
:10A4800099DE0100B1DE0100C7DE010021DE01001E
:10A490002DE9F041724B9CB0D3F8048000AF054623
:10A4A000C8F30804002686F31188BFF36F8F02F00B
:10A4B0007F43B3F17F4F0AD102F00C03082B15D173
:10A4C00068480368590702D067490BF08EFD0026E3
:10A4D00035460023FB71E31E092B00F29D80DFE867
:10A4E00003F00A8F928B9B9B9B9B9B9512074CBF03
:10A4F0000D460126EDE75B4C23685B0703D05B4903
:10A5000020460BF072FD0023FB71554BDA6A900771
:10A5100008D52368590703D0554952480BF065FD0B
:10A52000002437E0DA6A002A04DA23685A07F7D0F1
:10A530005049F2E7DB6A5B00F2D52368580703D085
:10A540004D4948480BF051FD454BA9695A6942F401
:10A5500080725A61BFF34F8FBFF36F8F31F8022CB7
:10A56000596921F480715961BFF34F8FBFF36F8F29
:10A5700002F47F41B1F55F4F28D1D2B2022A25D132
:10A580002368590705D02B683C4A364801210AF058
:10A59000FFF92C68FB79ABB96822294607F108005E
:10A5A0000FF019F97B6A002E57D0C3F3080222B9C5
:10A5B0006FEA53236FEA43237B6207F108012046C9
:10A5C000FFF706FD7037BD46BDE8F0819A6AD2B24A
:10A5D0002AB1FA1D01212846FFF7BAFE0EE09A6A59
:10A5E00012F47F4F04D0F91D0120FFF72DFE05E086
:10A5F0009B6AB3F5803F93D3FFF7B8FD0446C9E7E4
:10A60000FA1D0021E7E7F91D0020EEE71548036871
:10A610005A0785D01A4981E7124803685B073FF45F
:10A620007FAF184A184B18F4F87FE8468AB008BF85
:10A6300013466A461549CDE905134FF40073ADF88A
:10A640002030103C124B079442F8103F00234FF487
:10A650001151FCF743FEC54662E76FF30803ABE711
:10A6600000ED00E01807002014DF01003FDF0100CB
:10A6700056DF010077DF010085DF0100A4DF010064
:10A68000C0DF0100E6DE0100FBDE0100E4DF0100C7
:10A6900004000001044B5A6942F010025A615A69E1
:10A6A00022F008025A61704700ED00E0EFF30880E5
:10A6B000EFF3098101B57246FFF7EAFE01BD00BF65
:10A6C000002080F31488BFF36F8F134880F308884D
:10A6D00004F020FC002011490860BFF34F8F00F008
:10A6E00033F8402080F311880D484FF0AA014FF451
:10A6F00008620BF06BFC0A484FF40861401880F3C5
:10A700000988EFF314800221084380F31488BFF313
:10A710006F8F00F0B5F800008093022094ED00E008
:10A72000007902200749D1F890200023C2F30722C4
:10A730001846934200DB7047C1F89830C1F8A0007A
:10A740000133F6E700ED00E008B572B6002383F3AD
:10A750001388FFF7E7FF144B4FF0FF32C3F8802058
:10A76000C3F88420C3F88820C3F88C20C3F8902055
:10A77000C3F89420C3F89820C3F89C20C3F8802124
:10A78000C3F88421C3F88821C3F88C21C3F8902131
:10A79000C3F89421C3F89821C3F89C2162B6BFF393
:10A7A0004F8FBFF36F8F08BD00E100E01EF0040F74
:10A7B0000CBFEFF30880EFF30980816911F8021CE8
:10A7C0000229FFD001B572460BF004FC01BD00BFA9
:10A7D00040B2002807DB044A4109012300F01F00B2
:10A7E000834042F82130704700E100E040B2002889
:10A7F0000CDB4309064900F01F0020330122824090
:10A8000041F82320BFF34F8FBFF36F8F704700BF16
:10A8100000E100E0054B420900F01F0053F8222040
:10A82000012303FA00F01040704700BF00E100E090
:10A8300040B2D30754BF023100210028ACBF00F161
:10A840006040074A4FEA4113ACBF00F5614000F099
:10A850000F00DBB2B4BF135480F80033704700BF61
:10A8600014ED00E0044B054A23F07F039360BFF32F
:10A870004F8FBFF36F8F70470010000000ED00E0B6
:10A8800008B5FFF7EFFF104BD3F8882022F47002D1
:10A89000C3F88820D3F8882042F4A002C3F88820A7
:10A8A0004FF04042C3F83422BFF34F8FBFF36F8F96
:10A8B0000023E1EE103AFFF763FBFFF76DFB00F0BA
:10A8C00037F905F02BFC00BF00ED00E0818941F075
:10A8D000020181814FF47D41C0F8F81042F8203C1C
:10A8E000009B42F81C3C0A49019B42F8183C029B21
:10A8F00042F8143C21F001014FF0807342F8043C0F
:10A9000042F8081C0023203A0265C0F8B0307047B6
:10A910005D660000838913F0020F124B03D190F89B
:10A92000F920D20611D45A6B42F080425A63D0F813
:10A93000F83019075CBF43F00803C0F8F83083898A
:10A9400043F002038381802070475A6B22F08042DB
:10A950005A63D0F8F8301A0744BF23F00803C0F850
:10A96000F830F0E700EF00E00A4A0346906878B15B
:10A9700013F1160FD0F89C0005D0A0F1800293428D
:10A9800005D3834203D2814228BF002070470020B4
:10A99000704700BF68470220104B9B6883421AD162
:10A9A000EFF30580B8B9EFF31181402282F31288EA
:10A9B000BFF36F8F9A8922F002029A81EFF314831A
:10A9C00023F0040383F31488BFF36F8F81F311889E
:10A9D000BFF36F8F70476FF0150070476847022014
:10A9E00008B515460E460022E1EE102AEFF3148258
:10A9F00022F0040282F31488BFF36F8FBFF36F8FCE
:10AA00000B4A0C4B9060D0F8AC201A6000F0C0F8F4
:10AA10002C4686F309880020034B984720460021E6
:10AA200000220023014C2047FF5F01005D6600000B
:10AA30006847022054430220014B10221A617047DC
:10AA400000ED00E0054B9A699B689A421FBF044ADB
:10AA5000536843F080535360704700BF684702203B
:10AA600000ED00E0084B9B6883420BD1EFF30583B8
:10AA700043B1064B5A6842F080525A605A6A22F437
:10AA800000425A6206F052BC6847022000ED00E026
:10AA900024498A6882F8F9E04FF030001044EFF35F
:10AAA000098C80E8F01F1EF0100F03D102F1B800EE
:10AAB00080EC108A402080F31288BFF36F8F1A4F0A
:10AAC0004FF000668A698A603E60D2F8AC00174C8D
:10AAD000206092F9F9E0D2F8B0000023C2F8B0305B
:10AAE00080F311881EF0100F03D00023E1EE103A1E
:10AAF00003E002F1B80090EC108AEFF3148323F026
:10AB0000040383F31488BFF36F8F04B5104600F07D
:10AB10003FF8BDE8044002F1300090E8F01F8CF3EC
:10AB2000098870476847022004ED00E05443022082
:10AB3000044800234021C2180133302B82F800134F
:10AB4000F9D1704700E100E008B5EFF30583064A4C
:10AB5000103B02EBC30152F8330049688847BDE857
:10AB60000840FFF76FBF00BFBC9F010001480068AD
:10AB70007047000054430220024B034A034801215E
:10AB800000F096B800000420000000201CB4010072
:10AB900010B50446FFF7BEFED4F89C2003460548D6
:10ABA000D21AC0E90023044B8360BDE810400121A4
:10ABB00000F088B85843022000000B1508B5034682
:10ABC0001148D0F89020C2F30722013A93420AD9E3
:10ABD0000E480268520703D00D4A012109F0D8FE41
:10ABE0006FF0150008BDC0F898300A6822F01F0207
:10ABF0001A4342F01002C0F89C208A6842F0010219
:10AC0000C0F8A0201846EDE700ED00E0080700209E
:10AC1000FBDF0100F0B50E4685B01F460446002557
:10AC2000B54210DA606828B3AFB1431E18420DD0A8
:10AC3000124803685B0704D0114A2B46012109F032
:10AC4000A7FE6FF01502104605B0F0BD7F28EFD9C2
:10AC500021680B42ECD1236801930BF0E8F9A3685B
:10AC600001A90343D0B20393FFF7A8FF10F1160F19
:10AC7000E7D0421C01350C34D2E700BF08070020A2
:10AC800021E00100044B0522C3F89420BFF34F8F4D
:10AC9000BFF36F8F704700BF00ED00E0BFF35F8F21
:10ACA000024B0022C3F89420704700BF00ED00E083
:10ACB00010B5034C01232278FFF7ACFF207010BDC4
:10ACC0001550022008B50B4A00231278FFF7A2FFA7
:10ACD00010F1160F07D0084A0021D2F89030C3F3C4
:10ACE0000723984200DB08BDC2F89800C2F8A01004
:10ACF0000130F2E71550022000ED00E02DE9F043AD
:10AD00005D485E49D0F890300C68C3F307239C423D
:10AD100085B000F2AE80FFF7C1FF4968002294427F
:10AD200001F10C011AD1564F564D3C706846FCF7A4
:10AD300055FD554C554E81464FF00008C14520D178
:10AD40003B784D490020D1F89020C2F3072293426E
:10AD5000C0F28980FFF796FF002050E0C0F89820ED
:10AD600051F80C3C23F01F03134343F01003C0F8C9
:10AD70009C3051F8043C43F00103C0F8A03001328C
:10AD8000CDE7009800EB08114FEA081CCB68234080
:10AD9000B3F5000F49D00BD8B3F5001F32D0B3F58F
:10ADA000800F37D0B3F5801F14D008F10108C5E734
:10ADB000B3F1007F42D0B3F1805F48D0B3F1807F20
:10ADC000F3D150F80C3088684A680BF030F940F045
:10ADD000887009E050F80C3088684A680BF027F951
:10ADE00040F0885040F43020039001A93878CDE934
:10ADF0000123FFF7E3FE002831DA6FF0150005B0FC
:10AE0000BDE8F08350F80C3088684A680BF00FF901
:10AE10003043E9E750F80C3088684A680BF007F9CE
:10AE200040F0C06040F40030DEE750F80C30886835
:10AE30004A680BF0FCF840F08270D5E750F80C300F
:10AE400088684A680BF0F3F840F48020CCE750F8AB
:10AE50000C3088684A680BF0EAF82843C4E73B786E
:10AE600001333B70A1E7C1F89830C1F8A00001336D
:10AE700069E74FF0FF30C2E700ED00E028B40100C1
:10AE800015500220000002110000F0FF0000081120
:10AE9000F0B587B007460E461446002110226846DA
:10AEA0001D460EF0BFFC02238DF802302A46054BEA
:10AEB000019321466846CDE9047607F047FC07B0C8
:10AEC000F0BD00BF4F60010008B5024B1B689847FA
:10AED000002008BD64430220034B044A18609378A5
:10AEE00043F002039370704764430220F80200208D
:10AEF00008B50649064821F00701C1F1005202F5E4
:10AF0000802208F08BFF002008BD00BFBB0C03208F
:10AF1000684302202DE9F04F91B01D461A9B06466A
:10AF20000C469346002B00F04B82B146294619F897
:10AF3000010B0BF097F8024620780BF093F83F2AAC
:10AF400007465FFA80F821D006DC92B12A2A32D077
:10AF5000D2B242452DD01EE05B2A7DD05C2AF7D1CB
:10AF6000EB07F6D470780BF07DF806F10209C2B257
:10AF7000EFE7E80602D5B8F12F0F03D0B8F10002D1
:10AF800018BF0122104611B0BDE8F08F18B12F286C
:10AF900003D1A9070DD50122F4E72E2809D16A07AC
:10AFA00007D55C45F7D0AB0703D514F8013C2F2B30
:10AFB000F1D001342CE070780BF054F8C1B22A299A
:10AFC00018D02E2F09D16F0707D55C45E3D0AE0707
:10AFD00003D514F8013C2F2BDDD079B915F002020E
:10AFE000D0D0ED0600F1EE812F2120460EF036FC88
:10AFF000021EC5E719F8010F2946DDE72F2909D1FF
:10B00000A80707D520460EF029FC04460028C2D028
:10B010004E468AE71A9B05F0020A5F1E2646B8F1E3
:10B02000000FB8D05A4600972B4621464846FFF7F6
:10B0300071FF02460028A5D0307829460BF012F89F
:10B040002F2804F1010404D1BAF1000FA3D1264640
:10B05000E8E75FFA80F8E1E700289CD02F2848D184
:10B06000AA0798D47378212B01D05E2B4FD1B31C43
:10B07000059301232946384606930AF0F3FFC3B22D
:10B080000493A0F14103192B099394BF00230123DA
:10B090000F93A0F120035E2B94BF002301230E9396
:10B0A000A0F16103192B089394BF002301230D9392
:10B0B000A0F121035D2B0B9394BF002301230C937C
:10B0C000A0F13003092B079394BF002301230A93B7
:10B0D000059B039306460022039B1B785D2B1ED124
:10B0E000059B03998B4222D2069B01F101099342F1
:10B0F0005EE72E28B6D16B07B4D55C453FF44BAF65
:10B10000A807AFD514F8013C2F2BABD143E7CDF8FE
:10B1100014900023AEE70122CDF80CA0DCE7002B51
:10B1200000F04C812F2B38D1A9073FF534AFDDF863
:10B130000CA029461AF8010B0AF094FF03994978EC
:10B140002D29C3B240F0348103998978002900F099
:10B150002F815D2900F02C8103985C2900F1020AFF
:10B1600004D1E9075CBF014601F1030A1AF8010B9B
:10B17000039329460AF076FF002800F01F8115F09E
:10B18000080F039B40F00E8104999942C0B2C3D3CB
:10B19000814298BF42F00102BEE703995C2B4978D7
:10B1A00005D1EB07C3D4039B01330393BFE75B2BAC
:10B1B000BDD13A29BBD1039B0020991C03468A4686
:10B1C00011F801CBBCF1000F46D17F497F4FBB4244
:10B1D00008BF884200F0DB80814277EB03015AD33D
:10B1E0007B49A7F510276FF4817C6744BB4208BFF9
:10B1F000884200F0BA80814277EB030137D375496A
:10B20000A7F50037A7F50177BB4208BF884200F0D9
:10B210009A8001F1C16107F57F4701F50031F137EF
:10B22000BB4208BF884200F09880DFF8CCC101F132
:10B23000E06101F50031634508BF88427FF477AFD4
:10B2400026F02003413B192B7FF665AF079B092BA6
:10B2500098BF42F001025FE711F802ECBEF15D0F0A
:10B26000B3D01B0243EA10634CEA0020A7E75A4917
:10B270005A4FBB4208BF884200F08E8007F1E0477A
:10B28000574907F57437F6378B4208BFB8427FF449
:10B290004EAF0C9B7CE05349534FBB4208BF8842E2
:10B2A0006BD0814277EB030129D35049A7F53F3793
:10B2B000A7F5FC77BB4208BF88426FD007F1C647AD
:10B2C0004B4907F5713707F57D778B4208BFB842C8
:10B2D0007FF42DAF0B9B0E2B7FF61DAFA6F13A032B
:10B2E000062B7FF618AFA6F15B03052B7FF613AF95
:10B2F000A6F17B03032B98BF42F001020CE7324911
:10B300003C4FBB4208BF88424AD007F1F04701F1E9
:10B310008061A7F588176FF4E16C01F5003167448F
:10B32000BB4208BF88427FF402AF079B092B7FF620
:10B33000F2AE099B052B7FF6EEAE089B052B98BF5E
:10B3400042F00102E8E6099B192B7FF6E4AE089B68
:10B35000192B98BF42F00102DEE6202E3FF4DBAE4F
:10B36000092E08BF42F00102D6E61F2E7FF7D3AEAA
:10B370007F2E08BF42F00102CEE6202E3FF4CBAE76
:10B38000A6F10903042B98BF42F00102C4E60D9B0D
:10B3900083F001031A43BFE60A9BF9E70E9BF7E728
:10B3A0000F9BF5E7A0F14101192998BF2030EBE68A
:10B3B0000499994208BF42F00102ADE65B22C8E55C
:10B3C0000322DFE50A46DDE55D3A7265776F6C00C2
:10B3D0005D3A6C725D3A61685D3A746967696400F0
:10B3E000617267005D3A6563617073005D3A746E07
:10B3F0006E757000707075006E6C6100064B0268AF
:10B400001A60064B42681A60054B82681A60054B49
:10B4100002691A60704700BF7C4302207843022013
:10B42000744302208043022070B54169867A0B4D37
:10B43000044659B1437ADB0706D4242303FB0653A1
:10B44000DB691B689B6898470023636124202146C1
:10B4500000FB0650BDE870400DF050BE1009002002
:10B46000024B242202FB0030704700BF100900206D
:10B470002DE9F04385B005466846039190461C4689
:10B480000EF0C6F8DDE90067EFF31189402383F37E
:10B490001288BFF36F8F6B8A002B41D02A8A9A42A1
:10B4A00025D900220023284605F09CF80446F0B177
:10B4B00089F31188BFF36F8F039B002B41D0324675
:10B4C0003B4668460EF0C9F8A27A264B242101FBC0
:10B4D00002332046DB691B6803A91D68DDE90023F0
:10B4E000A847606170BB2046FFF79EFF24E0698A91
:10B4F0004B1E6B8289F31188BFF36F8F2B7D2A8AD5
:10B500002C6A1B3323F00303521A02FB0344154B2E
:10B51000154AEB1A9B105343A3722B7DE372CBE7C2
:10B5200089F31188BFF36F8F23464246284605F002
:10B5300059F804460028BFD10024204605B0BDE8D4
:10B54000F0836361012300252381039B6382E27AF8
:10B550006560294604F118000EF064F963692582DC
:10B56000E360EAE710090020398EE338F8B5124DA0
:10B570000024242600B9F8BD00F108024768BFF393
:10B580005B8F52E8003F591E42E8001CBCF1000FDF
:10B59000F7D1BFF35B8FDBB2012BECD1837AC460B0
:10B5A00006FB035344609B6913B198473846E1E7B3
:10B5B000FFF73AFFFAE700BF10090020024B012213
:10B5C000C3F840250020704700E0014048B1054B1A
:10B5D000054A1B68B3FBF2F35843044B43F00103E5
:10B5E000184770473805002040420F00A0A5010011
:10B5F000BFF34F8F0549064BCA6802F4E06213435C
:10B60000CB60BFF34F8F00BFFDE700BF00ED00E050
:10B610000400FA052DE9F04190F8283003F01F03EB
:10B62000012B04460F4600F128062FD0022B18D01C
:10B630008BB394F8291020460AF03AFE024678B3FC
:10B6400030460AF01FFF1D4D002834D113693BB36B
:10B650003A463146204698470346FFF787FA2B5073
:10B6600024E0818DC9B20BF004FA05460028E0D031
:10B6700030460AF007FF024668688368CAB99B68CB
:10B6800073B13A463146BDE8F0411847818DC9B2E1
:10B690000BF0D6F9E9E790F829100BF00DFAE4E782
:10B6A000FFF764FA054B6FF085021A500020BDE8E1
:10B6B000F081DB68E4E7D368C9E700BF0C00000055
:10B6C0002DE9F04F0B7E33F0800893B004460D4611
:10B6D000164640F08E847AB10846FFF747FF6B7E2E
:10B6E000DF0703D49E0711D52B7E7BB9204613B00C
:10B6F000BDE8F04F0AF0F2BE4A7E00F1280990073B
:10B7000008D5802B0CD12846FFF730FF404613B0F8
:10B71000BDE8F08F910700F02784002B40F02484CF
:10B72000D2072FD52B8A082B40F00684EA681368CD
:10B73000A3625368C9F80430294600200AF0BCFC13
:10B74000054610B1FFF712FFEFE048460AF09AFEF7
:10B75000E28D70B9B2B12946A0690CF0CBF901466F
:10B76000002800F02D84204613B0BDE8F04F0BF008
:10B7700029BB3AB1114620460BF01FFB05460028B5
:10B7800000F01E84FFF7F2F994F82880B14F0023EF
:10B7900018F0600FC351C8F3411307D0032B40F0DA
:10B7A000BD81FFF7E3F96FF0850337E048460AF003
:10B7B00069FE94F82930002840F04E81013B0A2BA5
:10B7C000EFD801A252F823F03FB90000A3B7000060
:10B7D000CBB90000A3B70000F5B70000A3B7000085
:10B7E000A3B70000A3B7000065B80000A3B700002E
:10B7F000C7B80000618D7F29D3D8A38D002BD0D18D
:10B80000E38D002BCDD118F01F0FCAD194F8303042
:10B81000022B05D1FFF7AAF94FF0FF333B5076E03A
:10B82000A069036993F880301B0707D5C9B20AF0F5
:10B830008BFE804628B1002D6CD167E7012384F888
:10B84000393094F83030012B0AD1638D43B984F834
:10B850003030FFF78BF93B58002B00F0858056E025
:10B860000123F4E720460AF06CFC628DFF2A0146B2
:10B8700097D8E38D002B94D194F82830D80690D136
:10B8800094F83030002BC5D02AB1D2B220460AF04D
:10B89000FDFF0028BED0618D94F838308B42D8D09F
:10B8A000C9B220460AF0F9FF80460028C3D1628D54
:10B8B000002A14BF0223012384F8303005212046DA
:10B8C0000BF00EFBC5E708F01F08B8F1010F7FF47D
:10B8D00068AFE38D002B7FF464AF628DFF2A3FF6E3
:10B8E00060AFA18DFF293FF65CAF94F83030022B9A
:10B8F00090D1D2B2C9B220460BF0E2F910F1020F9A
:10B90000804640F01081FFF731F947F8008065B1BB
:10B910004FF000082846FFF729FEB8F1000F7FF42A
:10B92000F5AEFFF723F93B58F3B148460AF0AAFDFC
:10B930000346A069002B00F04F83802155E3E38D7F
:10B94000002B7FF42EAF94F83030002B3FF462AF21
:10B95000012BA18D02D100297FF45CAF18F01F08E4
:10B960000CD0B8F1020F16D0E38D002B40F0D78237
:10B9700020460AF09DFD0028D7D1B7E600297FF4C4
:10B9800049AF638D012BEFD194F86C3061F3C303A1
:10B9900084F86C30E8E7B4F82AA0BAF1000FE3D1DC
:10B9A0005FFA81F8414620460BF080FA0346FFF724
:10B9B000DDF83B50013302D14FF0FF383BE75246F0
:10B9C000414620460AF064FD43E7E38D002B7FF4F7
:10B9D000E8AE628DA38D022A5FFA83FA11D108F0D6
:10B9E0001F085AEA08087FF4DCAEA0690122190A90
:10B9F0000AF087FD00287FF4D4AE012384F83930A3
:10BA000027E794F8301000293FF404AF012902D150
:10BA1000002B7FF4FFAE18F01F0811D0B8F1020F11
:10BA2000A2D1002AA0D1514620460BF02AFA0346A3
:10BA3000FFF79CF83B500133BED001225146C0E7CE
:10BA4000002B7FF4E7AE012A8ED194F86C3043F0DE
:10BA500008039DE70C0000000A2B3FF6A2AE01A2EE
:10BA600052F823F091BA0000A3B70000A3B700007A
:10BA7000A3B70000A3B70000A3B700000BBB0000F2
:10BA8000A3B700009BBE0000A3B70000C5BE000026
:10BA9000E38D022B7FF485AE94F83030002B3FF419
:10BAA000B9AE012BA18D02D100297FF4B3AE18F0FD
:10BAB0001F0811D0B8F1020F1CD04FF0000805F19B
:10BAC0000C0A50460AF0D6FCE38D984218D2FFF7D4
:10BAD0004DF86FF00B03A1E600297FF49BAE94F8BC
:10BAE0006C304FEA930808F00208C3F3001348EAE9
:10BAF0000308E4E7C9B220460BF0E7F98046DEE729
:10BB0000414650460AF0FBFAA3E6B4F82AA018F022
:10BB10001F0F4FEA1A235FFA8AFA09D029462046F6
:10BB2000FFF778FD8046B8F1000F7FF484AE90E611
:10BB3000013B0E2B3FF635AE01A252F823F000BFB9
:10BB40007DBB0000BDBB000067BC0000A3B70000C8
:10BB5000A3B700005FBC00005FBC0000A3B70000FB
:10BB6000A3B70000A3B70000A3B70000A3B700006D
:10BB7000A3B70000A3B70000A9BD000005F10C08A1
:10BB800040460AF077FC83462046B4F82EA00AF01F
:10BB9000D8FA20B101287FF404AE616F00E0216F74
:10BBA000002900F02A820A78DA4528BFDA46524591
:10BBB00028BF524640460AF091FA4AE620460AF06B
:10BBC000C0FA0AF1010201900146D2B220460AF001
:10BBD00037FE804600283FF4E4AD05F10C0AD0F8AA
:10BBE00004B050460AF046FC9BF80020824228BF71
:10BBF0000246594650460AF071FAD8F80CB0BBF12B
:10BC0000000F09D1298AE38D99427FF622AEC91A25
:10BC100050460AF07EFA1CE6DBF8040083681B6BD2
:10BC200013B9DBF800B0EAE7019998470028F8D08B
:10BC3000A0F1040858F8041F0029F2D00A78002A5D
:10BC4000EFD05046CDE902210AF014FC029A039984
:10BC5000904238BF82B250460AF040FAEAE72046E6
:10BC60000AF06FFA9DE55246032120460AF060FB78
:10BC7000824600283FF495AD0AF0F7FBB4F82EB0E9
:10BC80009AF81530C8B99AF814808DF828808DF884
:10BC90002930DAF8103005F10C0A1B88ADF82A308B
:10BCA00050460AF0E7FBC3455A4628BF4246824247
:10BCB00028BF02460AA950467DE7DAF808208DF829
:10BCC0001530C14B1340C14A4FF0000893428DF824
:10BCD000148058D1102106A80CF021FA021EFFF69C
:10BCE00060AD0AA9102ADFF8ECE20DF1180C084645
:10BCF00028BF1022424501F1020133D892000232DE
:10BD00005FFA82F88DF81480034605F10C0A50465C
:10BD100002930AF0AFFBD845424628BF5A469042EC
:10BD200028BF104602288346804628BF4FF0020BEA
:10BD30005A46A8EB0B0805A950460AF0CFF94FEA7E
:10BD400058030193029B9B4603EB5802934521D174
:10BD500018F0010F3FF47DAD019A995C50460AF04E
:10BD6000C6F976E51CF8013B4FEA131A03F00F03FE
:10BD70001EF80AA01EF8033001F802AC01F8013CDD
:10BD800008F10108B6E79AF81480DAF810308DF857
:10BD90001480BAE71BF8011B5046CDE902320AF0C5
:10BDA000AEF9DDE90232D1E720460AF0CAF938B12E
:10BDB00001282CD0FEF7DAFE6FF085033B5048E5F2
:10BDC000236F002B00F019815B88B3F5007FF1D958
:10BDD0007F4B0A9300238DF82C30E36C04F14C0B5D
:10BDE0009B4508BF0023BDF82A10A3B15A7D0F2A36
:10BDF00008D11A7D0A44ADF82A209DF82C20013282
:10BE00008DF82C20226D934203D01B68EBE7636F03
:10BE1000D7E7BDF82A10019105F10C0A50460AF047
:10BE200029FBB4F82E800199884528BF88468045B3
:10BE300028BF80464246052A28BF05220AA9504647
:10BE400001920AF04BF9019AB8EB02083FF401ADF8
:10BE5000E36C5B453FF4FDAC002B3FF4FAAC5A7D3C
:10BE60000F2A14D11A7D19690193424528BF424611
:10BE700050460AF033F9019B1A7D424594BFA8EB66
:10BE80000208A8EB0808B8F1000F3FF4E2AC226DFD
:10BE900093423FF4DEAC1B68DEE794F83030002BB1
:10BEA0003FF4B8ACE38D012B7FF47BAC05F10C08BB
:10BEB00040460AF0DFFA00283FF409AE94F8381043
:10BEC00040464CE708F01F08B8F1010F7FF4A2AC20
:10BED00020460AF0C9FC00283FF49CACB4F82CA022
:10BEE000BAF1FF0F3FF65DAC43681B795345FFF491
:10BEF00058AC5FFA8AF30F2B3FF653ACE38D012B5E
:10BF00007FF44FAC05F10C0840460AF0B3FA002864
:10BF10003FF4DDAD04EB0A0393F83A10D0E748464E
:10BF20000AF0B0FA18B92846FFF720FB20E52946A9
:10BF300020460AF047FF08B1284603E4A0690369D8
:10BF400093F8801011F004017FF4D0AB0BF0E6FD04
:10BF5000054600283FF4E9AC014620460AF032FFCE
:10BF600000283FF4C3ABE7E752077FF5DEAC002BB8
:10BF70003FF4C9AB2846FFF7F9FA94F83930002BA3
:10BF80003FF4C4AB94F82930052B05D1618DA0692D
:10BF9000C9B20AF0D9FA064694F82930032B09D120
:10BFA000638D022B06D1A18DA0690022090A0AF037
:10BFB000A8FA0646002384F83930B046FFF7A6BB3E
:10BFC0006FF00B06B1E400BF00FF020000030200A7
:10BFD000050F0500F1E70100E38D002B3FF4ADAC48
:10BFE00016F10C0118BF0121C9010BF0BDFCFFF7D0
:10BFF0007DBB6FF00408FFF789BB6FF015081AE4EA
:10C000000B78062B10B414D10369D3F89C20EFF3FE
:10C010001184402383F31288BFF36F8F4B68002095
:10C020001860506A60B9C2E9083384F31188BFF31D
:10C030006F8F05485DF8044B002200230CF0C0BF51
:10C0400003605362F1E700BF840800202DE9FF413F
:10C0500040264FF0FF335E484FF0FF3201A904F055
:10C060009BF9039B1B69D3F89C40236A93B1EFF3C0
:10C07000118286F31288BFF36F8F216A29B1606A3B
:10C080000B682362814208BF636282F31188BFF3A9
:10C090006F8FC9B99DF80430062BDAD0072BD8D89A
:10C0A00001A252F823F000BFFBC00000EFC0000067
:10C0B0001BC1000001C100003FC1000035C10000EC
:10C0C00053C00000C9C100000B7ED1F81E205D06E0
:10C0D000204609D1FFF7F4FA02460028C5D007210F
:10C0E00020460AF0FDFEC0E70AF0BAFCF4E70022A1
:10C0F000012120460AF0F4FEABE700221146F8E7E2
:10C1000094F86C3043F0040301A984F86C302046A5
:10C110000AF042FA00220321EBE794F86C3023F096
:10C12000040301A984F86C3020460AF035FA002295
:10C130000221DEE701A920460AF02EFA89E794F8E9
:10C140006C30A76923F0040384F86C30D7F80880BA
:10C150003B69BFF35B8FD3F8A030BFF35B8F9A07C7
:10C160002FD5D8F83C3038469847D8F824300021ED
:10C1700038469847D8F84030054638469847ADB914
:10C18000294620460AF089FB054678B9A0690BF0DC
:10C19000E4FC831E5842584194F86C3084F83050C7
:10C1A00023F0680343EA401384F86C300022042132
:10C1B00020460AF095FE002D3FF44BAF2A4607219A
:10C1C00097E74FF0FF35F1E7029A062191E700BFAC
:10C1D0008408002030B589B000220023CDE9062371
:10C1E00000246FF00703CDE90334CDE901441A4B75
:10C1F0001A4900944FF48062194804F09BFD1949D4
:10C20000174804F0CDFC184B18498B4207D3184B44
:10C21000184900208B4210D3002009B030BD03F133
:10C220001402BFF35B8F52E8000F42E80045002D77
:10C23000F9D1BFF35B8F1833E7E703F11402BFF3C3
:10C240005B8F52E8004F42E80005002DF9D1BFF3A3
:10C250005B8F1833DEE700BF4DC000000072022084
:10C26000B81600208BBB0100B0090020F80900209F
:10C27000F8090020F809002038B5024609490546AA
:10C2800080690BF0D0FC044648B985F83800284690
:10C290000AF0D9F9044610B1A8690BF0F7FC204662
:10C2A00038BD00BF01C0000070B5084C084E0546FF
:10C2B000B44202D30024204670BD63682846196842
:10C2C000F5F744F90028F6D01834F1E7B00900205A
:10C2D000F809002070B50646EFF31181402383F37F
:10C2E0001288BFF36F8F1B4D2A6881F31188BFF34B
:10C2F0006F8F526892F86C20D20705D4BDE8704069
:10C300002122002304F0DCBBEFF3118283F31288B7
:10C31000BFF36F8F2C682CB1696823682B608C4247
:10C3200008BF6B6082F31188BFF36F8F44B1606800
:10C3300004F10801C3699847074821460CF0F0FD55
:10C340002B6833B130460022BDE87040002304F072
:10C3500083BB70BD844302205007002030B585B0F8
:10C36000CDE90012054600221448002303A903F07A
:10C370007FFF0246E8B9039BDDE900015D600833F9
:10C3800083E80300EFF31180402383F31288BFF3A7
:10C390006F8F039B1A600A4A516861B9C2E9003382
:10C3A00080F31188BFF36F8F06480022002304F04A
:10C3B00053FB05B030BD0B605360F1E75007002020
:10C3C000844302209000002038B54B78046945680A
:10C3D0002069202B08D0222B19D0FEF7C7FB114B68
:10C3E0006FF085021A5010E0CB88072BF5D1D36887
:10C3F0001A6842609A8802819B7983720AF091FDE3
:10C400002246082128460AF079FD002038BD4B88D5
:10C410008381C3F3400203F0010302764376224690
:10C420000921EFE70C00000008B513464A78212ADD
:10C4300014D133B9FEF79AFB0B4B6FF00B021A5075
:10C440000AE0CA8801690969072A28BF072204315E
:10C4500003F10C0009F042FE002008BDFEF786FB48
:10C46000014B6FF08502EAE70C00000073B5046928
:10C470008DF807104025EFF3118685F31288BFF37E
:10C480006F8F0122E06B0DF1070108F075F986F35B
:10C490001188BFF36F8F012810D00CF0E5FEA8B112
:10C4A0000E4BBFF35B8F012253E8001F002903D11D
:10C4B00043E800200028F7D1BFF35B8F212200233F
:10C4C00004F1480004F0C8FA02B070BDA37E002B4E
:10C4D000E6D0002121200CF0B9FFCCE78C430220EC
:10C4E00038B505690E49EB6B0024C3E90144DC60F3
:10C4F0006B6B05F14800C3E90144DC600CF09BFE66
:10C5000005F1780007490CF06AFE074905F124009F
:10C510000CF065FE28460AF004FD204638BD00BF39
:10C52000F17001003B7401008D73010030B50D4DB9
:10C53000C0430A44914201D1C04330BD11F8013BD0
:10C5400083EA000404F00F0455F8244084EA101034
:10C5500080EA131303F00F0355F8233083EA101019
:10C56000E8E700BF68B40100F8B5036900AF0C4606
:10C5700003F1A005BFF35B8FD3F8A030BFF35B8F4F
:10C58000C3F3800399421CD11A48036813F0060FC5
:10C5900017D0194A194B6E4688B0002918BF1346A8
:10C5A0006A461749CDE905134FF40073ADF81C3006
:10C5B000144B42F8103F00234FF4E451FAF78EFE7B
:10C5C000B546BFF35B8F5CB155E8003F43F0040311
:10C5D00045E80032002AF7D1BFF35B8FBD46F8BDB6
:10C5E00055E8003F23F0040345E80032002AF3D069
:10C5F000F6E700BF44070020BAE10100A9CC010022
:10C6000084E00100030000012DE9F0470546D0F861
:10C6100008A0894690461F460BF055F80446F0B135
:10C62000067DF1070CD51A4803685A0704D0237E0B
:10C63000184A012108F0ACF96FF07700BDE8F087E7
:10C640003B46424649460AF0F8FF58B9104803688D
:10C650005B0704D0237E104A012108F099F96FF09E
:10C660001200EBE79DF8203084F8198026F00606CA
:10C67000678323772675DAF81830214628469847CD
:10C68000227DB0FA80F35B0963F300022275D5E7DF
:10C690004407002096E00100B0E0010070B50546B7
:10C6A00086680BF010F80446E8B1037DDA070BD476
:10C6B0000E4803685B0704D0237E0D4A012108F071
:10C6C00067F96FF0770070BD0146F3692846984717
:10C6D00038B1237D03F00103227D63F3000222754C
:10C6E000F1E70346F8E76FF01200ECE7440700209B
:10C6F000D2E00100F8B587680546FB6B0C46984709
:10C7000028690AF0CEFFF8B1214628460AF0DBFF7F
:10C710000646E0B1037D9B070AD00E48036803F08C
:10C720000703022B04D9337E0B4A032108F030F9AA
:10C73000346824B1BB6831462846984704462846E9
:10C740003B6C98472046F8BD4FF0FF34F7E76FF099
:10C750001204F4E744070020EDE001002DE9F34165
:10C76000D0F808801746D8F83C3005460E46984762
:10C770000D48002200233946FEF77AFE044688B9A8
:10C780000A4803685B0705D0094A00963B46012129
:10C7900008F008F92846D8F840309847204602B0FB
:10C7A000BDE8F0810676F5E7100900204407002077
:10C7B0000EE1010010F0080F0B4B42B20CD100F05B
:10C7C0000F00002A4FF0140202FB0033B4BFD3F86D
:10C7D0000806D3F808077047002AB4BFD3F8A806A4
:10C7E000D3F8A807704700BF00700240F8B50246B2
:10C7F000EFF31181402383F31288BFF36F8F00F0B2
:10C8000008050BF07CFA0124844057066FEA040601
:10C810001BD0D5B9174F3B6823FA00F0C00714D5D9
:10C8200033403B6053B2DB4322F08000DB0F00F269
:10C83000DA301B0103EB40030F48C0F80038D0F892
:10C84000043843F00203C0F804380C48036833404E
:10C85000036035B90A480368120654BF33402343C6
:10C860000360054BC3F86C4481F31188BFF36F8FED
:10C87000F8BD00BFE843022000700240EC430220F4
:10C88000F0430220EFF31180402383F31288BFF3BB
:10C890006F8F0A4BD3F8001C032261B949F275313E
:10C8A000C3F8001CC3F8142DC3F8001C80F31188D2
:10C8B000BFF36F8F7047C3F8142DF7E700E0064011
:10C8C000EFF31180402383F31288BFF36F8F0A4B7D
:10C8D000D3F8001C61B949F27532C3F8002CC3F8D3
:10C8E000141DC3F8002C80F31188BFF36F8F7047BD
:10C8F0000022C3F8142DF6E700E0064070B50246AA
:10C900000BF0FDF9EFF31185402383F31288BFF399
:10C910006F8F531E0124062B04FA00F40FD80E4E1D
:10C920000E4B31681B680B43C34013F0010306D163
:10C930000B4802F59472214340F822303160094AD5
:10C94000136823431360084B8022C3F8042185F346
:10C950001188BFF36F8F70BDE8430220F0430220BF
:10C9600000700240EC43022000E100E0F8B503064D
:10C97000044623D410F0080720D100F00F029200E3
:10C9800002F1804202F51C32D2F84434B3B1EFF325
:10C990001186402383F31288BFF36F8F0BF0AFF93A
:10C9A000084DC2F8A074012303FA00F12B6823EAB2
:10C9B00001032B6086F31188BFF36F8F024BC3F81E
:10C9C0001845F8BDF04302200070024010B591F9FF
:10C9D0001800154B0A7E0028B4BFD3F81045D3F8D1
:10C9E000144502F00F020123934023420DD10E4A59
:10C9F0000028B5BFD2F81005D2F81405034303434D
:10CA0000B4BFC2F81035C2F814350B7E1A0709D42A
:10CA1000054AC2F80C3543F48073C2F80C35087E21
:10CA2000FFF7A4FF002010BD007002400B7E064AF5
:10CA300013F07F0F0BBF012343F480735365C2F8DB
:10CA400018350020704700BF0070024070B50646E0
:10CA50000D460AF038FE04460AF03EFE28BB20468A
:10CA60000AF05DFE08B3802D16D1437E9A0744BFBD
:10CA70000E4A15705B070FD50D4B1B7813B90D4B84
:10CA800001221A6520460AF046FE00220146304681
:10CA9000BDE870400AF05CBE2846FFF72FFF204635
:10CAA0000121BDE870400AF01BBE70BD1850022085
:10CAB0001D5002200070024070B506460C460AF078
:10CAC00002FE05460AF008FE20BB28460AF027FEB3
:10CAD0000146F8B1ACB9437ED8071BD49A0704D5F8
:10CAE0000D4B1C700D4B0122DA644B7E5B0708D5A1
:10CAF0000B4B1B7873B130460022BDE870400AF042
:10CB000027BE2046FFF7FAFE28460121BDE8704007
:10CB10000AF0E6BD70BD00BF185002200070024050
:10CB20001E50022008B50848036803F00703022BD3
:10CB300003D9064A03210BF0EAF80BF042FF02F09A
:10CB4000B7FD002008BD00BF480700203CE1010000
:10CB500010B54468206801F033F9124B1860124B8D
:10CB60001B782BB1114B0022186811460AF0E4FD26
:10CB7000002201212720FDF75BFE201D02F066FD4B
:10CB800004F1080002F0A0FD0BF014FF0848036850
:10CB900003F00703022B03D9064A03210BF0B7F871
:10CBA000002010BDA04302201A500220F4430220AE
:10CBB0004807002045E10100012810B503461AD0BE
:10CBC00002280AD000BB154B0246014618680AF03D
:10CBD000B3FD134B01221A700CE0124B124C0022D1
:10CBE0001A70124BC4F800332720FDF7F1FD012322
:10CBF000C4F8043510BD094B0022014618680AF03C
:10CC00009BFD074B0022E6E7094802685207F1D076
:10CC1000084ABDE81040012107F0BABEF4430220E3
:10CC20001A5002201950022000700240FDFFDF015F
:10CC30004807002051E10100014601480CF0A1BD68
:10CC4000FC08002008B5054B1970054B1B7813B183
:10CC50000420FFF7F1FF002008BD00BF1B50022099
:10CC60001C50022010B50469087E0D4A0BF047F8ED
:10CC7000012303FA00F013680343136004F08CFAF5
:10CC80004020FFF7D9FF4FF0FF324FF0FF3304F1A0
:10CC90008401044803F054FF04F092FA002010BD10
:10CCA000E4430220080900202DE9F04F554FD0F849
:10CCB00010803B6803F00703022B89B0064604D9B5
:10CCC000514A032138460BF022F8504B1E6008F100
:10CCD00084000CF084F900220023CDE9062300240F
:10CCE0006FF00703CDE90334CDE90144484B4949CE
:10CCF00000964FF40072484804F01CF8DFF83C91AD
:10CD00004649454803F04CFFD9F81020444B1340E6
:10CD100043F4820343F04003C9F81030CA4689F84F
:10CD20001840494630460AF0E0FC3E4B3E4A054674
:10CD300090B13B685B0704D03C4A324801210AF0BD
:10CD4000E6FF284609B0BDE8F08F0169194011439C
:10CD5000016109F12009E2E70134092C10D00AEB46
:10CD60004410082C817C41F040018174EDD1DAF847
:10CD700010112F4808402F490143CAF81011E8E765
:10CD8000DFF8BC902C4BD9F81020264C134043F40C
:10CD9000041343F04003C9F810308246CB466AF0D2
:10CDA0007F0289F81820494630460AF09EFC1E4B47
:10CDB00005460028BDD10AF1010ABAF1090F18D0C1
:10CDC0000BEB4A11BAF1080F8A7C42F020028A74F8
:10CDD00008D1DBF8102116491140164A0A43CBF856
:10CDE000102103E00A6922401A430A6109F120096F
:10CDF000D5E798F8803023F0720343F0720388F887
:10CE000080309EE74807002068E10100F4430220DB
:10CE1000EDCE000080760220B817002070E10100FE
:10CE20000000BEFF0000F9FF4000060079E10100AC
:10CE30000000F7FFFF0108000000DEFF1845022098
:10CE4000F843022010B50C46204611460AF069FC52
:10CE5000207E0AF054FF014603480AF05AFF0120E1
:10CE6000FFF7EAFE002010BD3C46022008B5064A46
:10CE70000B7EC2F80C3543F48073C2F80C35087E83
:10CE8000FFF774FD002008BD0070024010B50C7E55
:10CE90004FF0FF324FF0FF33114803F00DFC2046F6
:10CEA000FFF7A4FC04F00F02012393400D4A14F095
:10CEB000800F14BFD2F81015D2F814156FEA0303CF
:10CEC00015BF0B400B40C2F81035C2F814350448AA
:10CED00003F0BEFB044B8022C3F80421002010BDE8
:10CEE000BC0800200070024000E100E02DE9F04F96
:10CEF000C34E85B004464FF0FF334FF0FF32CDE90B
:10CF000000234FF0FF310022BE480CF041FCBD4829
:10CF10004FF0FF310CF038FC050707463BD533686E
:10CF200003F00703022B04D9B74A032130460AF065
:10CF3000EEFE4FF0FF324FF0FF33B44803F0BCFB7E
:10CF4000EFF31181402383F31288BFF36F8FB04B4F
:10CF50001B7883B1AF4BD3F8002412F400720AD1CE
:10CF60000120C3F82C05D3F82C05D3F80004800564
:10CF700048BFC3F82C2581F31188BFF36F8FA348F6
:10CF800003F066FB01212046FFF7EEFA00220321A1
:10CF900020460AF0D1FBFB0612D5336803F00703E5
:10CFA000022B04D99C4A032130460AF0B0FE00212E
:10CFB0002046FFF7D9FA0022022120460AF0BCFBE6
:10CFC000BD0612D5336803F00703022B04D9934A38
:10CFD000032130460AF09BFE00212046FFF7C4FAE9
:10CFE0000022022120460AF0A7FBB80764D4F90703
:10CFF00010D5BFF35B8F8A4B002253E8008F43E8C4
:10D0000000210029F9D1BFF35B8F0125B8F1000F92
:10D0100040F0CA80790737D5824B4FF0000E83F875
:10D0200000E07C4BD3F880245FFA82FC8DF808C0C6
:10D03000D3F88404C0B28DF80900D3F88824D3F85B
:10D040008C1442EA012292B2ADF80A20D3F890146F
:10D05000D3F8945441EA0521ADF80C10D3F8981494
:10D06000D3F89C5441EA052189B26F4DADF80E10FA
:10D07000BCF1000F40F0B180052840F0AE800123E4
:10D080002B70002900F0B5807B067FF534AF206956
:10D0900084304FF0FF324FF0FF3303F0E1F9634D7E
:10D0A0002968002940F0E380614803F00FFD206902
:10D0B000843003F047FA1EE75E4BBFF35B8F00221C
:10D0C00053E8008F43E800210029F9D1BFF35B8FBB
:10D0D0004FF0010AB8F1000F89D098FAA8F3B3FA1B
:10D0E00083F30F2B1D46C6BFA3F11005EDB245F02B
:10D0F00080050AFA03F32A0628EA0308294620468F
:10D1000033D50AF0E0FA83460AF005FB814668B998
:10D1100033685B0705D0484A2B460121304607F0AB
:10D1200037FC29462046FFF791FCD3E700215846FB
:10D130000AF0D6FA0022494620460AF009FB802D63
:10D14000EFD1384B83F800A0324B0021C3F850A038
:10D1500020460AF0B8FA0AF0DEFA01460028E0D0CC
:10D16000002220460AF0F4FADBE70AF0ACFA834624
:10D170000AF0D1FA814668B93368580705D02F4ABA
:10D180002B460121304607F003FC29462046FFF7D5
:10D1900093FC9FE7584600210AF0A2FA0022494674
:10D1A00020460AF0D5FAF0E798FAA8F3B3FA83F329
:10D1B0000F2B1946C6BFA3F11001C9B241F080017F
:10D1C00005FA03F30A0628EA0308204602D5FFF70A
:10D1D0003DFC1BE7FFF770FC18E7194985F800E0F4
:10D1E000D3F87024097891422ED1164B00221A7080
:10D1F00038E002F07F02ADF80A20ADF80C10F4E739
:10D2000048070020FC08002095E10100BC08002030
:10D210001950022000700240ACE10100C2E101009F
:10D220003C4602201E5002201D500220E4430220F2
:10D230000809002038460220DAE10100F3E101008C
:10D240001B5002201C500220284901220A702A701B
:10D250004FF4A062ADF80820D3F87034ADF80A306E
:10D26000CDF80CE002A920460AF099FA0CE791FAF1
:10D27000A1F7B7FA87F70F2F3946C6BFA7F11001FC
:10D28000C9B241F0800120460AF01DFA804690F8AC
:10D2900018904FF0FF324FF0FF33154803F00CFAAF
:10D2A0004846FFF7A3FA124803F0D2F9114B802247
:10D2B000C3F80421414620460AF062FA00214046A4
:10D2C0000AF00EFABFF35B8F0123BB400A4ADB432F
:10D2D00052E8000F184042E800010029F8D1BFF3DE
:10D2E0005B8F2A6813402B60DAE600BF1C500220D7
:10D2F000BC08002000E100E0384602204FF08053D7
:10D30000D3F83031082B02BF024B0022C3F81C2C8B
:10D31000704700BF007002402DE9F04105464FF014
:10D32000FF324FF0FF33444803F0C6F9434B8022ED
:10D33000C3F884212720FDF76DFAA8B1404F414B77
:10D340003C681B686FF30F041C434FF00108002C6E
:10D350003AD13D4E40F2FF133B602720C6F804450A
:10D36000FDF744FAC6F80043384A13788BB1364BC0
:10D370000021C3F808110121C3F80026C3F80416E0
:10D380005960D3F808110029FBD00021C3F8081117
:10D3900011702D4B0024C3F80045FFF7AFFF26485E
:10D3A00003F056F921462846FFF778F908B32848D4
:10D3B00003685A0703D0274A01210AF0A8FC6FF03E
:10D3C00004052846BDE8F08194FAA4F6B6FA86F67C
:10D3D0000F2E3346C6BFA6F11003D8B243F080002B
:10D3E000010701D4FFF702FA08FA06F624EA060458
:10D3F000ADE728468021FFF751F905460028D6D130
:10D40000154B16491E68304607F02EF910F1780FBB
:10D41000044603D1304607F003F90446002CD0DA65
:10D420000B4803685B0704D00D4A2346012107F02F
:10D43000AFFA2546C5E700BFBC08002000E100E0C8
:10D44000F0430220EC4302200070024016500220FC
:10D450004807002010E20100A04302209043022070
:10D4600033E201002DE9F04FAF4BDFF8FCA2D3F817
:10D470005421AE4F87B00AB30022C3F85421D3F829
:10D48000042391021AD5D3F8C034002B14BF4FF0F7
:10D4900001224FF48072A64B9B683BB99AF80000BA
:10D4A0000AF02DFC0123834022EA03023B68134368
:10D4B000A04A3B60136823F0012313609A4BD3F812
:10D4C000604134B10022C3F86021D3F86C44C3F842
:10D4D0006C44D3F828214AB10022C3F82821964B86
:10D4E00018780AF00CFC012383401C439AF8005082
:10D4F0009AF900802A0700F11081B8F1000FB4BF3B
:10D500008E4B8F4B05F00F02920013441A684AB3FA
:10D5100000221A602846FFF74DF98A4B1A7800F06E
:10D52000010050401870FFF7E9FE874B28461A6843
:10D530000AF0E5FBC240D307064600F12781B8F1A7
:10D54000000F80F21381882D00F01081794A0123A9
:10D550001168B3400B43136081238AF8003074488C
:10D5600003F076F88CB13B68724ADFF8EC9124F056
:10D5700001210B433B60136823EA01031360A4B24B
:10D580004FF00108002C40F00781674AD2F80031C3
:10D59000A3B10023C2F800316C486D4A13700368D0
:10D5A00003F00703022B03D96A4A03210AF0AFFBF9
:10D5B000694B0022186804210AF0BEF85A4BD3F8D0
:10D5C00058212AB30022C3F85821D3F80044C3F8E5
:10D5D0000044E50505D55E4B012208201A70FFF7CF
:10D5E0002BFBA00505D55A4B002210201A70FFF71F
:10D5F00023FB61050CD5564B1A784AB100221A70EC
:10D60000494B0122C3F8082520209A65FFF714FB37
:10D61000454BDFF834B1D3F85C31F3B1444B9B6830
:10D620001BB99AF800305A0617D03F4B0022C3F8B6
:10D630005C21DBF800303F4A23F00113CBF80030C7
:10D640003B6823F4803343F001033B6013680420FC
:10D6500023F001131360FFF7EFFADBF800403B689B
:10D660001C4000F03581304BD3F82C95B9F1000FF8
:10D6700040F02E812E480022002303F01DF80028E0
:10D6800040F0268114F001230CBF94FAA4F393FA1E
:10D69000A3F3B3FA83F30293029B9DF808400F2B88
:10D6A000C8BF103C2C4BCCBFE4B244F080041868D7
:10D6B00021460AF008F803900AF031F863B20493A7
:10D6C00004F00803059363B2002B064680F29B80AA
:10D6D000039B058A5B8BD0F80C80C3F30A039D4241
:10D6E00040F28B801D46002608F06043B3F1005FD6
:10D6F00006D041461948DFF864802A460CF06BF8E2
:10D70000002E00F0B580029B01229A40DBF8003029
:10D7100023EA0203CBF80030AAE0114B114A33EAA6
:10D72000280328BF1346F1E600700240F0430220B0
:10D73000BC080020E8430220185002200871024073
:10D740003071024016500220EC43022048070020AE
:10D75000195002204AE20100F4430220A4430220AF
:10D76000507102402C71024017500220654831462A
:10D770000AF0CFFA0220FFF75FFAB8F1000FFFF6C8
:10D78000E5AE013D062D7FF6E1AEE5E6002DF4D1D4
:10D790005D4B0122DA64DFE694FAA4F5B5FA85F56B
:10D7A00008FA05F345F080052946D9F8000024EA77
:10D7B000030409F088FF09F0B2FF06462846FEF789
:10D7C000F9FF014606F10C0008F0AAFC338A002B91
:10D7D0007FF4D8AE304609F0A6FF18B1304609F004
:10D7E000A6FFCFE628460AF08AFA014645480AF025
:10D7F00090FA0220FFF720FAC4E609F094FF80F0C7
:10D800000106F6B270E704F008023F4B002A62D02E
:10D81000D3F8C03413F4803F08BF9946328AF368C6
:10D82000758A03EB0208AD1A72699B1AED1A4D4511
:10D8300056D2364803685B0705D0354A00954B46FB
:10D84000012107F0AFF8294606F10C0008F040FC72
:10D85000039B5B8BC3F30A034B457FF454AFF26821
:10D860007169738A521A9B1A328A93423FF44BAF02
:10D870004FF080530121D3F83031082B02BF224BE7
:10D880008222C3F81C2C029B3A688AF8004001FAF5
:10D8900003F322EA03023A6004F008021A4B0ABBBF
:10D8A000049A04F00F04002A4FF0140202FB043221
:10D8B000A9BF0A3403EB8403C2F80087C2F80457F7
:10D8C000AFBF43F82410C2F80086C2F8045659606E
:10D8D00007B0BDE8F08F04F5947253F822909DE7ED
:10D8E0004D46B0E7049A002AB5BFC3F8A086C3F836
:10D8F000A087C3F8A456C3F8A457B4BF596299646B
:10D90000E6E700BF384602200070024048070020CA
:10D9100050E2010010B5EFF31184402383F3128825
:10D92000BFF36F8F164B1B7803F0FF02CBB1154985
:10D93000D1F82C3513B30023C1F82C354FF08053A8
:10D94000D3F83031082B0CD10F4BD3F8000CC02189
:10D9500088B949F27530C3F8000CC3F8141CC3F839
:10D96000000C84F31188BFF36F8F002A0CBF6FF097
:10D970000A00002010BDC3F8141CF2E71A46F0E7B5
:10D98000195002200070024000E0064073B50022EA
:10D990000092114640230446FEF736FE024660B16F
:10D9A000634803685C0703D0624A01210AF0AFF9BB
:10D9B0006FF00404204602B070BD00904023204662
:10D9C0008021FEF721FE04460028E9D15A495B4B2D
:10D9D0004860C860012618688E6006F0D6FD051EF6
:10D9E0000ADA53480368590704D0554A2B46314692
:10D9F00006F0CEFF2C46DDE7EFF31185402383F3DD
:10DA00001288BFF36F8F4F4B4FF40062C3F80024AE
:10DA10000AF067F908B1FEF735FF4FF08053D3F8ED
:10DA20003031082B18D1EFF31180402383F3128893
:10DA3000BFF36F8F444BD3F8001CC022002970D174
:10DA400049F27531C3F8001CC3F8142CC3F8001C4C
:10DA500080F31188BFF36F8F3A4B0122C3F8002582
:10DA6000D3F800241205FBD54FF40062C3F800245C
:10DA70004FF08053D3F83031082B17D1EFF31180DA
:10DA8000402383F31288BFF36F8F2F4BD3F8001C12
:10DA9000002949D149F27532C3F8002CC3F8141C8F
:10DAA000C3F8002C80F31188BFF36F8F0AF019F9C7
:10DAB00030B1FEF705FF0AF014F908B1FEF7E2FEF7
:10DAC0004FF08053D3F83031082B1E4B0AD140F26F
:10DAD000E372C3F800284022C3F80428BFF36F8F15
:10DAE000BFF34F8F8022C3F81C250122C3F83025D5
:10DAF000164B40F2FF121A60154B00211960154BAE
:10DB00001960154B1970FFF7F9FB144B19700AF0E7
:10DB1000E8F808B1FEF7D4FE85F31188BFF36F8FE4
:10DB200048E7C3F8142C93E70022C3F8142CB9E794
:10DB3000480700206FE2010090430220A04302202A
:10DB400091E201000070024000E00640F043022034
:10DB5000EC430220E8430220165002201850022015
:10DB6000084B70B5C31A0D4607499B10044659432C
:10DB7000064840220AF013F92B4601462046BDE82C
:10DB80007040184754460220B76DDBB69C9E0100DA
:10DB900073B50C4C0C4A4023041B00930D460B46F6
:10DBA0000A49A4106143064609480AF024F90146CF
:10DBB00028B130462B4602B0BDE87040184702B08D
:10DBC00070BD00BF54460220637E0100B76DDBB616
:10DBD0009C9E01000022F8B5012105461046FCF785
:10DBE00027FE104801F090FA0446B8B901F0ACFAEB
:10DBF0002F690D49384606F0B5FC031E09DB0126E6
:10DC00003E642D69084905F11C0006F0ABFC031EBB
:10DC100002DA1C462046F8BDEE64FBE76FF0040410
:10DC2000F8E700BFA5DD000024B501001FB5002204
:10DC30000123CDE902236C46074A6B46CDE9004437
:10DC40000AF008F928B94FF480420023684602F030
:10DC500033FD04B010BD00BF777E010008B50AF0A7
:10DC6000DCFB0649064806F0FFFC783004D1BDE82D
:10DC70000840034806F0D4BC08BD00BFA4460220FB
:10DC80005446022008B50649064800234B60CB6085
:10DC900001238B6006F079FCBDE8084001F0EEBA84
:10DCA000A44602205446022010B5EFF3118440230D
:10DCB00083F31288BFF36F8F074A136823F00201C2
:10DCC000DB07116002D401200AF06EFB84F3118897
:10DCD000BFF36F8F10BD00BFB446022030B4104BAD
:10DCE0000C2202FB003301460020D3E90E52986358
:10DCF000EFF31180402484F31288BFF36F8F1C6C04
:10DD000004F0C00444F002041C6480F31188BFF3E3
:10DD10006F8F1DB12B46034830BC184730BC70478D
:10DD2000544602209C9E010010B4EFF31180402263
:10DD300082F31288BFF36F8F18490B6843F0020417
:10DD400013F001030C601AD04FF08043D3F80C1489
:10DD5000D3F80C3413F0010311D0EFF3118182F3E7
:10DD60001288BFF36F8F0E4A136C03F0C00343F0A9
:10DD70000203136481F31188BFF36F8F012380F3D3
:10DD80001188BFF36F8F23B15DF8044B0020FFF7BC
:10DD9000A5BF5DF8044B01200AF0FEBAB44602208C
:10DDA0005446022010B1012804D07047034B1B6C6D
:10DDB0005B0701D1FFF792BF704700BF54460220B6
:10DDC000024AC3B21C2000FB0320704754460220C5
:10DDD00038B52449BFF35B8F0446012251E8003F68
:10DDE00041E800200028F9D1BFF35B8F33B91E4909
:10DDF0001E484B60CB608A6006F0C7FB631E012B98
:10DE00001DD80BF031FAD8B1EFF31183402282F321
:10DE10001288BFF36F8F01204FF08041D1F8185462
:10DE2000D1F81824ED03F9D502F00302022A01D03B
:10DE3000012CF3D178B183F31188BFF36F8F38BD14
:10DE40000B4B1B78002BDFD04FF080430222C3F82E
:10DE500008230346E0E74FF080430222C3F804237F
:10DE6000EDE700BF504602204046022070460220E7
:10DE70003150022008B507480AF0A9FF38B106481A
:10DE8000FDF72AF80448F8F7E3FB002008BD6FF01F
:10DE90001200FBE7FC9E01009DDE00000A2838B559
:10DEA000074D044604D1AB680D215B6828469847AE
:10DEB000AB6803485B68E1B29847204638BD00BFB5
:10DEC000FC9E010008B5054803685B0703D0044ABF
:10DED000012106F054FD6FF0150008BDE806002092
:10DEE0000AE301002DE9F04707468A4616461D461B
:10DEF000002B3AD0D0F80490D9F80820CB189342E0
:10DF00000DD91B48036813F0060F03D0194A0221EC
:10DF100006F035FD6FF015042046BDE8F087D0F817
:10DF200010804FF0FF324FF0FF33404602F098FA76
:10DF3000D9F818402B46324651463846A047041EB1
:10DF40000CDA0B4803685B0704D00B4A2346012117
:10DF500006F01EFD404609F0A6FFDDE72D1B264416
:10DF6000A244E5D1404609F09EFF0024D4E700BF5B
:10DF7000E806002026E301004BE301002DE9F0470D
:10DF8000D0F804901D4699F8113007468A46164687
:10DF90006BB12448036813F0060F03D0224A022114
:10DFA00006F0EDFC6FF00C042046BDE8F087B5B339
:10DFB000D9F808204B1993420BD91A48036813F07B
:10DFC000060F03D0194A022106F0D9FC6FF01504A0
:10DFD000EAE7D0F810804FF0FF324FF0FF334046B1
:10DFE00002F03EFAD9F81C402B46324651463846DC
:10DFF000A047041E0CDA0B4803685B0704D00C4AE8
:10E000002346012106F0C4FC404609F04CFFCBE753
:10E010002D1B2644A244E5D1404609F044FF0024CC
:10E02000C2E700BFE80600206AE301008FE30100B9
:10E03000B5E301002DE9F043476840F20636D0060B
:10E040003B7C87B002EA060654BFC2F3401C4FF087
:10E05000030C01F01F05B6F5837F144645EA43150E
:10E060008DF803C044D00DD8062E16D005D8A6B121
:10E07000022E3FD06FF0150037E0B6F5807FF9D162
:10E0800001260AE040F20222964235D0B6F5407FE2
:10E0900034D0B6F5007FEDD10226220330D57A6860
:10E0A00001238B40C2F80835B868A0BB05F01F03F8
:10E0B0006D092DD0012D77D13E4A02EB8302C4F3C6
:10E0C0000043D2F8001783F00103C4F3404444EA4C
:10E0D000430421F4E16144EA8C0421F0070144EA9D
:10E0E00006230B43C2F80037002007B0BDE8F083D9
:10E0F0000726D2E70426D0E70526CEE70326CCE79D
:10E10000630341BF01237A688B40C2F80C35CBE72B
:10E110004FF0A042D1E70DF1020229460AF0B4FB0C
:10E1200014F4403F80460CD1B86829460AF0E1FB60
:10E13000B8F1000FD8D19DF80210B86801F08EF93F
:10E14000D2E74FF0000901ABCDE90199CDE90439DF
:10E15000CDF80C90B86803AA29460AF06AFA484537
:10E16000C2DB14F4003314D0C4F300449DF8033030
:10E170008DF80E3084F001048DF80C608DF80D40A0
:10E18000B8684B4603AA29460AF006FB0028CFDAF6
:10E19000AAE7CDE904330DF103030393B86803AA9A
:10E1A00029460AF046FAF1E703F5E07350F8233008
:10E1B000FFDE00BF00030050420970B5034602D0E5
:10E1C000012A17D070BD0D4E326951680029F9D06F
:10E1D00003F01F0301250C689D400029F2D08A68D6
:10E1E0002A4002D04B68304698472CB1236821461C
:10E1F0001C46F2E7024EE7E72346F8E7DC9E010003
:10E20000BC9E010038B54568A86890B10AF06BFB68
:10E21000014670B9A8680AF04AFB044658B902469C
:10E220000649A8680AF02DFB224605210620FCF7C6
:10E23000FFFA002038BD6FF00400FBE7B9E10000F1
:10E24000F0B544681646A068227C01F01F0587B02F
:10E2500045EA421500286DD0B6F5001F04D12946C5
:10E260000AF09AFB002056E06268607CC2F8240540
:10E2700001AA0020B6F5800F0190506037D1B3F1AC
:10E28000007F14BF052304238DF804300023CDE95B
:10E2900004230393E36823FA01F111F001010DF166
:10E2A00003073AD1B6F1A07F37D105F01F036A0901
:10E2B00003F5E07326D0012A3FD1214A52F82330DA
:10E2C000DB072AD4A0683A4629460AF0DDFA163060
:10E2D0001BD00297A06803AA29460AF0AAF90028D1
:10E2E00019DBA068012229460AF005FBBAE7B3F161
:10E2F000C06F05D0B3F1007F14BF01230223C3E731
:10E300000323C1E74FF0A042D8E7A068394601F0E7
:10E31000ABF80028DDDA07B0F0BDA0683A46294620
:10E320000AF0B2FA0028D5D19DF80310A06801F0D8
:10E3300095F8CFE76FF08500EDE751F82330FFDE69
:10E3400000030050044A054B9362054A1A600121FC
:10E3500000220320FCF76CBAE8040020E446022007
:10E36000003000402DE9F04F89B002AFD0F810A086
:10E37000BB6043683A61D3F820B09B8A7B614FF061
:10E38000FF324FF0FF3305460C4609F005FF0AF156
:10E390003C03FB60002300220AF13C00002602F04F
:10E3A0008BF933463A69964201D3002348E0207A3C
:10E3B000010700F1A1803A69D4F800E001369642E5
:10E3C0000BD2820709D4227D80EA020C0CF0010CEA
:10E3D00002F004025CEA020C24D0002B3AD10EF0C9
:10E3E0006042B2F1005F38D1D4F80080A3884FF0CA
:10E3F0000009BA68CAF85080217A0092284642463D
:10E4000000F0ACF8031E1BDB4FF48042F8680023D9
:10E4100002F052F9002850D0284609F0D4FE6FF0DF
:10E4200073030DE04FF001086268796903EB020C99
:10E430008C452ED9334801684C0710D16FF01B036F
:10E4400028467B6109F0ACFE7B691C371846BD4647
:10E45000BDE8F08F4FF00008E6E79846E4E76C4629
:10E460008CB02E6802A9DFF8A4C0CA61C1E905C357
:10E470007B690A46C1E9083640F203530B85224BFB
:10E4800042F8103F00234FF45151F8F727FFA546FB
:10E49000D4E7C10706D40BEB030071467B600BF099
:10E4A0009AF97B6862681A4493B2B8F1000F0CD1F4
:10E4B000002B99D09946D8469BE7DAF84C30002BD0
:10E4C0001DDB237ADB0702D400230C346AE7C34543
:10E4D000FAD123460AE0A9EB0201D8687B601FFA53
:10E4E00081F918FA81F10BF076F97B685A68914549
:10E4F000A3F10C03EFD2E7E76FF08503A0E76FF01D
:10E5000004039DE7F00600200600000121E401005D
:10E5100008B5CA0743680DD4C1F3420101290CD0E4
:10E52000022912D00B4803685B0703D00A4A012175
:10E5300006F025FA6FF0150006E09B6A1B684FF0A5
:10E54000CC72C3F82425002008BD9B6A4FF0C86236
:10E550001B68F6E7F00600200CE50100F0B589B075
:10E5600047680C461646002112220DF10E001D468A
:10E570000BF058F904F001038DF80C30BDF8383079
:10E580008DF80D30BB8C0495AB4206960DD20C482D
:10E590000268520705D00B4A009301212B4606F072
:10E5A00001FA6FF01B0009B0F0BDC4F3400282F025
:10E5B0000102B86A520103A901F0C8F9F3E700BFEC
:10E5C000F00600201EE50100B0B5456800AFAB695C
:10E5D00004469847E869012109F0E6FD2A69A86A1E
:10E5E000234629460AF096FB00281BDA10480368E8
:10E5F0005B0713D023686C4688B06A460D49CDE9A5
:10E6000005134FF40073ADF81C300B4B42F8103F6C
:10E6100000234FF4E251F8F761FEA5466FF00400C5
:10E62000BD46B0BD204609F0E6FD0020F8E700BF7A
:10E63000F006002065E50100030000012DE9F0412E
:10E6400045682B6800AF0246002B35D11B48016896
:10E65000490711D06C4688B011686A46184DC2E966
:10E6600005514FF400719183164942F8101F4FF481
:10E67000E251F8F733FEA5466FF01200BD46BDE843
:10E68000F081D5F80480260158F806000AF09FFBB7
:10E69000034658B9094802685207EDD058F80620D9
:10E6A0006C4688B011686A46074DD8E701342B687C
:10E6B0009C42E6DB0020E1E70024F8E7F4060020B6
:10E6C00085E5010003000001B0E50100036803F0E7
:10E6D0001F025B09026004D0012B034818BF002011
:10E6E00070474FF0A0407047000300502DE9F04FF5
:10E6F000424F85B09346064600EB810140F2FF1978
:10E70000B14203D1002005B0BDE8F08F3368C3F3F8
:10E71000C72818F00808C3F3C322C3F3080467D15D
:10E7200037481B0E0B3B855C4C4508BF4FF0FF3450
:10E730000E2B60D8DFE803F008115F5F5F5F5F5F5B
:10E740005F5F5F144A4D5000CBF8084505B90625B8
:10E75000631C39D04FF0000A16E0CBF80C45F5E702
:10E76000CBF860457388621C03F001032CD003943E
:10E7700003A8A3BBFFF7AAFF039B012202FA03F33E
:10E78000C0F80C354FF0010A3368019303F40040E0
:10E79000002803A80CBFD0464FF0010A0394FFF7EE
:10E7A00095FF039C019B00EB8400C3F3412CD0F840
:10E7B00000472B0243EA8C0343EA08033C4023430F
:10E7C00043EA4A03C0F80037043699E7CBF86445BA
:10E7D000C8E7CBF86845C5E7CBF86C45C2E7FFF75B
:10E7E00075FF039B012202FA03F3C0F80835C9E75D
:10E7F0006FF0150087E76FF0850084E7F0F8FCFF05
:10E8000002E80100036803F01F025B09026004D004
:10E81000012B034818BF002070474FF0A0407047FD
:10E8200000030050F0B5044683B0002200AF012180
:10E830001C20FBF7FDFF23692F4A616818460AF088
:10E840003DF9051E1BDA2D4803685B0713D02368CA
:10E850006C4688B06A462A49CDE905134FF4007327
:10E86000ADF81C30274B42F8103F00234FF4E25123
:10E87000F8F734FDA54628460C37BD46F0BD636861
:10E8800025691E6B3A1D0021304609F003FD002862
:10E8900005DB7B68326819791868FFF727FF0021CC
:10E8A0000E462B6806F5AC7253F82230002B0EDBB7
:10E8B000381D7B60FFF7A6FF7A68D0F80435D34097
:10E8C00013F001031CBF0123B3400B43D9B201363F
:10E8D000042EE6D1002201256368186A05FA02F3C6
:10E8E0000B40B3FA83F35B09DB0320F812300132EB
:10E8F000042AF1D10025BEE7BB8201002C070020CD
:10E9000065E50100030000012DE9F743064647686D
:10E910000469BDF8280003290D4600F0010909D952
:10E9200051480368590722D0504A2B46012106F06E
:10E930002FF81CE0B97D012908BF5B084FF00101E9
:10E9400008BF520801FA05FC002B69D09A426AD927
:10E95000A069824220D094F81CE03EEA0C0E0BD055
:10E96000414803685A0702D0414A06F008F86FF0A0
:10E97000150003B0BDE8F0831146B1F5004F41D258
:10E98000A26184F81DE0226897F81680C2F80CE5B1
:10E99000C2F80485C2F80815627F23FA02F292B227
:10E9A0000121706889F00108D0F820E042EAC832FD
:10E9B0002EF815205FFA8CF8002940D1226805F561
:10E9C000AC7552F82520002A0DDB003B18BF01234F
:10E9D0004B45019201A82AD1FFF714FF019A0123A8
:10E9E0009340C0F80C35217F21EA0801217761B3FB
:10E9F000A37F8BBB1023012207F1200120460AF0E0
:10EA00006FF827E00EF1010EBEF1080F4FEA510139
:10EA1000B3D1154803685B07A9D01346154A85E7AB
:10EA200019461A46BDE7002147F6FF72B9E7FFF71E
:10EA3000E9FE019A01239340C0F80835D3E7237F0C
:10EA400048EA030C84F81CC0D2E730690AF081F868
:10EA50000123A37700208CE70023A37720460AF048
:10EA600092F80028FAD0C5E72C070020D9E501006C
:10EA7000EEE5010003E6010070B5012383400F4A73
:10EA8000BFF35B8FDC4352E8001F01EA040542E854
:10EA90000056002EF7D1BFF35B8F4FF480328240D7
:10EAA0000748C0F80823BFF35F8FBFF36F8F03EAF7
:10EAB0000100003818BF012070BD00BF3C47022094
:10EAC0000010014070B41249D1E90034D01AC318C3
:10EAD00044F1000422F07F46C1E90034A6F500139A
:10EAE000B3F5400F09D20B4B1B681A0A1B069C1981
:10EAF000094B42F10005C3E90045EFF311814023C2
:10EB000083F31288BFF36F8F70BC02F05DBE00BF4D
:10EB1000C818002040470220D018002011B3BFF3CE
:10EB20005B8F0123104A834052E800CF4CEA030C6C
:10EB300042E800C10029F7D1BFF35B8F0B4A4FF4C5
:10EB400080338340C2F80433094BBFF35B8F1B68EB
:10EB5000BFF35B8FC340DB0742BF064B4FF400326D
:10EB6000C3F80021704700BF3C470220001001405D
:10EB70003847022000E100E00D4B1868010A00064A
:10EB8000BFF35F8F0B4BD3F80435181841F1000128
:10EB9000B3F5801F0AD2084BD3E90023904271EBF2
:10EBA000030303D210F1807041F10001704700BFF0
:10EBB0004047022000100140D01800202DE9F04FFE
:10EBC00085B016461F469DF840A00446FFF754FF47
:10EBD0000190FFF7D1FFB04271EB07035ED23E4BCD
:10EBE000301A67EB0101984271F1000109D36FF00F
:10EBF000150520460199FFF791FF284605B0BDE8AD
:10EC0000F08F364B03EB0413D3E902239F4208BF76
:10EC1000964254D032494FF4803804F1500508FA36
:10EC200004F8AD00C1F848832046ADB209F04CFBB2
:10EC300026F07F4B05F1804504F5A87305F588356E
:10EC4000DC464FF003090293029A2CF07F4341F80F
:10EC50002230C1F84483D1F80435224A6FF0020013
:10EC6000C01A604420F07F40904228D9286868B1DB
:10EC7000D1F804350393A3EB0B0020F07F40B0F5EF
:10EC8000000F1CD9204609F01FFB039BBAF1000FAF
:10EC9000ADD109EB030C09F10109D5E7BAF1000F79
:10ECA000A5D10123104ABFF35B8FA34052E8000FA8
:10ECB000184342E800010029F8D1BFF35B8F0749F0
:10ECC0000E98230101EB0412C8500F9B5360C2E958
:10ECD000026700258DE700BF01008000B818002002
:10ECE00000100140FDFF7F00384702207FB51C4C1B
:10ECF0001C4BC4F80833C4F848331B4B00254FF0B5
:10ED0000FF304FF0FF31C4F80855C3E902014FF45A
:10ED10008033C4F80433154B02264FF4003201212E
:10ED2000C4F804631120C3F880212A46FBF780FD54
:10ED30001120FBF74DFD0E4A0123A36023601360F1
:10ED40000C4B0D4A0093CDE9015500232846FFF7EF
:10ED500035FF3046FFF73CF8284604B070BD00BFD1
:10ED60000010014003000F00B818002000E100E08F
:10ED70003C470220C5EA0000FFFF7F002DE9F74372
:10ED80002B4CD4F8043399070BD5D4F8043143B194
:10ED9000284A0023C4F80431D4F80431136801333D
:10EDA0001360D4F80433DA0323D5BFF35B8F224B0F
:10EDB00053E8002F22F0010143E800100028F7D1AA
:10EDC000BFF35B8FD30702D4D4F840318BB1002559
:10EDD000C4F84051D4F84031FFF7CEFEEFF3108273
:10EDE00072B6164BD3E90267B042B94104D282F33E
:10EDF000108803B0BDE8F0834FF0FF384FF0FF39C3
:10EE0000C3E90289D3E900101D604FF48033C4F8D0
:10EE10004833C4F84051D4F8403182F310880029B7
:10EE2000E7D0009032463B4628468847E1E700BFDE
:10EE3000001001404047022038470220B818002047
:10EE400030B5431C124C85B005D08442A8BF04469F
:10EE5000012CB8BF0124FFF78FFE0E4B0C4DD3E9F8
:10EE60000013401AB0F5000F10D22218AA4228BF92
:10EE70002A4652184FF0000007490091CDE90100E1
:10EE800043F10003FFF79AFE05B030BD2A46F0E7D4
:10EE9000FFFF7F00C8180020C5EA000008B5FFF793
:10EEA0006BFE024B1B68C01A08BD00BFC8180020CB
:10EEB00010B5084C012363601120FBF797FC064B4B
:10EEC000C4F80833C4F84833044B4FF40032C3F895
:10EED000802110BD0010014003000F0000E100E0A0
:10EEE000BFF34F8F0549064BCA6802F4E062134333
:10EEF000CB60BFF34F8F00BFFDE700BF00ED00E028
:10EF00000400FA05024AD2F80034002BFBD0704707
:10EF100000E0014010B54FF08053D3F83021082AAB
:10EF20004ED14FF080420021C2F80C11C2F81011EE
:10EF3000C2F8381502F54042D3F80414C2F820157F
:10EF4000D3F80814C2F82415D3F80C14C2F8281505
:10EF5000D3F81014C2F82C15D3F81414C2F83015D5
:10EF6000D3F81814C2F83415D3F81C14C2F840159D
:10EF7000D3F82014C2F84415D3F82414C2F8481565
:10EF8000D3F82814C2F84C15D3F82C14C2F8501535
:10EF9000D3F83014C2F85415D3F83414C2F86015FD
:10EFA000D3F83814C2F86415D3F83C14C2F86815C5
:10EFB000D3F84014C2F86C15D3F84434C2F8703555
:10EFC00009F09DF918B1444B444AC3F88C2609F066
:10EFD00096F918B1424BFB22C3F8182509F08FF9B6
:10EFE00058B14FF080424FF08051D2F8E43ED1F852
:10EFF000581261F30303C2F8E43E09F080F920B12E
:10F00000384B4FF40072C3F840264FF08053D3F8CA
:10F010003031082B09D14FF08043D3F80024D207B8
:10F0200044BF6FF00102C3F800242F4AD2F88830A1
:10F0300043F47003C2F88830BFF34F8FBFF36F8F74
:10F040004FF08053D3F83021082A0BD1D3F8343154
:10F05000042B81BF4FF01023D3F808224FF08043D8
:10F06000C3F858254FF01021D1F80C32DB0714D526
:10F070001E480123C0F80435FFF744FFD1F80C32D5
:10F0800023F00103C1F80C32FFF73CFF0023C0F866
:10F090000435FFF737FFFFF723FFD1F80032002BCD
:10F0A00003DBD1F80432002B14DA104901234FF0AE
:10F0B0001020C1F804351224FFF724FFC0F80042E5
:10F0C000FFF720FFC0F80442FFF71CFF0023C1F840
:10F0D0000435DEE710BD00BF00500040488103004A
:10F0E00000F000400090024000ED00E000E0014030
:10F0F000014B00201B68184744470220014B1B6846
:10F10000184700BF4447022010B50C4C237993B92F
:10F11000012323710A4B2060002818BF184600F015
:10F120004BF850B923680748002BBDE8104008BFD2
:10F13000184600F091B86FF0770010BD44470220E8
:10F14000F1F00000FDF0000008B5064B1B682BB184
:10F150000020FBF75FFB08B9FBF73AFB024B0122EB
:10F160001A7008BD444702202F50022038B54FF0D6
:10F1700080440123C4F8083363600023C4F80031DD
:10F18000D4F8003142F21075D4F80C24D4F80C34C1
:10F19000D20307D5DB0705D5012009F0C0F8013DF2
:10F1A000F2D138BD09F00FF90028FAD0014B002246
:10F1B0005A71F6E74C47022010B508490C794CB952
:10F1C000012308600B7109F0FEF808B9002010BD9A
:10F1D0004C71FBE76FF07700F9E700BF4C47022066
:10F1E0004FF080430022C3F80021D3F800210949E1
:10F1F00001221A60096811B1C3F804237047D3F8DB
:10F200000021002AFBD00022C3F80021D3F80031EE
:10F21000704700BF4C47022010B54FF08043D3F831
:10F220000423D20715D5D3F8002192B10022C3F8E8
:10F2300000210121D3F80021C3F8081309F0C3F815
:10F24000044B10B15A7922B95971BDE810401B68BE
:10F25000184710BD4C470220074B0246187940B9A9
:10F260001A6001221A714FF080430222C3F8182558
:10F2700070476FF0770070475447022010B54FF089
:10F2800080431D4CD3F81814D3F8182411F4803F90
:10F2900018D002F00303022B01D009F0A5F84FF0BB
:10F2A000804300210222C3F81825C3F80411D3F8C3
:10F2B000041101219960216881B9D3F80421002A41
:10F2C000FBD012E0D3F81424D207E8D5D3F81C24DD
:10F2D00002F00302022AE0D1216811B1C3F804232D
:10F2E00010BDD3F80421002AFBD00022C3F804216A
:10F2F000D3F80431F4E700BF54470220F8B54FF0CB
:10F300008043124FD3F80443012504F01A04002669
:10F3100004B9F8BDB4FA84F0C0F11F00830003F50E
:10F3200080739BB203F1804305FA00F2196892B230
:10F3300024EA02040029EBD01E601B684FF08043D2
:10F34000C0B2C3F808233B689847E1E7544702205E
:10F35000036803F01F025B09026004D0012B03481D
:10F3600018BF002070474FF0A040704700030050C6
:10F37000034A430900F01F00D35C1844C0B2704731
:10F380000AE80100024611F0010030B515D18B07E3
:10F39000C1F3400022D51249D1F8200550604FF04A
:10F3A0008052C1F82005D2F83021082A08BFD1F8D0
:10F3B0002025003818BF012010E04FF0A0444FF086
:10F3C0008055D4F820351360C4F82035D5F8305175
:10F3D000082D08BFD4F82045002BD8D030BD00BF81
:10F3E00000030050F7B504460846FFF7C1FF04EBE1
:10F3F00040060D46B38ADB072AD5204609F0F7F808
:10F400002946204609F063F850B1204609F075F806
:10F41000276807EB80000023C0F81035C0F81035CE
:10F420002946204609F092F80021B18201A80195F1
:10F43000FFF78EFF019B00EB8300074BD0F80027FE
:10F44000134043F00203C0F80037084603B0F0BD94
:10F450006FF01500FAE700BFF0F8FCFF014808F074
:10F460007EBF00BF3C05002010B504480C4608F0E4
:10F4700058FF0028A4BF2070002010BD3C050020CC
:10F480002DE9F04F074689B057F8049BD9F80413CB
:10F49000C9B28346082241F00041484609F07FF88E
:10F4A000051E2FDA0023032106A8CDE90633FFF756
:10F4B00069FF634B01930DF118084FF0000A019AA0
:10F4C000604912F8013B0192DA0803F007038A5CF5
:10F4D00022FA03F3DB071CD40AF10103022B08F123
:10F4E00004084FF0010AEAD14FF0004100224846DB
:10F4F00009F055F8032106A8FFF744FF0028D8D1EA
:10F5000025F000450124002D40F0848009B0BDE8BD
:10F51000F08F4D4B53440293D8F80060002EDBD09F
:10F52000029B96FAA6F61C78B6FA86F646EA4414CA
:10F530002046FFF71DFF0BEB4000F208818A18F808
:10F5400002000594C1F382030393009306F00706BB
:10F55000012303FA06F620EA060008F8020005A8CF
:10F56000FFF7F6FE059A039B02F5E07211F0100F0B
:10F5700050F82260C6F3014633D0009A384621463F
:10F5800008F0C5FF05A80594FFF7E2FE059B03F50B
:10F59000E073F6B250F82330C3F301439E4207D123
:10F5A0000021204608F084FF3146204608F080FF05
:10F5B00005A80594FFF7CCFE059B012202FA03F390
:10F5C000C0F820354FF08053D3F83031082B01BFFD
:10F5D000D0F82035D0F82035D0F82035D0F82035B7
:10F5E0009AE7022E14BF022103212046039308F05C
:10F5F0005FFF039B032B03D0022E07D1012BD7D132
:10F60000009A2146384608F082FFD1E7032ECFD179
:10F61000022BF4E795FAA5F3B3FA83F304FA03F2A5
:10F6200025EA020503F5A2720BEB430359F82220E9
:10F63000B3F87C10C2F30142384608F068FF62E775
:10F640001AE8010094B601001AE8010010B5174C41
:10F6500023783BBB0278C2F3400392070FD54FF0EB
:10F660008053D3F83021082A08D1D3F83431022B43
:10F6700002BF4FF080430122C3F8382601234FF028
:10F680008042C2F88035037803F00103C2F8783570
:10F690000020FBF7BFF808B9FBF79AF801232370A5
:10F6A000002010BD6FF07700FBE700BF3050022054
:10F6B0004FF080434FF46072C3F80823014B0022DF
:10F6C0001A6070475C47022008B5FFF7F1FF036836
:10F6D0000BB1014A136008BD5C47022010B54FF022
:10F6E0008043D3F80443620707D54FF4847009F0D0
:10F6F00055F910B11E4B1B689847A30608D54FF467
:10F700008A7009F04BF918B11A4B00201B68984712
:10F71000600608D54FF48C7009F040F918B1154B0C
:10F7200001201B689847210608D54FF48E7009F018
:10F7300035F918B1104B00201B689847E20508D531
:10F740004FF4907009F02AF918B10B4B01201B6897
:10F750009847A3050AD54FF4927009F01FF928B114
:10F76000054BBDE810401B680220184710BD00BFC4
:10F7700064470220604702205C470220036803F0D0
:10F780001F025B09026004D0012B034818BF002050
:10F7900070474FF0A0407047000300502DE9F34739
:10F7A0000B7F044663BB354D0E1F01F1100701F1BD
:10F7B0000C094FF0010856F804AFBAF1FF3F1BD017
:10F7C0003B78CDF804A001A8002B4FD0FFF7D6FF5F
:10F7D000019B08FA03F3C0F8083501A8CDF804A08E
:10F7E000FFF7CCFF019B00EB8300D0F800372B40E4
:10F7F00043F00303C0F80037B14507F10107DAD140
:10F8000091F81DC00D8B4F7D8E7D8A7EC87E23684A
:10F81000BCF1000F0BD1D1E9008ED1E902C1C3F8D0
:10F820006085C3F864E5C3F868C5C3F86C1542EA9F
:10F830000022C3F80C75C3F80465C3F80855C3F873
:10F84000102520680023C0F81031D0F81021C0F82E
:10F850000831D0F80821C0F80C31D0F80C3140F351
:10F86000073002B0BDE8F047FAF7B2BFFFF786FFF6
:10F87000019B08FA03F3C0F80C35AEE7F0F8FCFF83
:10F88000827B002A38D1036803F01F015B0922D074
:10F89000012B26D1194A02EB81021949D2F800370F
:10F8A0000B4043F4C16343F00403C2F800374368DC
:10F8B00003F01F005B0911D0012B17D10F4A02EB97
:10F8C0008002D2F800370B4043F4C16343F00403D5
:10F8D000C2F8003770474FF0A042DCE74FF0A0427B
:10F8E000EDE701F5E07152F82130FFDE00F5E07040
:10F8F000002353F82030F8E7704700BF00030050A2
:10F90000F0F8FCFF10B503680F490022C260C3F88D
:10F910000813D3F8001221F4BC51C3F800124FF0C1
:10F920008051D1F83041082C05D1D1F8341111B9EA
:10F930000921C3F80015C3F80025012380F82630FB
:10F9400080F8282010BD00BF02029C012DE9F0477D
:10F95000002380F827304B68046805460E4617469A
:10F9600033B1CB6803F06043B3F1005F40F04081F6
:10F970003378023B012B06D8336903F06043B3F1BF
:10F98000005F40F035819C4BC4F8083395F828306F
:10F9900003F0FF023BB1EB68C4F804336FF00F08CB
:10F9A0004046BDE8F08707F01403B3FA83F35B0920
:10F9B00085F82830337885F82430737885F8253039
:10F9C000F3682B6173686B613369AB61B368EB619A
:10F9D000C7F3001385F829302F627378C4F888358F
:10F9E000C4F86021D4F86031C4F84821D4F8483113
:10F9F000C4F82421D4F82431C4F80421D4F8043103
:10FA000017F0010318BF0123C4F8503517F00203A3
:10FA100018BF0123C4F840353378032B00F28180EE
:10FA2000DFE803F05E764A024FF48073C4F80032D8
:10FA3000D5E90423C4F84425C4F848350123A3605C
:10FA40004FF48011204609F017F90028F8D1D5E9C4
:10FA50000623C4F84425C4F848354FF48023EB60EE
:10FA60004FF0000817F0080910D13378032B0DD0A0
:10FA7000012B6A686BD12360002A55D073682BB9BB
:10FA80006B68002B00F09280012363616B68002B90
:10FA900000F08C80780744BF0023EB6079065EBFDE
:10FAA000EB6843F00203EB60EB6843F40073EB6038
:10FAB000EB68C4F8043373E7D5E90423C4F844259C
:10FAC000C4F84835D5E90623C4F83425C4F83835D8
:10FAD0004FF48453C4F80032012323620223BEE7AB
:10FAE000D5E90423B806C4F84425C4F848354BBF0B
:10FAF0004FF480734FF40073C4F80032C4F800323E
:10FB00004CBF4FF480230223EB6001232362A7E75D
:10FB1000D5E90423C4F83425C4F838354FF48053AC
:10FB2000D8E76FF015089DE76A6902B96361DFF8ED
:10FB3000D0904FF0010A3149204609F09DF8810527
:10FB400001D5C4F814A010EA090FF4D096E70123F8
:10FB5000A360002A92D16A6932B3DFF8A4A019EA3F
:10FB60000A0F8BD12549204609F086F810F4007F52
:10FB70008146F4D04FF08071204609F07DF8D4F82A
:10FB8000003208B19A0505D401222262626140B1B7
:10FB90004FF00009DB05E2D54FF48021204609F043
:10FBA0006BF84FF00009DAE76361D6E7D4F8C434A4
:10FBB000C4F8C434002285F828206BB19A075ABFD4
:10FBC00003F00108A8F18C086FF00D0813F0040F82
:10FBD00018BF6FF00A08E3E67B063FF5E1AE291D8A
:10FBE000204609F007F8002808BF6FF08B08D7E619
:10FBF0006FF00C08D4E600BF02029C010202040070
:10FC00000200040070B5056886B00221044628464B
:10FC100009F032F84FF400710646284609F02CF836
:10FC2000D0B1D6B9E368C5F808330223E360E368CE
:10FC3000C5F804334FF08071284609F01DF818B15B
:10FC4000D5F800329B0502D401232B626B6101239E
:10FC500084F8273006B070BDAEB3236A5E060AD4BE
:10FC600094F827303BB9211D284608F0C3FF80F0E7
:10FC7000010084F82700236A13F004033BD1C5F880
:10FC80006031D5F86021C5F85C31D5F85C3194F865
:10FC9000293013B194F8273013B30023C5F800328C
:10FCA000E360314BC5F8083345F30733002B17DB0E
:10FCB0005A09012103F01F03994002F160032B4A06
:10FCC00042F823100CE04FF48021284608F0D4FFBE
:10FCD00094F82430002B2FD194F82930002BDDD05C
:10FCE000A38CADF804302369049363690293A3697C
:10FCF0000593E3690393D5F8C434C5F8C434980771
:10FD00002CD459072CD4DA072CD494F827309B0034
:10FD1000DBB28DF8003094F829300BB984F8283024
:10FD2000236A5B0703D594F82730002B92D0D4E9DF
:10FD30000131684698478DE74FF40073C5F80032EB
:10FD400040F20223E36003F1CE73C5F80833E368A1
:10FD5000C5F804330123AB602B627BE70123D8E7AE
:10FD60000223D6E70323D4E702029C0100E100E06E
:10FD7000036803F01F025B09026004D0012B0348F3
:10FD800018BF002070474FF0A0407047000300509C
:10FD9000F7B5064608F0E9FF084608F0E6FF01A8B7
:10FDA0000196FFF7E5FF019B00EB83000C46D0F8BE
:10FDB00000372D49019440F20D650B402B43C0F8EC
:10FDC000003701A8FFF7D4FF019B00EB8300012758
:10FDD000D0F800370B402B43C0F80037042008F060
:10FDE0009EFA092501A80194FFF7C2FF019AD0F8F5
:10FDF0001035D340DB0715D401A80196FFF7B8FFF3
:10FE0000019B07FA03F3C0F80C35042008F087FAC9
:10FE1000304608F0AAFF013D042008F080FA15F0F2
:10FE2000FF05DFD101A80194FFF7A2FF019A01238A
:10FE30009340C0F80C35042008F071FA204608F011
:10FE400094FF042008F06BFA01A80194FFF790FFDB
:10FE5000019AD0F81035D34013F0010F0CBF6FF0AA
:10FE60008B00002003B0F0BDF0F8FCFF024B0360F4
:10FE70000248C01A400970479C9E0100BC9F0100C7
:10FE800010B50446F7F78CF8054803685B0703D004
:10FE9000044A012104F073FD204608F0A3FF00BFCF
:10FEA0001807002048E601002DE9F047044600AF9E
:10FEB0000D46EFF31189402383F31288BFF36F8F50
:10FEC000DFF8E480334AD8F80030966859075DD0EF
:10FED000042898BF304B117C94BF53F820302F4B2F
:10FEE000EA468AB06A462E48CDE9073140F201332E
:10FEF000ADF824302B4BCDE9050442F8103F2A48D9
:10FF000000234FF43151F7F7E9F9D54665B1EB69B4
:10FF1000C3F3080343B1D8F800305A071FD0234A6F
:10FF20002148012104F02BFDD8F800305B0716D0E2
:10FF30001EBB1F48E8468AB06A461E4B0790CDE9B3
:10FF4000053640F20133ADF820301B4B42F8103F2C
:10FF5000154800234FF41151F7F7C0F9C54629465B
:10FF60002046FFF78DFF89F31188BFF36F8F30466E
:10FF7000FAF778FDBD46BDE8F087304609F07AF91A
:10FF80000028D6D00378002BD3D0D3E7002DBED1E4
:10FF9000E5E700BF6847022098B6010057E6010078
:10FFA0006DE60100050000011807002095E601003C
:10FFB00065E60100B6E601000400000138B50A4B11
:10FFC00053F82040013053F82050A54200D838BDE6
:10FFD000606830B1037EDB0701D408F0D7FE083437
:10FFE000F3E723689847FAE7ACB6010070B52A4BEF
:10FFF0002A4C2B4D86B0012203201A70FFF7DEFF3A
:020000021000EC
:1000000009F0E8FB0420FFF7D9FF2646AE4204F1D1
:1000100030040FD301F0C0F8204CAC4226D301F0DD
:10002000CFF8F1F7CFFC1F4A938923F001039381A6
:1000300006B070BD54F80C3C059354F8103C049382
:1000400054F8143C039354F8183C029354F81C3CA5
:10005000019354F8203C009354E90A2354E90C011D
:1000600000F0ECFD54F8303C5E65CEE7D4E90A239D
:10007000B3F1FF3F08BFB2F1FF3F05D052EA0301E1
:10008000206803D109F0FBF93034C6E7064918307F
:1000900001F00AFBF8E700BF3150022040A1010047
:1000A000D0A10100D8190020AD93010070B586B031
:1000B000144B059301220F23CDE90332124E134D49
:1000C00013490023CDE90133182303FB005506EB48
:1000D0000026044601EB40210E4B00954FF4C07200
:1000E000304600F0ABFD337C0B4AEE6023F0040396
:1000F00033744FF4086304FB033313442C746B60B4
:1001000006B070BD65BC0100D81800206847022009
:1001100080810220918F0100007902207FB50020AC
:10012000FFF74CFF294B83F30888294C636943F49C
:1001300000736361E02384F8223000252023E377F5
:1001400025766576A57684F82050636A43F4E0232B
:10015000636284F82350FAF79DFAFAF76DFC4FF0CA
:10016000FF33A362E362FAF7C9FDFAF705FDF6F77C
:1001700053FE1848184C00F009FE0120FFF71EFF3F
:100180000220FFF71BFF01F045F8144B14499C6156
:10019000144B059301234FF48052CDE90353CDE96D
:1001A0000155114B0095204600F048FD237C064682
:1001B00023F004032046237409F0AAF82846FFF729
:1001C00075FF094A31462046FAF70AFC8081022071
:1001D00000ED00E0D81A0020D8190020684702205E
:1001E0008083022018E70100EDFF000038B5064CBF
:1001F000064DAC4201D3002038BDD4E9011220469F
:1002000008F03AFE1434F4E76C070020A807002039
:100210001FB5054C0294CDE900230A46002108F0E1
:10022000E9FD04B010BD00BF353D010030B585B01B
:10023000DDE90845034B0293CDE9004508F0DAFDFE
:1002400005B030BD3B3D010038B5074C074DAC4211
:1002500001D3002038BD204608F033FE08B91C3415
:10026000F5E76FF01500F5E7500700206C07002058
:1002700073B50C46EFF31181402585F31288BFF367
:100280006F8FC5685DB125602B68C36083690133DA
:100290008361002081F31188BFF36F8F11E052EA70
:1002A000030603D125606FF00B00F3E7CDE90023CF
:1002B0000246083000F0CEFE18B9034B9B685B691C
:1002C000236002B070BD00BF68470220F7B50D463D
:1002D00004469DF82010EFF31187402080F3128828
:1002E000BFF36F8F266AE068864240D22668B44228
:1002F0001AD0CEB1304608F056FE06F1180009F0CB
:100300004CF954F8082F70692946002509F063FA62
:100310003046C6F8B45008F0FBFF2046394609F0D5
:100320006BF8284603B0F0BDA268A9B1E069294680
:1003300009F051FAE369A26813446269E3619342E8
:1003400001D12369E361236A01332362002087F32B
:100350001188BFF36F8FE5E7A0692369984208BF52
:100360006069801AA061294609F035FAEBE752EA84
:1003700003010BD00749896804F108004D61CDE9FC
:1003800000233946224600F065FECBE76FF02200DD
:10039000DDE700BF68470220F7B504460846EFF3E3
:1003A0001186402181F31288BFF36F8F216A0029E3
:1003B0003BD0A268A16909F00EFAA369A26825687A
:1003C00013446269A361934204BF2369A361236A52
:1003D000AC4203F1FF33236236D02846002D34D0DF
:1003E00008F0E1FD05F1180009F0D7F86969A26885
:1003F000E06909F0F0F9E369A26813446269E36116
:10040000934204BF2369E361236A00270133236217
:100410002846C5F8B47008F07BFF04F108003146A7
:1004200008F0EAFF384603B0F0BD52EA030111D0EC
:100430000A4989684861CDE900233146224604F122
:10044000080000F007FEEEE7002086F31188BFF3F6
:100450006F8FE8E76FF02200F7E700BF68470220E0
:100460002DE9F341044617461E46EFF31188402359
:1004700083F31288BFF36F8F304BC2689B6872B1F1
:100480008068984217D057EA060216D188F311887F
:10049000BFF36F8F6FF00F0002B0BDE8F08193F9EA
:1004A0000E1021610132C4E9023288F31188BFF3D2
:1004B0006F8F0020F0E72169F3E793F90E1090F9B0
:1004C0000E30994230DA9942A8BF194608F07FFDF4
:1004D0000546CDE900761A482246414600F0BAFDAD
:1004E0000028E6D0EFF31186402383F31288BFF390
:1004F0006F8FA068D0B1236821699C420AD04BB1AC
:1005000093F90E309942A8BF19466FF07F039942C4
:10051000B8BF194608F05BFD40B10948314608F004
:100520006BFF6FF00A00B7E70025D2E7002DF4D18A
:1005300086F31188BFF36F8FF3E700BF684702208F
:1005400032500220F8B583680546002B40D0234A7C
:10055000926893423FD1C368012B03D9013BC3602A
:100560000020F8BDEFF31187402383F31288BFF317
:100570006F8F0169806808F02AFD2C68A54207D1B9
:100580000023C5E9023387F31188BFF36F8FE7E7D4
:10059000002CF5D0D4E9003213605A60237C002689
:1005A00023F002032374C4E90066A66004F1180076
:1005B00008F0F3FFAC6094F90E302B612046C4F8CC
:1005C000B46008F0A5FE0648394608F015FFC7E7F5
:1005D0006FF01500C5E74FF0FF30C2E76847022013
:1005E0003250022073B51546EFF31186402282F394
:1005F0001288BFF36F8F0468B4B12368426823F098
:100600000303944208BF4360036023689B0704D040
:100610002046656809F0D7F82C4686F31188BFF3A9
:100620006F8F204602B070BD55EA0302F5D000F18D
:100630000802CDE900533146104600F00BFD0028BA
:10064000EFD1024B9B685C69EBE700BF6847022073
:1006500070B5EFF31186402383F31288BFF36F8FD9
:100660000468A0421BD0D4B1D4E9003213605A60B0
:10067000237C002523F002032374C4E90055A56000
:1006800004F1180008F089FF2046C4F8B45008F0BF
:100690003FFE31460748BDE8704008F0ADBED0E9E6
:1006A00002329A4218BF0133836086F31188BFF388
:1006B0006F8F70BD3250022013B5EFF311814024CB
:1006C00084F31288BFF36F8F846844B1013C846067
:1006D00081F31188BFF36F8F002002B010BD52EA82
:1006E000030406D181F31188BFF36F8F6FF00F0001
:1006F000F3E7CDE900230246014800F0ABFCECE74C
:100700003250022070B50546EFF31186402383F383
:100710001288BFF36F8F00232C68A54219D0C4B193
:10072000D4E9003213605A60227C002322F00202D6
:10073000C4E900332274A36004F1180008F02DFF0F
:100740006FF00A03C4F8B430204608F0E1FD01233D
:10075000E2E70022AA6023B986F31188BFF36F8F06
:1007600070BD31460248BDE8704008F045BE00BF8C
:10077000325002202DE9FF41544E04464027EFF34A
:10078000118887F31288BFF36F8FD4F80451F5B93D
:10079000022104F58E7008F0D9FC002870D004F511
:1007A0008A7500220121284608F089FE0028F8D128
:1007B000002302934FF0FF324FF0FF33CDE90023C7
:1007C000414604F58672424800F052FED7E7D4F85D
:1007D00008212B68C4F80431954208BFC4F80831D9
:1007E000D4F81C3143F00203C4F81C31EB6823F049
:1007F000040343F00103EB606B6888F31188BFF3D7
:100800006F8F28469847EFF3118887F31288BFF35C
:100810006F8FEB68D80623F001023ED4EA60EB68E4
:100820009A0717D5306823F00203EB6090B1036894
:10083000002178B1426895423DD10368002934D146
:1008400072683360904200D17360002340F8083B27
:10085000FFF7FEFED4F81C3123F00203C4F81C316C
:10086000DB0530D4D4F80431003B18BF012388F3F2
:100870001188BFF36F8F002B81D000F0D3FC7EE78F
:10088000D4F81C31D90693D5C4F81C0188F311881B
:10089000BFF36F8F04B0BDE8F08123F01103EB606C
:1008A00005F11000FFF7D4FEB9E70B6073689842BA
:1008B00008BF7160C9E701461BB11A6818461346A4
:1008C000B7E71A46FAE70023D1E700BF90470220B6
:1008D00032500220F8B5C3689A0704460E46C3F3A7
:1008E000400542D45F0742D40B680BB983680B60A4
:1008F000E368D80744BFA368336037684CBF02255C
:10090000012557B31B4B9A68D7F800319A421ED184
:1009100008F0AAFC80F00100C0B2D7F81C31D9075A
:10092000C3F380021CD5F2B1F8B100232360D7F8DD
:10093000083173B9C7E94144384608F021FCE3683F
:1009400043F00403E3603368A3602846F8BD002049
:10095000E3E71C60C7F80841EEE76FF0150506E015
:100960006FF0120503E01B07DFD56FF00F050023C2
:100970003360EAE7684702200146014808F04BBCB3
:10098000F81B0020F0B589B004460020C4E94100FE
:100990000E9D04F58670C4E9430004F58A70C4E92D
:1009A000450055B32879002840F2011008BF012006
:1009B000C4F81C0100204FF0FF364FF0FF37CDE99F
:1009C0000330CDE90100CDE906670D4B00942046C8
:1009D00000F0B0F955B1296811B1204600F0E0F8F7
:1009E0006B791BB1A38943F00103A381204608F072
:1009F00046FDC4F8004109B0F0BD0120D8E700BFB2
:100A00007507010037B501900846EFF311844021C6
:100A100081F31288BFF36F8FC16811F01E0F16D1DA
:100A200053EA020508D101A9FFF754FF84F31188A6
:100A3000BFF36F8F03B030BD41F00801C160019971
:100A400081620449103000F02FFE0120EEE7002003
:100A5000ECE700BF9191010001460148FFF7D2BFCA
:100A6000F81B0020F7B50C46019016461D46EFF323
:100A70001187402383F31288BFF36F8F084608F075
:100A800070FB55EA060309D101A92046FFF722FFB2
:100A900087F31188BFF36F8F03B0F0BDE368074998
:100AA00043F00803E360019BA36232462B4604F146
:100AB000100000F0F9FD0120EAE700BF919101006C
:100AC00001460148FFF7CEBFF81B00202DE9F04199
:100AD0000546EFF31187402383F31288BFF36F8F2E
:100AE0000468A0421CD0DCB1204608F0B0FB04F141
:100AF000180008F052FD0026B046C4F8B480204625
:100B000008F006FC2C68A54206F1010610D07CB165
:100B1000204608F09CFB04F1180008F03EFDECE7CD
:100B200087F31188BFF36F8F00263046BDE8F08150
:100B30000248394608F060FCF7E700BF3250022057
:100B40002DE9F3411C4652EA040307460D461646BA
:100B500008D10846FFF7F6FC6FF00A04204602B001
:100B6000BDE8F081EFF31188402383F31288BFF3CF
:100B70006F8F0846FFF7E6FCCDE9006407483A4668
:100B8000414600F067FA04460028E7D14FF0FF32F3
:100B90004FF0FF332846FFF763FCDFE732500220B7
:100BA00010B5044608B9054B9C681F2204F17C006F
:100BB00008F073FE002084F89B0010BD68470220F7
:100BC0002DE9F0470C4681B37AB390F81090184F96
:100BD000561E00256019B9F1000F04D104F80590E4
:100BE0002046BDE8F087B7F804A019EA0A0F1AD02A
:100BF000FB883968A6EB0508984528BF9846424609
:100C000008F0E9FD39EA0A0945440CD0A6EB0508CD
:100C1000B8F1010F28BF4FF001086019054942469D
:100C200008F0D9FD45440837D4E7034CD8E700BFA6
:100C3000C4B60100EDBB01002ECB01002DE9F04F41
:100C4000D51D85B025F0070504461F46FF3500F188
:100C50005803C0E9163325F07F05129BA3810020BD
:100C60000E46119BDDF838B0DDF84C80A060042101
:100C70007F2DC4E906002174A373E07306F1800A96
:100C8000A5F1800905D880F31188BFF36F8F08465E
:100C900002DF4A463544AA21504608F0C3FD2946E2
:100CA0002046F9F743FA0730109B20F00700C4E90B
:100CB00027A9C4F8A40002930F9B2D1ACDE900B315
:100CC0002A463B4631462046F9F700FE0F9B236734
:100CD0004FF00009109BC4F85490C4E91A7B636775
:100CE000EFF31182402181F31288BFF36F8F104E12
:100CF000716AA167746282F31188BFF36F8FB8F1D4
:100D0000000F11D01F22414604F17C0008F0C5FD00
:100D100084F89B90B3680BB1D3F8A830C4F8A8301E
:100D2000284605B0BDE8F08F84F87C80F2E700BF6C
:100D300068470220F0B587B000250595109D049501
:100D40000F9D03950E9D0295DDE912760D9D01958F
:100D50000C9D00950446FFF771FFB6F1FF3F08BFF9
:100D6000B7F1FF3F05D056EA070305D1204608F04A
:100D700086FB204607B0F0BD3A46334604F1180022
:100D8000014900F091FCF4E7AD930100012310B597
:100D9000037483810023C0E92733044600F0B4FEC6
:100DA000014B9C6010BD00BF684702200A4A93684F
:100DB0006FF00A01C3F8B4100849C3F8B0004B68DB
:100DC00043F080534B60002383F31188BFF36F8F90
:100DD0009368D3F8B40070476847022000ED00E044
:100DE00070B590F91020037C002A2FDBD9062DD195
:100DF0001A4C63F07F032246037452F81C3F216AA9
:100E0000934207D1C0E90021086020620FE09942B7
:100E1000F8D01B68002BF5D093F90E6090F90E50B6
:100E2000AE42F4DD5968C0E9003108605860E569F8
:100E3000954200D005B9E568A3681A7CD20606D1B0
:100E4000DA897F2A03D9AA690AB9A36170BDAB42C6
:100E500002D0284600F04EFBA561F7E76847022064
:100E600038B590F91020037C002A014604DA03F01B
:100E70007F03037408F014FA0D4D2A46AB6852F84C
:100E80001C4F944200D004B9EC688B4207D01A7C06
:100E9000D20604D1DA897F2A01D9A2692AB1A342F4
:100EA00002D0204600F026FB2346AB6138BD00BFD0
:100EB00068470220B3F1FF3F08BFB2F1FF3F03D004
:100EC0000249183000F0F0BB704700BFAD9301003D
:100ED000034648B9EFF3058232B9064A9169926830
:100EE000914201D0FFF762BF83F31188BFF36F8F88
:100EF000704700BF6847022038B5184CA168206AC7
:100F00000B68814214BF1A46002249680B60596081
:100F1000A368216A2AB9124AC3E900210B6023623F
:100F20000AE092F90E5093F90E00854212DD5168E5
:100F3000C3E900210B605360E569094B9D4200D075
:100F400005B9E568A3689D4202D0284600F0D2FAB0
:100F5000A56138BD8A42DED01268DBE7684702200F
:100F600084470220F8B5394CA2688242054624D154
:100F7000EFF305830BBBEFF31186402383F3128855
:100F8000BFF36F8F137C03F07F0343F010031374E0
:100F900008F086F9234653F81C5F9D4200D005B93E
:100FA000E568A3689D4202D0284600F0A3FAA56137
:100FB0003046BDE8F840FFF7F9BEEFF31187402354
:100FC00083F31288BFF36F8F2B7CD90604D587F388
:100FD0001188BFF36F8FF8BDD90943F010022BD1F0
:100FE0002A74E6691A4B9E4200D006B9E668A368E7
:100FF000B34202D0304600F07DFAA368A6619D425C
:10100000E5D1EFF30583002BE1D1AA89D20711D5F1
:1010100087F31188BFF36F8F83F31188BFF36F8F4E
:101020000423184602DFEFF31187402383F312886D
:10103000BFF36F8F3846BCE703F07F0343F0100324
:101040002B74284608F02CF9CBE700BF6847022034
:1010500084470220F8B50E4B0C4611460D4A98689D
:101060001060DDE90667EFF31182402282F31288F7
:10107000BFF36F8F9D68284608F024F92846324652
:101080003B46FFF717FF2046BDE8F840FFF78EBE4E
:101090006847022098470220F8B50446EFF311870D
:1010A000402383F31288BFF36F8F037C03F01F028A
:1010B000002A0CBF0126002649B235D103F07F0378
:1010C000037408F0EDF8294D037C817363F07F030E
:1010D0002A46037452F81C3F286A934207D1C4E998
:1010E000002004602C620DE09842F8D01B68002BB1
:1010F000F5D093F90EC08C45F6DD5968C4E900318E
:101100000C605C60EC69944200D004B9EC68AB6898
:101110009C4202D0204600F0EDF9AC6187F31188C3
:10112000BFF36F8F3046F8BD9B071CD5856808F06C
:10113000B7F881732B689D4209D16B68C4E90053ED
:101140001C606C60EAE76A689A42F6D01B68002B64
:10115000F3D093F90E208A42F5DD5A68C4E90032D3
:1011600014605C60DAE78173D8E700BF684702204B
:10117000034648B9EFF3058232B9064A916992688D
:10118000914201D0FFF712BE83F31188BFF36F8F36
:10119000704700BF68470220EFF31181402383F3BB
:1011A0001288BFF36F8F054B9A68D37B013BD373D3
:1011B00081F31188BFF36F8F704700BF684702202B
:1011C00070B5EFF31186402383F31288BFF36F8F5E
:1011D0000F4DAB68DA7B0132DA732A4652F81C4FA6
:1011E000944200D004B9EC681A7CD20604D1DA89A2
:1011F0007F2A01D9A2692AB19C4202D0204600F080
:1012000079F92346AB613046BDE87040FFF760BE18
:1012100068470220024B03F11C02C3E90722704712
:101220006847022070B5EFF31186402383F31288DC
:10123000BFF36F8F1A4CA168206A0B68814214BFFC
:101240001A46002249680B605960A368216A2AB9CE
:10125000144AC3E900210B6023620AE092F90E50A0
:1012600093F90E00854216DD5168C3E900210B6039
:101270005360E5690B4B9D4200D005B9E568A36852
:101280009D4202D0284600F035F9A5613046BDE800
:101290007040FFF78BBD8A42DAD01268D7E700BFF3
:1012A0006847022084470220F8B550EA0103064649
:1012B0000C4603D1FFF7B6FF0020F8BDEFF311870E
:1012C000402383F31288BFF36F8F124D124BA8682F
:1012D0001860FFF7C5FDA86810492346324618304C
:1012E00000F0E2F9AA68137C43F004031374044687
:1012F0003846FFF75BFDAB68D3E90A23B3F1004F33
:1013000008BF002AD8D108F07DF9201A20EAE07041
:10131000D3E700BF6847022098470220AD93010041
:10132000014B9868704700BF684702202DE9F843D9
:1013300004468789EFF31186402383F31288BFF3B5
:101340006F8F037C190705D586F31188BFF36F8F64
:10135000BDE8F883D90943F0080272D10274A3688A
:1013600013B1204607F0A4FF04F1180008F015F9A6
:10137000A56D04F15808A84511D04FF0000975B1CA
:10138000284607F095FF05F1180008F006F9C5F8A2
:10139000B4902846FFF724FDA56DA845EFD1DFF8EE
:1013A000CC80D8F808309C4253D1EFF30589B9F1CD
:1013B000000918BF4FF00109D8F81C50294A95427E
:1013C00000D00DB9D8F80C50AB4202D0284600F03E
:1013D00091F82046C8F8185004F00FFE204600F09F
:1013E000D9F8B9F1000F02D01F48FFF7CFFCD8F8A9
:1013F00008309C4230D1EFF305836BBBA289D20742
:1014000011D586F31188BFF36F8F83F31188BFF373
:101410006F8F0423184602DFEFF31186402383F316
:101420001288BFF36F8F3046FFF7C0FCFB078FD5E4
:10143000002383F31188BFF36F8F0423184602DF64
:1014400086E703F07F0343F00803037407F028FFE7
:1014500085E74FF00009AFE786F31188BFF36F8F80
:10146000E4E700BF84470220D81A00206847022022
:10147000D3B5DDE90667089CCDE90067FFF7EAFD13
:101480001CB1034B9B685B69236002B0D0BD00BFF9
:1014900068470220027C12F01F02034610D10A495D
:1014A00088420DD00949086868B1D9897F2909D8CF
:1014B00093F90E20064B1B689A42B8BF0020704774
:1014C0000020704710467047D818002040050020C3
:1014D0009C470220044BC01A044BC0105843044BD5
:1014E00001221A54704700BFD81B0020ABAAAAAA39
:1014F0003250022070B50C4B0C4D1E7CFFF7CAFF1A
:10150000182303FB06550446284608F046F8084B06
:1015100000229A553CB1621E28460649BDE870403B
:10152000D31700F0C1B870BD68470220D81B002057
:1015300032500220D514010038B5EFF31185402355
:1015400083F31288BFF36F8F0F4B104A9C681068AB
:10155000A04206D1FFF7CEFF85F31188BFF36F8F4E
:1015600038BD00211B7C1160094AD35C002BF3D0ED
:101570002046FFF78FFF0028EED0237CDB0601D149
:10158000FFF7BAFC2046E5E76847022098470220AB
:1015900032500220EFF31181402383F31288BFF30E
:1015A0006F8F0A4A536A834207D19B6F536281F35C
:1015B0001188BFF36F8F70471346002BF7D09A6FD7
:1015C0008242F9D1826F9A67F1E700BF6847022033
:1015D000F8B505460E46EFF31187402383F31288D2
:1015E000BFF36F8F064B5C6A24B987F31188BFF392
:1015F0006F8FF8BD20463146A847A46FF4E700BFBF
:1016000068470220F8B506460F46EFF311834022E3
:1016100082F31288BFF36F8F0B494C6A154624B9C9
:1016200083F31188BFF36F8FF8BD83F31188BFF385
:101630006F8F39462046B047EFF3118385F3128848
:10164000BFF36F8FA46FEAE768470220024B186868
:10165000984208BF0020704744050020034B1B68D8
:101660000BB9FDF71BBC0020704700BFA04702204C
:1016700030B570B10B4B5B6898420AD0036843B138
:10168000D3E90421D0E90445121941EB0501C3E96E
:101690000421D0E9003213605A600023C0E900330E
:1016A00030BD00BF44050020B3F1FF3F08BFB2F1D9
:1016B000FF3F2DE9F84F0446994615461F467AD05C
:1016C0008160EFF31188402383F31288BFF36F8F9B
:1016D000B9F1000FDFF8E8A020DBFFF7BFFFDAE980
:1016E0000027013549F100092D1849EBE073C4E9E1
:1016F0000453AD18064643EB07074FF00109FFF707
:10170000A5FFDFF8C0E0DEF804A00346EBB9C4E9AA
:1017100000EACAF80040CEF8044028E0DAE90012F6
:101720006FF001035B1A4FF0FF3161EB02025B1BAC
:1017300062EB0902012B72F10001BCBF0123002200
:10174000C0E904324FF00009D9E7D3E9041CD4E919
:1017500004208A4270EB0C0B24DA891A5A686CEB6D
:101760000000C3E90410C4E9003214605C60FFF7B4
:101770006DFF84420ED1114B1B685BB9B9F1000FAC
:1017800002D1FFF76BFF0646304607F0EFFE00215F
:10179000FDF756FB88F31188BFF36F8F2846394653
:1017A000BDE8F88F521A60EB0C005345C4E90420E1
:1017B000ADD01B68AAE700252F46EFE7A04702201F
:1017C000F01B0020440500202DE9F047284F294E4A
:1017D00038600246FFF73AFF0D464FF000084FF021
:1017E0000009D6E900134FEAE27E50B1D0E9044C7B
:1017F000A2427EEB0C0A1ADAA41A6CEB0E0CC0E9BA
:10180000044C52184FF0000443EB0E032046C6E987
:1018100000233C6007F0AAFE2146FDF711FB85F38B
:101820001188BFF36F8FBDE8F047FFF785BE6118E1
:1018300043EBE473C0E90489C6E90013FFF718FF1E
:1018400001224FF00043C0E9042385F31188BFF360
:101850006F8F83689847EFF31185402383F31288D5
:10186000BFF36F8F3A68121B3A60FFF7EFFEB8E7DD
:10187000A0470220F01B002010B5EFF31184402395
:1018800083F31288BFF36F8FFFF7E8FE054A034624
:10189000D2E90001181841EBE37184F31188BFF31A
:1018A0006F8F10BDF01B0020F8B50446EFF31187D1
:1018B000402383F31288BFF36F8FD0E90423B3F181
:1018C000004F08BF012A04D087F31188BFF36F8F40
:1018D000F8BDD0E90A566A1C46F10003022A73F1EA
:1018E000000334D3013D46F1FF36002EBCBF002576
:1018F0002E4607F08BFE013041F10001401946EB06
:101900000101012871F1000148DB07F07FFE013081
:1019100041F100016FF00203401946EB01018342DF
:101920006FF000438B413EDB07F070FE013041F168
:1019300000016FF00102401946EB0103121A4FF04B
:10194000FF3161EB03031A492046FFF7ADFE236B1D
:1019500001332363236A63B187F31188BFF36F8F69
:1019600020469847EFF31187402383F31288BFF393
:101970006F8F54F8185FA542A6D0002DA4D028463A
:1019800007F0EFFC0023C5F8B43087F31188BFF3EC
:101990006F8F2846BDE8F84007F0BABC6FF001022F
:1019A0004FF0FF33CFE700224FF00043CBE700BFFB
:1019B000A91801002DE9F04105461C4690461F4636
:1019C000EFF31186402383F31288BFF36F8FB4F1D6
:1019D000FF3F08BFB2F1FF3F05D186F31188BFF387
:1019E0006F8FBDE8F081002C09DB012A74F1000340
:1019F000BCBF0122002412F1FF3844F1FF37284612
:101A000007F0CBFDDDE90623C5E90A2300232B639C
:101A100042463B4628460249FFF746FEDDE700BF47
:101A2000A918010070B50546EFF31184402686F32E
:101A30001288BFF36F8F07F0B0FD20B184F31188D7
:101A4000BFF36F8F70BD6B6A63B184F31188BFF30E
:101A50006F8F6B6A28469847EFF3118486F31288DC
:101A6000BFF36F8F05F1180007F0B0FC0028E5D038
:101A700007F04EFC21460248BDE8704007F0BCBCB0
:101A80003350022073B50446EFF31186402383F3ED
:101A90001288BFF36F8F8368594003EA02050A403A
:101AA0005340009300226B460849019207F02AFD3B
:101AB000DDE9003223EA020304F10C00A3603146A1
:101AC00007F09AFC284602B070BD00BF3B970100AA
:101AD0002DE9F04105460E46174607F0C5FB30B923
:101AE000074B9B68D3F8A84014B9BDE8F081054CBA
:101AF0003B46324629462046BDE8F04107F04BBE42
:101B0000684702206C070020014BC0F8A8307047DE
:101B10006C0700200146024A0020FFF7D9BF00BF32
:101B2000353D010007B5074B0093074907484FF0C3
:101B3000FF334FF40062FEF725FF002003B05DF88D
:101B400004FB00BF04B7010000940220F81B002032
:101B500010B50A4C23681BB101232360002010BD7F
:101B600000F0EAF80028F7D00138062803D8044B23
:101B700053F8200010BD034810BD00BFA447022049
:101B800010B70100FE8FFFFFBFF34F8F0549064BD3
:101B9000CA6802F4E0621343CB60BFF34F8F00BF0B
:101BA000FDE700BF00ED00E00400FA0510B40A4BA9
:101BB0000A490B4C4FF0FE32C3F800244968C3F8C1
:101BC0000424C3F80824C3F80C240023C4F8003507
:101BD0005DF8044B084700BF00B002504C050020E0
:101BE00000A00250D0E90012014BC3E90012704777
:101BF0004C05002010B5044650B1636813F0685FCF
:101C000005D0064A934202D000232360626010BDD3
:101C1000034B04485B689847EFE700BF2C5F5CA963
:101C20004C050020ECAA0100C8B143680D4A93425C
:101C300013D013F0685F0ED0012350E8002F19462F
:101C400040E8001C9CF0000FF7D1012AF5D0BFF34B
:101C50005F8F0020704704487047044870476FF456
:101C6000E04070472C5F5CA9E98FFFFFEA8FFFFF20
:101C700080B14368094A93420AD013F0685F05D0E7
:101C8000BFF35F8F00230360184670470448704716
:101C9000044870476FF4E040704700BF2C5F5CA9B8
:101CA000E98FFFFFEA8FFFFF10B5044620B1044B18
:101CB00063600022226010BD0248FFF777FFF6E75D
:101CC0003A00003A14AB010070B5D0E90023154C7E
:101CD0006360D0E90230C4E902302260124B0D6823
:101CE0001D604D685D6011488D689D60CD68096913
:101CF000DD601961436813F0685F04D00C4900236C
:101D0000C0E9003190470B48436813F0685F07D083
:101D1000074923680022C0E90021BDE87040184748
:101D200070BD00BF68050020540500208805002014
:101D30002C5F5CA98005002008B500F013F830B9CD
:101D400000F014F828B9064AC2F80C0A08BD0320AE
:101D500008BD00F009F800F043F8042008BD00BFFA
:101D600000B00250002070470020704710B51548A1
:101D700000F05EF800B110BD134800F059F80028DB
:101D8000F9D1124C204600F053F80028F3D1104B43
:101D900010481C6000F04CF80028ECD10E4800F010
:101DA00047F80028E7D10D4800F042F80146002826
:101DB000E1D100F039F8044608B900F04DF82046AA
:101DC00010BD00BFC8050020C4050020C0050020CC
:101DD000B8050020BC050020B4050020B005002097
:101DE00008B50B4800F02EF80A4800F02BF80A4816
:101DF00000F028F8094800F025F8094800F022F81A
:101E0000084800F01FF8BDE8084000F00FB800BF18
:101E1000C8050020C4050020C0050020BC05002026
:101E2000B4050020B005002000207047704700BFB7
:101E300008B5034B02681B6810689847002008BD6E
:101E40006805002008B5034B02685B681068984776
:101E5000002008BD6805002070B5094C094D2069B7
:101E6000AB68984718B1084B08485B689847084A20
:101E7000EB68206900211160BDE87040184700BF81
:101E800054050020680500204C05002038AB0100F7
:101E9000C0470220F8B5504A0D460023D0E90001A2
:101EA000EFF7EAFA002AAEBF4C4B4D4B02F5A832D1
:101EB0000446B8BF02F5C072E41841F100064FF4C1
:101EC0006161B2FBF1F301FB13223C21E01CAB602A
:101ED000B2FBF1F301FB13226B602A6046F10001B3
:101EE00007220023EFF7C8FA002A55DA0732AA6161
:101EF0003C483D4A20184FF0000366F10001EFF71F
:101F0000BBFA394B03FB104448F6AC61B4FBF1F16A
:101F1000214440F2B457B4FBF7F3C91A334BB4FB76
:101F2000F3F3C91A48F69463B1FBF3F3234440F288
:101F30006D16B1FBF6F2B1FBF7F15B1A06FB12333B
:101F4000992103EB830402345E1CB4FBF1F779435F
:101F500002314FF0050CB1FBFCF1761A40F2F95159
:101F60008C428CBF6FF0090102214FF4C8743944D0
:101F700004FB0020012998BF0130B3F5997F13D3EA
:101F8000A3F59973EB61A0F26C700023C5E904100E
:101F9000EE602B622846F8BD002EAA61A8DB124A2B
:101FA000002320463146AAE7970710D14FF0640C72
:101FB00092FBFCF70CFB17275FB992FBF4F704FBCD
:101FC0001722B2FA82F252093B331344DAE70022B5
:101FD000FAE70122F8E700BF805101006CFA0A001D
:101FE0006BFA0A0050C5FDFFB13A0200B03A020098
:101FF0000CB430B58BB004460D462022002102A857
:1020000007F010FC02238DF80A30002D0C4B0393CF
:10201000069412DB01D06B1E1C440FAA0E99079484
:1020200002A8019200F092FB15B1069B00221A70E3
:102030000BB0BDE8304002B070470024EDE700BFB0
:10204000D59D01002DE9F0472DED028B80460F460E
:10205000002318F803C0BCF1200F03F1010200F0C7
:102060006F81ACF10901042940F26A81BCF12B0FA8
:10207000144630D0BCF12D0F32D000254CF0200397
:10208000692B2FD06E2B5BD000214FF00A098E46B2
:102090000B460E4615F4006067D04CF02002A2F10A
:1020A000610ABAF1050F60D8573AD2B24A4561D3F6
:1020B0004CF0200CBCF1780F05F0800240F09580C8
:1020C000002A4ED0002E40F0928045F4006080B28D
:1020D0004FF0100978E0002518F802C09C1CCDE7ED
:1020E0004025F9E7974B9FED988A13F8011B51B1F2
:1020F00018F8042042F020028A4204F1010023D0A3
:10210000924A93422DD1B0EE480A07F0D3FD50B168
:1021100018F80430282B06D1013418F80430292B84
:1021200004F1010412D16B0601D5B1EE488A0FB15A
:1021300044443C60B0EE480ABDEC028BBDE8F08739
:10214000834B9FED848AD0E70446CEE723F020023C
:10215000413A192AE1D9A3F13002092ADDD95F2BCE
:10216000DBD09FED7D8A0024E1E7ACF13002D2B2F2
:102170004A4530D245F0800015F4807C80B21CD1F5
:10218000B9F10A0F14BF4FF0070A4FF0080AD645FD
:1021900007DCAD051DD406FB0926AEB10EF1010E1C
:1021A00012E045F4C070B9F10A0F80B205D1042ADB
:1021B00003D9052A08BF62460223002A18BF43F04C
:1021C0000103850500D4013118F804C00546013427
:1021D00060E70139DFE7FE2A7FF46AAFAA053FF521
:1021E00067AF45F4007080B2EEE7002AB9D000284E
:1021F00066D089007022624519D118F804202B2A74
:1022000004F1010004D02D2A5CD145F48065ADB203
:1022100018F800C0A01C14466246A2F1300CBCF1B4
:10222000090F52D901340CBF00F1FF34841E013C68
:10223000002E00F082802A0567D51931B6F1007FA3
:102240005AD3B6F1806F5AD211F17E0F57DB46EAAE
:10225000030202F00303032B03D002F00603062B54
:1022600005D10432B2F1806F24BF520801317F29B9
:1022700060DCB2F1007F4FEA920326BF7F3123F486
:102280000003002143EAC15308EE103AB0EE480AB9
:1022900001F082FA0138022804D8F8F767FC2F4BC6
:1022A00022221A50B0EE480A01F076FA01380228CC
:1022B0003FF639AFF8F75AFC284B22221A5032E782
:1022C000652298E74FF0FF34A7E700244FF00A0992
:1022D000DF2CDCBF303A09FB042418F80020A2F1FF
:1022E000300CBCF1090F00F10100F1D96A0548BFBB
:1022F0006442214404469AE7760001399EE706F0DD
:10230000010242EA560601319BE78E441EF12D0F71
:102310000DDBBEF1270F0DDC06F001001843013084
:1023200006EB900007F015FBB0EE408ABAE79FED90
:102330000A8AB7E79FED048AB4E79FED078AF2E6C1
:10234000134686E61FE801000000807F22E80100B6
:102350001CE801000000C07F000000000C0000002D
:10236000242A2DE9F041054601D8012A0AD1F8F7BF
:10237000FDFB344B16221A5001B10D600020BDE860
:10238000F0813046064616F8014B202CF9D0A4F116
:102390000907042F2346F4D92B2C32D02D2C33D10E
:1023A0004FF0010C3378861C302B34D1307840F05C
:1023B000200078282BD132F0100028D173783546D0
:1023C000102202360CF10047013F0020B7FBF2FE5D
:1023D00002FB1E78392B82BF03F1FF3343F0200349
:1023E000263B303B9A421DD9704502D817D19845FB
:1023F00015D24CF0020C3446354614F8013B264603
:10240000E8E74FF0000CCDE74FF0000CCCE7002AD6
:1024100008BF0822D6E7002A08BF0A22D2E700FB3D
:102420000230E8E701B10D601CF0010F18BF404217
:102430001CF0020FA3D0F8F799FB024B22221A508E
:1024400038469CE70C000000242AF0B5044601D869
:10245000012A40D1F8F78AFB2D4B16221A5001B100
:102460000C600020F0BD2F463D4615F8010B2028DA
:10247000F9D0A0F10906042E0346F4D92B282CD05C
:102480002D282CD101262B78BD1C302B2DD128785E
:1024900040F02000782824D132F0100021D16B7850
:1024A0002C46102202350020392B82BF03F1FF3366
:1024B00043F02003263B303B9A421AD9A0FB02048A
:1024C0000CB9C01801D346F002062F462C4617F867
:1024D000013B3D46E8E70746C6E70026D3E700266E
:1024E000D3E7002A08BF0822DDE7002A08BF0A2236
:1024F000D9E701B10C60F20748BF4042B307B1D53C
:10250000F8F734FB024B22221A504FF0FF30A9E7B4
:102510000C000000242AF0B507460D4601D8012A18
:102520000AD1F8F723FB404B16221A5005B12F6051
:1025300000200146F0BD3046064616F8011B202952
:10254000F9D0A1F10904042C0B46F4D92B293DD074
:102550002D293ED14FF0010C3378861C302B3FD112
:10256000317841F02001782936D132F0100133D191
:10257000737837461022023600200146392B82BF7D
:1025800003F1FF3343F02003263BA3F13004A242C2
:1025900036D94FF0000E39BBA0FB027338461946FE
:1025A000BEF1000F0AD13F1953F1000328BF4FF0CD
:1025B000010E38461946BEF1000F01D04CF0020C56
:1025C0003446374614F8013B2646D7E74FF0000C57
:1025D000C2E74FF0000CC1E7002A08BF0822CBE792
:1025E000002A08BF0A22C7E7A2FB0131A0FB027044
:1025F0001B1841F100010029D0D04FF0010ECDE7AA
:1026000005B12F601CF0010F02D0404261EB410187
:102610001CF0020F8ED0F8F7A9FA034B22221A50B1
:102620004FF0FF3085E700BF0C0000002DE9F041BE
:102630000126B24201DCBDE8F08107463B461F4659
:1026400013F8014B002CF6D0252CF8D11D78252D40
:1026500007F10207F2D00023DFF8EC809C461C460D
:102660001F2C27D8A5F1200EBEF1100F06D828FA8E
:102670000EFE1EF0010F53D12E2D3CD02E2D27D84B
:10268000242D33D02A2D36D0BCF1000FD3D0B44541
:10269000D4D145F02007A7F1650CBCF1020F0B68FF
:1026A00001D9612F42D1073323F0070308330B60B0
:1026B0000136BEE77F2CDFD96C2D23D01DD8682DC5
:1026C00027D06A2D01D04C2DDED144F4207408E0CF
:1026D000A5F1300EBEF1090FEED80A2404FB03E386
:1026E000202417F8015B002DBAD1CDE7BCF1000F13
:1026F00018D0B34218D00023F3E7742DF1D07A2D0F
:10270000EFD0C1E7250648BF44F4007444F08004CC
:10271000E7E7E50548BF44F4007444F48074E0E75B
:102720000024DEE79C46E6E76325B2E7692D02D088
:1027300007D8632D03D0250601D5A405B3D40433EF
:10274000B5E7732DF6E700BF892801002DE9F04FAA
:102750008378D0F8049093B09C07CDE908128046A6
:1027600015D50B920B460025187890B1252814D06A
:10277000013306934146C847002805F1010580F260
:10278000FC8398F8023043F0040388F802304FF0DD
:10279000FF35284613B0BDE8F08F93F801A09A1CCE
:1027A000BAF1250F0692E5D04FF0000B5E465F466A
:1027B0005C461F2C23D8AAF12003102B22D8DFE877
:1027C00003F01521211B2121210B21212113211887
:1027D0002121090044F00104069B13F801AB069384
:1027E000BAF1000FE5D11BE044F0020444F0040408
:1027F000F2E744F00804EFE744F01004ECE77F2C24
:1028000000F2F880BAF12E0F00F0D58000F2AE8011
:10281000BAF1240F00F0D580BAF12A0F00F0B6808B
:10282000BBF1000F06D0099B08980B935A460BA9E1
:10283000FFF7FCFE002E4AF02003B8BF24F040044E
:102840000493A3F16503BCBFA4B20026022B04D9F4
:102850004AF02003612B40F090826FEA0A0A0AF0E6
:10286000200307930B9B073323F0070303F10802B0
:102870000B92049A612AD3E900AB04F0400340F0C4
:10288000E680002B08BF4FF0FF36079B00935046B1
:1028900033460CAA594607F017FA0130C3B2B342C7
:1028A0000393A8BF03F1FF364FF0010C7023CDE96D
:1028B000043CDDF830A044F4C0540AF10903122BA3
:1028C0000DD90AF16303C62B40F2F4800AF2E73314
:1028D00040F2CE7293428CBF0423032305939DF8EC
:1028E0003430D80700F1E880A20700F1E880C4F393
:1028F000800B4FEA4B1B5FFA8BFB13F00C0F00F0C1
:10290000EA80BBF1000F0CBF03230423BB420EDAA5
:102910002007A7EB03070BD42F4441462020C847CC
:10292000002805F10105FFF62CAFBD42F5D10027C7
:10293000BBF1000F07D041465846C847002805F1B3
:102940000105FFF61EAF9DF83430AF4C13F0080FB1
:10295000AE4B08BF1C462646324616F8010B00282F
:1029600040F0B0802C1B02EB040B7DE1AAF1300398
:10297000092B3FD814F0400F4FF00A0212BF02FBA0
:10298000063602FB073744F0200425E7BBF1000FB1
:102990007FF422AF0B9A600652F8043B0B9201D5EC
:1029A0001E4619E7002BA7BF44F020041F465F42D4
:1029B00044F0280410E763063FF5EBAE44F0400412
:1029C0000AE7BBF1000F3DD014F0400A099B0898BC
:1029D0000B930CBF3A4632460BA9FFF727FE0B9B21
:1029E00053F8042B0B93BAF1000F01D01646F3E60F
:1029F0001746F1E6BAF16C0F16D00CD8BAF1680F91
:102A000019D0BAF16A0F03D0BAF14C0F7FF408AFB6
:102A100044F42074E0E6BAF1740F3FF4DDAEBAF18D
:102A20007A0F3FF4D9AEFBE6200648BF44F40074A9
:102A300044F08004D0E6E30548BF44F4007444F455
:102A40008074C9E65E463446BB463746C4E6002B72
:102A5000049B08BF0626652B0ED1721CD2B244F42B
:102A600080541346112A4FF065014FF0000228BF31
:102A700011239446049107E0049B662B12D144F481
:102A80000054B44601221123CDE9002C50460CAA73
:102A9000594600F01DFBC3B203930223DDF830A0BA
:102AA00005930AE716F0FF02DBD1652304939446F1
:102AB0000123E9E7022311E74FF02D0B1DE74FF04B
:102AC0002B0B1AE7079BC01A4146C0B2C847002823
:102AD000BFF642AF55E614F4405F40F09980039B87
:102AE0004833002E6B4408BF0126133B039A1AB1EA
:102AF00013F8012D302A79D014F0100F039B18BF62
:102B000033461AF1040F76DBB24574DA534544F4C8
:102B1000005440F380800AF101069E1B2AEAEA7302
:102B20000133BBF1000F00D00133002E75D0721CB1
:102B300013449F42CCBFFF1A002714F0090F03D1A2
:102B40002F44BD426DD10027BBF1000F07D0414695
:102B50005846C847002805F10105FFF612AE2305C7
:102B600011D541463020C8470028FFF60AAE079B22
:102B7000C3F17800414600F0F800C847002805F18D
:102B80000205FFF6FEAD200704D4AB467D195D4576
:102B90004FD10027A1046AD52AEAEA73AAEB030AF7
:102BA0007642039A524584BF0CAA524403F1FF3384
:102BB0008CBF507930209E4205F1010B41DC41462B
:102BC0000493C8470028049B0AF1010AFFF6D9AD17
:102BD0005A1C09D141462E200493C8470028FFF60D
:102BE000D0AD049B05F1020B5D46DAE7039A013A8A
:102BF000D2B203927AE75E1E14F4006F059A14BFF6
:102C00000523032313448CE762E70100AEC70100EC
:102C1000A10483D4F0E7002680E7E20648BF013331
:102C200087E741462020C847002805F1010588DADA
:102C3000A7E541463020C84700280BF1010BA6DA72
:102C40009FE541460393C8470028FFF69AADE60684
:102C50000AD5039B013307D105F1020B41462E2013
:102C6000C8470028FFF68DAD5D465F4418E29DF829
:102C700035004146C8470028FFF683AD002E61DDD0
:102C800041462E20C8470028FFF67BAD01240CAB3F
:102C9000039AA242CABFE218302050794146C84781
:102CA0000028A346FFF66DAD0134A6420CABEFDA67
:102CB000AC1C5C44049B079A981A4146C0B2C847B2
:102CC0000028FFF65EADBAF1000FB4BF2D202B2017
:102CD0004146B8BFCAF1000AC8470028FFF651AD07
:102CE000059B042B3AD14FF47A76BAFBF6F505F141
:102CF00030004146C0B2C847002804F10304FFF683
:102D000040AD06FB15AA6426BAFBF6F505F13000C6
:102D10004146C0B2C847002804F10104FFF631ADB6
:102D200006FB15AA0A26BAFBF6F505F13000414666
:102D3000C0B2C847002804F10104FFF622AD06FB2B
:102D400015AA13E0E40601D46C1CB3E741462E201B
:102D5000C847002805F10204ACDA12E5059B032BF5
:102D600004F10204CFD0059B012BDBD10AF1300026
:102D700004F1010B4146C0B272E7AAF16303122BC2
:102D800000F2E580DFE813F013005400E300E300F5
:102D9000E300E3005400E300E300E300E300E300AA
:102DA000FC00DD00E300E3002900E300AB000B9B27
:102DB0001A1D1B680B928DF8303001260DF1300A78
:102DC00020072CD50AEB060B54465C4529D1A5EB10
:102DD0000A0A04EB0A0BBF1B46E70B9B1A1D0B925A
:102DE000D3F800A0A94BBAF1000F08BF9A4614F01F
:102DF000400F14BF31464FF0FF31504606F060FDE2
:102E00000646DDE741462020C8470028FFF6B9AC5A
:102E1000013CA642F6D32F443D1B2746D2E73C4651
:102E2000F7E714F8010B4146C8470028CDDAA8E4BB
:102E300021060B9B32D5A2052BD5073323F00703C0
:102E4000D3E9000103F108020B9224F0100B0029D2
:102E50001FFA8BFB32DA404261EB41014BF4806B8D
:102E60000CAC0A23224606F04DFD1BF0400FA0EBF0
:102E7000040200F09C802BF0010396429BB240F3C9
:102E80009F80BAF1000F40F09D802BF011039BB2A0
:102E90001FE01A1D18680B92C117D6E71A1DE0052E
:102EA00019680B9201D40846F6E7A2054BBF48B259
:102EB00008B241F3C01141F3C031C6E750EA010343
:102EC000CED16306CCD5002ECAD124F01104A3B212
:102ED0003246344640F206410B426FD126E024F0E0
:102EE0001004A4B20A2314F0800C0B9A4CD014F4F2
:102EF00000711DBF073222F0070202F10801101D08
:102F000019BF0B91D2E900010B90106850EA010241
:102F100047D124F0160B62061FFA8BFB45D5002E15
:102F200043D124F01704A3B23246344619075FD4C4
:102F3000D90704D5A74272DD3C1BA6183C46A34620
:102F400050E044F0100410234FF0780ACBE74AF029
:102F50002003782B04D1CAF1780343F01003C2E7B1
:102F600041462520C8470028FFF60BAC4146504695
:102F7000C8470028FFF605AC0235069BFFF7F4BBF7
:102F800008234FF0000AAEE7111D0B9114F4807175
:102F90001068BBD014F400711ABFC0B2614680B291
:102FA000B4E724F006041FFA84FB0CAC5AE714467D
:102FB0005B46D9068ED5BAF1000F05D10134B5E7CD
:102FC0001446F6E73446F4E70234AFE741462020E2
:102FD000CDE90332C8470028FFF6D3ABDDE9033261
:102FE0000BF1010B5F45F1DC2C1B04EB0B055C4680
:102FF000D90616D5414630200392C8470028FFF66F
:10300000C0AB039ABAF1000F32D0023541465046A8
:10301000C8470028039AFFF6B4AB2E441DE01646BD
:103020008DE740F206410B42F7D013F0020F14BFB8
:103030002B20202013F4806F039205F101054146F7
:1030400018BF2D20E4E7414630200392C8470028EE
:10305000039A05F10105FFF694AB731B9A42F2DB6C
:1030600016460DF1300A2EB902EB050B3F1BFBE5AE
:103070000135D2E7013E41461AF806000392C847DF
:103080000028039AEFDAFFF77CBB00BF66E7010078
:1030900041462020C847002805F10105FFF671AB25
:1030A0007B1B002BF4DC68E71FB502AB0093074ADB
:1030B0004FF0CC3306F0C8FDDDE90201C00840EA5C
:1030C0004170C90805B05DF804FB00BFCDCCCCCC85
:1030D0002DE9F04F9BB00F0D0A939DF890300592AB
:1030E0000C93C1F30A52C1F31303C90F04460791AD
:1030F0007AB950EA03017CD1059930234B71079BC3
:103100000A6043F002030B71012630461BB0BDE894
:10311000F08F40F2FF718A420AD10343079B059A60
:1031200014BF43F0080343F0040313710026ECE7D7
:10313000A2F2354A43F48015234301BF27F001076B
:103140007F057F0DB7FA87F704F001024FEA850883
:103150000CBF7F090127BAF1000F089248EA947862
:103160004FEA8406C0F2B680504600F0EBF9BAF19F
:10317000030FC8BF0138049000F0FEF9049B7C30B7
:10318000A3EB0A0A824416A9184600F089FA12AB8A
:10319000019310AB0093204653462946029716AA86
:1031A00006F060FC049B152B04460D4600F28E8051
:1031B00014ABA94A009330464FF0CC334146DDE9C9
:1031C000109A06F041FD149B159A9B0843EA8273FE
:1031D00003EB8303B34210D14146304600F0D4F9EB
:1031E000049B83428CBF4FF000084FF0010800277A
:1031F00015E0DFF868A21D469EE7089B002B55D11D
:10320000013E48F1FF31F01B61F1000100F0BCF913
:10321000049BDDF8208083428CBF002701270C9B94
:10322000002B40F0C880DDF828900026069609960D
:103230004FF00A0BDDE91001FFF736FFDDE912A3BD
:10324000CDE90D01194650460F93FFF72DFF0A46B1
:103250000D990B9003468B420E9B72EB03010F9B63
:1032600080F0C480204629460F92FFF71DFF0B9B7C
:103270000F9A13920BFB03F50D9B10930E9B11936A
:103280000B9B1293069B002E14BF4FF0000808F012
:10329000010801330BFB1046554514BF002707F00A
:1032A0000107F6B2069304460D46C3E7B01C48F189
:1032B000000100F069F9049B83428CBF00200120CB
:1032C000B9EB00006AF10002CDE910024FF00008EE
:1032D0004746A4E7CAF1000B584600F039F9BAF1A5
:1032E000FF3F0CBF8146A0F10109ABEB090B0AEBD4
:1032F00009035846049300F03FF916A9A0F17D0A8E
:10330000584600F059F912AB0193A9EB0A0A10AB29
:103310000093204629460297534616AA06F0A2FBC0
:10332000B9F1010F04460D460ED8089B13B94FF0B2
:10333000010874E7109B119A013B42F1FF32CDE97D
:1033400010324FF0010852E7B9F13E0FBED84FF0EE
:10335000FF33A9F1200003FA09F203FA00F0C9F1E2
:10336000200123FA01F102430A4303FA09F328EA90
:10337000020826EA030656EA08060CBF4FF00108C9
:103380004FF0000833E700FB02F6A1FB0012013307
:1033900032448C4275EB0206F5D2049A1344259A06
:1033A0001344D20F9342B8BF13460A9A9A42A8BF59
:1033B0001A46914639E70A21002201230846E8E728
:1033C0000BFB01FEA0FB0B010CF1010C71448442CC
:1033D00075EB010EF4D2CC450DDDB9F1000F02D131
:1033E00054EA050107D0012309933BE70A20002195
:1033F0004FF0010CEBE7002F32D04FF00A0B504694
:103400001946FFF751FE0BFB00F252450B910E904F
:1034100026D1DDE91001FFF747FE8A460D902946C7
:103420002046FFF741FE0D9A0E9B1293CDE9102A1C
:103430000B9A1392069A002E14BF4FF0000808F062
:10344000010801320BFB10469A46F6B20B9B06921E
:1034500004460D46D3E700BFCDCCCCCCCCFBFFFF60
:10346000B8F1000F05D0052E03D104F00106043693
:10347000F6B2049B069A13449846099B53B9DDE9BA
:1034800012239D4208BF944204D1089B002B46D1D1
:10349000002F44D0042E94BF0026012630194FF08F
:1034A0000A0245F10001002301271446904271EB06
:1034B000030536D2EEB1B9451BDA0C9B6BB1259AE8
:1034C00008EB07031344012B0A9AB8BF01239A4261
:1034D000A8BF1A46974291460BDD05304FF00A020D
:1034E0004FF0000341F10001EEF716F808F1010872
:1034F000013F4F45A8BF4F463EB20FFA88F8059BE3
:1035000008FA87F706F10508013F98444FF00009D3
:10351000B1450DDB059B079A1F601A71F5E5012681
:10352000BCE704FB03F5A2FB042301372B44BDE7F2
:103530000A220023EDF7F0FF303208F8012D09F1DF
:103540000109E5E7014B5843800C70474134010005
:10355000014B5843000D7047FB2E0B00014B5843A5
:10356000C00C70474F931200024B5843C00C0130FF
:10357000704700BF4F931200024B5843C00C0130FC
:10358000704700BF4F9312000A4A70B503464FF0D0
:10359000CC3600204FF0333506FB03F402FB014428
:1035A000A3FB023121449D4275EB010401D301309C
:1035B000F2E770BDCDCCCCCC2DE9F04F1A23354EBF
:1035C000B0FBF3FA03FB1A0389B004460D4606EB81
:1035D0000A1653B9D6E90023C1E90023D6E902014E
:1035E000C5E9020109B0BDE8F08F2B4A02EBC30325
:1035F000D3E9008904AB0093D6E90223404649464B
:1036000006F022FB06AB0093D6E9002383460F4663
:103610004046494606F018FBDDE9066216EB0B064C
:1036200052EB07084FF0000328BF0123814633B156
:10363000049B059A013342F10002CDE90432204691
:103640000391FFF799FF07461A2000FB0AF0FFF7E6
:1036500093FF3F1A3246434603990097484606F0C7
:103660000AFB4FEA141C0D4A640004F01E0352F8D2
:103670002C40DC4004F00304241841F10001C5E9AA
:103680000041DDE9042300973046414606F0F3FA95
:10369000A6E700BF78A60100A8A501002CB701008D
:1036A0002DE9F04F1A27DFF8ECA000F11905B5FB62
:1036B000F7F56F433A1A4FEA051B89B004460E46E8
:1036C0000AEB05150AD1D5E90023C1E90023D5E9A4
:1036D0000201C6E9020109B0BDE8F08F2B4B03EBF4
:1036E000C203D3E9008904AB0093D5E90223404625
:1036F000494606F0A9FA5AF80B206B68013ACDE961
:10370000020106A963F1000300914046494606F014
:103710009BFADDE906528A4602996D18039952EB2D
:1037200001084FF0000328BF0123814633B1049BF9
:10373000059A013342F10002CDE904323846FFF721
:103740001BFF07462046FFF717FF3F1A2A4643464E
:1037500000974846514606F08EFA4FEA141C0C4A70
:10376000640004F01E0352F82C40DC4004F0030413
:103770000134241841F10001C6E90041DDE90423C8
:1037800000972846414606F076FAA2E7A8A5010070
:1037900080B7010048A7010010EE103A33F0004056
:1037A0000DD0A0F50003B3F1FE4F0AD3074B421E24
:1037B0009A4208D9A0F1FF4358425841704702206D
:1037C0007047042070470320704700BFFEFF7F0052
:1037D00010EE101AC1F3C7530029A3F17F0210B5F0
:1037E000ACBF01244FF0FF341E2A1BDC002A04DA90
:1037F000013218BF0024204610BD162AD8BF4FF44E
:103800008003C1F31601D8BF134141F40001CDBFBD
:10381000963B5B18C2F1170201FA03F3D8BFD340FD
:103820005C43E8E7DFED087AB4EE670AF1EE10FAE0
:1038300001D000F00BF8012C4FF0FF3418BF00242A
:1038400004F10044D7E700BF000000CFDFED047AA9
:1038500087EEA77A82B08DED017A019B02B07047A6
:10386000000000007047F0B41346DA02876806696A
:1038700007D513F4402F1EBF43F3000202F4402289
:103880005340346801258D4023F48012DB074CBF80
:103890002C43AC4334603B68F0BC184737B5034653
:1038A00000681C790569836801A95B68984740B97D
:1038B0002B68019858400123A3401840003818BFD6
:1038C000012003B030BD03460A4600681979012380
:1038D00003FA01F103691B68194218BF82F0010263
:1038E00012B18368DB68184783681B69FBE770B512
:1038F0001646044600EBC105206805F068FA60B181
:10390000E288206821793243FFF7ADFF002803DB0E
:103910000834AC42F0D1002070BD6FF01200FBE71C
:103920002DE9F0410C46154607461A462946204621
:103930001E4605F083FF38B133462A4621463846F5
:10394000BDE8F041EEF788BABDE8F081EEF7EEBCD5
:1039500000B5A9B001A8EEF759FA29B05DF804FB4B
:1039600038B5044600780D46EEF7ACF900B965802D
:1039700038BD10B52DED028B037B0446B0EE408AB6
:10398000F3B1D0ED017A70EE677A90ED020A87EE1E
:10399000800AFFF71DFF6188014400290BDDFF2924
:1039A0000BDC89B22046FFF7DBFF08B984ED018A02
:1039B000BDEC028B10BD0021F4E74FF48071F1E7FC
:1039C0006FF03C00F4E710B54FF4004C20EAE074CF
:1039D000002140F2E7304FF47A720023E4FB0C013F
:1039E000EDF79AFDBDE8104005F030BD08B50021A7
:1039F0000120EEF77BF800210320EEF777F8052091
:103A0000FFF7E1FFBDE8084001210220EEF76EB8A4
:103A1000704703695868704703691B689A7A9A70FF
:103A200083F8222093F82D2083F823209A76002013
:103A3000704703691868704770470020704708B5E1
:103A40000846F7F793FD002008BD704701238B401F
:103A5000DB43BFF35B8F50E8002F1A4040E80021A2
:103A60000029F8D1BFF35B8F7047704770B50369C9
:103A7000064603F11404BFF35B8F5A69BFF35B8FF3
:103A8000D10724D5BFF35B8F54E8002F42F0020129
:103A900044E80015002DF7D1BFF35B8F920716D4D1
:103AA0001B68402293F83D1003F0C9F9054628B978
:103AB00020460121BDE87040FFF7C8BF01463046EF
:103AC00003F0C1F918B12846F7F750FDF0E770BDD3
:103AD00010B50469002104F11400FFF7B7FF0023BB
:103AE0002382BDE81040F0F7ABBD7FB50D4603A9BA
:103AF000064600912846F0F7F7FD044650B12A46E5
:103B000031460C3002F0EAFA204604B0BDE87040BD
:103B1000F0F726BE039804B070BD08B54FF080439F
:103B2000B122C3F81C250120F2F7B2FD38B50D46CD
:103B3000014600201446F1F7E3FB29460120F1F786
:103B4000DFFB21460220BDE83840F1F7D9BB08B5BC
:103B5000F0F704F8002008BD00EBC10040884008E1
:103B60007047F8B50346FFF7F7FFB0FA80F0C0F1F1
:103B70001F0003EB800CCA00DCF81060171D0C4618
:103B800006328DB256B9012101FA00F0D96801431D
:103B9000D960CCF81040DD539D52F8BDF1000431DE
:103BA000585AD85303EBC0009E52C5805D52F4E7CB
:103BB00010B500EBC104E3888B4202F104010AD185
:103BC000012303FA02F2C36823EA0203C36000235D
:103BD00040F8213010BDA28840F8213000EBC2012E
:103BE00000EBC300CB808280F4E708B50346FFF703
:103BF000B3FFB0FA80F2C2F11F021846BDE80840D8
:103C0000FFF7D6BF2DE9F843B1FA81F3C3F11F02E4
:103C100000EB82090646D9F810700D4687B9C3F14A
:103C200020034FF0FF349C40F3681C4014D094FAFA
:103C3000A4F2B2FA82F2131D56F82340214608E09E
:103C40003C464FF0030821463046FFF785FF85428A
:103C500005D83046FFF7ACFF2046BDE8F88306EBF9
:103C6000C404B8F10108E488C9F81040D7D0BC42B8
:103C7000E9D1D4E738B50446FFF76EFF0D46034699
:103C800011462046FFF768FF03449BB204EBC505CD
:103C90005A006A802046FFF75FFF014424F8313064
:103CA00038BD70B50446FFF757FF0B4604EBC3055C
:103CB000511A9B1A89B203444E009BB204EBC20016
:103CC0006E805D00458024F8321020461146FFF7D3
:103CD00043FF014424F8313070BD70B509B90020AC
:103CE00070BD056801F007030B33CC0804EBD30467
:103CF000AB689C4228BF1C4621462846FFF782FF3E
:103D000006460028EBD001462846FFF725FFA042D3
:103D100007D932192846FFF7C4FF11462846FFF796
:103D200020FF05EBC6021046538843F00103538081
:103D30000430D5E71146FFF7D0BF2DE9F84314460C
:103D40004A4202EA010931EA020203460BD04A461E
:103D5000042A4F4628BF0422A1EB09096CB90025AB
:103D60002846BDE8F883042904D82146BDE8F84375
:103D7000FFF7B3BF00270422F0E71E68A9EB020299
:103D800004F0070302F007010B330B44E10801EBD9
:103D9000D20101EBD301B368994228BF19463046DE
:103DA000FFF730FF80460028D9D03D1D05EBC00548
:103DB00009F1FF3335441D44B5FBF9F509FB05F561
:103DC000ED1B2C442B1F07349B1B24F00704A41B62
:103DD000B0EBD30F4FEAD3074FEAE40408D2014611
:103DE0003A463046FFF75DFF41463046FFF7B9FEE1
:103DF00039463046FFF7B0FE3844844207D2304699
:103E00002246FFF74EFF21463046FFF7AAFE06EB9B
:103E1000C706738843F001037380A1E7043A2DE9D4
:103E2000F843CC1D114424F0070421F00706A6EB4B
:103E300004084FEAD807B7FA87F2C2F12405AD00AB
:103E40004FF000090735C2F12002ED080460494631
:103E5000A760C4F80C90920004F1100005F0E2FC99
:103E6000AAB2530043F0010363807B1B9BB204EBB7
:103E7000C5015800A4F80090488024F83520A6F821
:103E8000029024F8083004EBC70329465A8842F010
:103E900001025A802046BDE8F843FFF762BE2DE9D3
:103EA000F04706460D46174698462BB398F8004053
:103EB00093F80190DB78A40004EB430498F80230F7
:103EC0001C4444444FF0000ACA4509D3D8F80420E2
:103ED00008F1080339463046AC46BDE8F047604774
:103EE00014F8013B48F823402046EDF741FB013030
:103EF00004440AF1010AE7E76FF01500BDE8F08716
:103F000030B502460024002012F8013B43B178B1DD
:103F10008C4207D1702B04D0A3F140053A2D07D86D
:103F2000002030BDA3F140053A2D01D80134EAE765
:103F3000252B08BF80F00100E6E7F0B4D0E900329D
:103F4000002AD1E9005416DA002C08DA5F424FF05B
:103F5000004666EB0206BD4274EB06061ADB5B19EF
:103F600042EB0402C0E9003283688A68134483602C
:103F7000F0BCF2F72FBC53EA0206F0D0012D74F129
:103F80000006ECDBDE43AE426FF00046A6EB020615
:103F9000A641E3E70020F0BC7047002070470FB453
:103FA00007B504A951F8040B019100F049FC03B0D6
:103FB0005DF804EB04B0704710B50369024613F0D6
:103FC000080009D11368D4689C4297BF126AE31AAB
:103FD000D31A01200B6010BD00231846FAE713B571
:103FE00001A90446FFF7E8FF20B1019BE268013B0D
:103FF00013440193206A019BC01A013802B010BD1E
:1040000010B5044650182269236AD20702D5013B35
:10401000184010BD984228BFC01AFAE710B50446F0
:104020000A46C168FFF7ECFF2369E06023F008034C
:10403000236110BD38B50D46C2698B00016843F09D
:10404000020342F82130044601682A46FFF7D8FFF0
:10405000E36861682060984202BF236943F0080367
:1040600023612A462046FFF7CBFF606038BD2DE96B
:10407000F74FD0F80CB0C669009216F82B2002F06A
:104080000302022A08BF56F82B209A4606EB8B0340
:104090000F4601934FF00001009B0CBFC2F39D0936
:1040A000894619600446CAF80010B9F1000F07D01C
:1040B0004946FFF7B3FFE368A3604FF0010804E04F
:1040C00001698A0705D44FF00008404603B0BDE8F7
:1040D000F08F816906EB8B00884716F82B1011F0E2
:1040E00001080546EFD08B071DD51FB13946204684
:1040F000FFF7A0FF61682A462046FFF781FFD4E959
:1041000002138B42606007D12A462046FFF778FFF2
:104110004FF000080146A0602369216043F00803C6
:10412000E1602361D1E701462046FFF777FFE168B0
:10413000A1601FB12068E16941F82090EA19CAF82E
:10414000002021682046FFF75BFF2269206042F0D3
:104150000802226116F82B2022F0010206F82B201B
:10416000DDE900321A60A8E770B504461546FFF78E
:1041700047FF2368834205D12369216023F00803A8
:10418000236170BDE269AB0043F0020342F82130C5
:10419000204661682A46FFF733FF6060F1E738B5D3
:1041A00003695B07044606D5456AFFF718FF854299
:1041B0002CBF6562606238BD38B50D4604461C22CE
:1041C000002105F02FFBEB68A361AB6863612B68EE
:1041D000E3616B682362002262622A6923B1591E7F
:1041E000194208BF42F001022261012204F12800B5
:1041F0000021BDE8384004F09DBF2DE9F04F9846FE
:10420000036A87B000258B4204460E469346039509
:104210000595AA4638D3EFF31189402383F312881A
:10422000BFF36F8F059A2AB129462046FFF79CFFFE
:104230000023059304A92046FFF7BEFE0499B1426E
:1042400007462AD32268E36913F8221021F00301FC
:1042500003F8221003EB820A216832462046FFF75A
:10426000CFFEE3682060984212D0002789F31188BE
:10427000BFF36F8F039929B162690AB12046904755
:1042800000230393002FC6D1504607B0BDE8F08F3E
:10429000236943F008032361E7E718B12046FFF7DD
:1042A000C9FEE3E75BEA08031CD0019104F0DCFFE0
:1042B0000199B8B9B9F1000F14D189F31188BFF38E
:1042C0006F8F5A46434604F12800FCF7F5F9EFF3E7
:1042D0001189402383F31288BFF36F8FB0FA80F700
:1042E0007F09C3E705AB03AA20462568FFF7BFFE99
:1042F0000746BBE770B50446836908460D469847F4
:104300000246EFF31186402383F31288BFF36F8FC9
:104310002B7843F001032B7061682046FFF770FE95
:1043200060602046FFF73BFF86F31188BFF36F8F75
:1043300070BD2DE9F843044600274026EFF31185B0
:1043400086F31288BFF36F8F2369A268190702D41E
:104350006368934200D2236A9B1A002B42D0E06923
:1043600010F8221011F0030300EB82093AD0022B5F
:1043700004D150F822305FEA930805D1CB0720D44E
:10438000A369484698478046A16842462046FFF701
:1043900037FE0127A06041462046FFF73FFE3B461F
:1043A00085F31188BFF36F8F002BC7D137B1B9F1F7
:1043B000000F03D104F12800FCF74AF94846BDE894
:1043C000F88341F0020100F822104846A369D4F8AE
:1043D00008809847414602462046FFF711FE002319
:1043E000A060DDE79946DBE7F8B504468369084637
:1043F0000D4698470646EFF31187402383F3128852
:10440000BFF36F8F2B7823F001032B7023699B0779
:1044100005D5E268E36903EB82039D421AD12B784C
:1044200023F002032B70D4E90231994204D13246C1
:104430002046FFF7E5FDA06031462046FFF7EEFD80
:1044400087F31188BFF36F8F04F12800BDE8F840AF
:10445000FCF7FEB82B6860F39F032B60F0E7EFF3E7
:104460001181402383F31288BFF36F8F0269836841
:10447000120702D442689A4200D2026AD31A81F328
:104480001188BFF36F8F181E18BF01207047036893
:1044900000220BB9184670478B4210D10B6842B905
:1044A00042680360914200D1436000230B60012009
:1044B000704713604368994208BF4260F5E71A46A7
:1044C0001B68E6E7038B13F0070306D10368002B94
:1044D00018BF032008BF00207047022B05D1408B76
:1044E000B0FA80F0400980007047012B04D10368C6
:1044F000002B18BF0520EDE70020704710B50C46D3
:1045000000B111B96FF0150010BD081D00F0C7F81B
:104510000028F9D1A368032BF6D9F3E72DE9F04180
:104520000D4607461946281D90461E4600F0C8F85D
:10453000044638B13346424629463846A446BDE8CB
:10454000F0416047BDE8F08110B4EFF311824024E0
:1045500084F31288BFF36F8F41615DF8044B012132
:10456000F2F73EBA38B50C46054658B151B10B6862
:1045700043B14B6833B11C22002105F053F92C6183
:10458000002038BD6FF01500FBE7F8B504460E4675
:10459000FFF7B4FF051E3BDBEFF31182402383F3EB
:1045A0001288BFF36F8F638B278B4FF6FF718B429F
:1045B00007F007072ED0062F2FD8DFE807F0182EB8
:1045C000082E180418006FF08505002303E001335E
:1045D00063830225012382F31188BFF36F8FBBB180
:1045E00000233A4631462046FFF798FF10E00023AB
:1045F0003360636823B9C4E9006627B13D46E4E748
:104600001E606660F9E702212046F2F7E9F93D46AF
:104610002846F8BD6FF00A05D7E76FF00405D4E728
:1046200010B5EFF31182402383F31288BFF36F8F2D
:10463000048B04F00704022C0AD0012C0CBF6FF08D
:1046400004006FF0850082F31188BFF36F8F08E0DC
:10465000438B013B9BB2438323B92146F2F7C0F958
:10466000204610BD2046EEE738B5A8B1A1B1EFF362
:104670001185402282F31288BFF36F8F048BFFF7FE
:1046800006FF30B104F0070085F31188BFF36F8F88
:1046900038BD6FF07700F7E76FF01500F8E70346D5
:1046A00058B1426802F00302012A03D0032A04D160
:1046B000026812B10020986070476FF015007047D3
:1046C0004268816002F00302032A4FF000020346B1
:1046D0000CBF006810465A60704770B50C880646DB
:1046E0008888241A3069A4B2844285B224BF641B2E
:1046F000A4B22D1BA8B2984228BF184633682344A1
:1047000013600B8803440B8070BD70B48389858867
:104710000669ED1AADB2731B934228BF134670BCF5
:104720000A46011DFFF7D9BF70B40E460146C58881
:1047300031F80A3FEC1AA3B2934228BF134632461F
:1047400070BCFFF7CABF10B54B880C88E41AA4B23E
:1047500094420ED31A4492B28B884A800A80006930
:10476000D21A92B2824201D2002010BD03448B8043
:10477000FAE76FF01500F8E72DE9F34106460F461A
:1047800015464FF000082A4601A93046FFF7BDFF45
:10479000044640B102463946019805F01CF82D1B2D
:1047A000A0442744EFD14246311D3046FFF7CBFFEE
:1047B000404602B0BDE8F0812DE9F34107460E46C0
:1047C00015464FF000082A4601A93846FFF7ACFF0E
:1047D000044648B12EB102460199304604F0FBFF71
:1047E00026442D1BA044EED1424607F10A0138466B
:1047F000FFF7A9FF404602B0BDE8F081704703789B
:104800005B075FBF03684288C3F34A2303EB1210C0
:104810005DBF173020F0070080080020704700209F
:10482000704703F05DBD0346BFF35B8F53E8000F95
:10483000421C43E800210029F8D1BFF35B8F704789
:104840001FB50023CDE90201CDE900331A46194610
:104850001846F2F7C7FD05B05DF804FB0120F2F73A
:1048600081BA0020704718B140680079F2F79ABC0D
:104870004FF0FF30FAE738B5436804460D46DA7169
:104880001146F2F7EDFC63681D60636801225A71FE
:10489000BDE83840F2F758BA10B543685B79044672
:1048A00013B10021F2F7DCFC636800225A7110BDDD
:1048B00070B515460C4669B1D2E901369B1B994289
:1048C0000AD813680A460146981904F084FFAB68B9
:1048D0002344AB60204670BD6FF01B00FBE770B552
:1048E0000E4615461946044618B9BDE87040F2F761
:1048F00039BA33B1C2F34A231030120D184404F010
:104900006AFFC4E900562046BDE87040F2F7F6BBE6
:104910002DE9F3415F1C4FEA8708064608F11700AE
:1049200020F0070080080C461546F2F79FFA002396
:10493000ADF805308DF807308DF8047068B1034686
:10494000019A43F8102FA8F104012A46294452F88D
:10495000045B43F8045F8A42F9D1A20102F4E072D9
:1049600042EA482222F07F4222F47002002322F021
:104970003F02314602B0BDE8F041FFF7B0BF07B5D6
:104980000123019201AAFFF7C3FF03B05DF804FB06
:1049900007B5CDE9002302236A46FFF7B9FF03B04C
:1049A0005DF804FB1FB5CDE90123069B039301AA23
:1049B0000323FFF7ADFF05B05DF804FBF8B506462D
:1049C0000D4614461F4604B9F8BD214628463A460E
:1049D000B047241A0544F6E710B5426881680446DA
:1049E000D2E900230068FFF7E9FF636800221A603C
:1049F00010BD38B54B681A68CB689A4205460C461C
:104A000002D10846FFF7E8FF6368BFF35B8F53E806
:104A1000002F511C43E800100028F8D1BFF35B8F32
:104A2000A3689D54002038BD0A2838B504460D46B9
:104A300002D10D20FFF7DDFF29462046FFF7D9FF01
:104A4000002038BD2DE9F043054689B008460E88A0
:104A500091F80090D1F808800C461746F2F71CFD3B
:104A6000011EC6F38216C9F3C2091FDB4846F2F7DE
:104A700057FB03462146608851F8102B0296C2F37B
:104A80004A22002A01EB0204C0F30B1008BF0021E8
:104A90000022CDE90507CDE90314CDE90022414606
:104AA0002846F2F725FD09B0BDE8F0830023E1E7D1
:104AB00008B50120F1F7ECFD08B50020F1F7E8FD9D
:104AC0000B68834204BF01230B71704703785B07B7
:104AD0005FBF03684288C3F34A2303EB12105DBF34
:104AE000173020F0070080080020704783685B695A
:104AF00003B11847704783689B6903B11847704733
:104B000008B54368197311B11868FFF7F4FF002066
:104B100008BD10B5406824301C46FFF74DFE2060EC
:104B2000002010BD07B583689B6C1BB9012003B042
:104B30005DF804FB01AA0421984710F1580FF5D045
:104B40008630F3D00198003818BF0120EFE72DE937
:104B5000F04145681E462B7B0C46174693B101EB8E
:104B60000208A04507D13760D5E9013101209847F7
:104B70000020BDE8F081286814F8011B83685B6899
:104B80009847EEE705F11000FFF7F6FD05F1B803D1
:104B900030600121BFF35B8F53E8002F43E8001022
:104BA0000028F9D1BFF35B8F002AE1D12868FFF715
:104BB0009DFFDDE710B5406850F8804BFCF732FFF1
:104BC0002046FFF798FFA3685B6A0BB12046984721
:104BD000002010BD38B50446456B2868FFF7A2FFDA
:104BE00038B12046FCF71EFF2868BDE83840FFF7C3
:104BF0007DBF38BD8268002382F85C308268A2F8ED
:104C000056308268A2F85430704710B50346BFF39F
:104C10005B8F53E8000F40EA010243E80024002CB8
:104C2000F7D1BFF35B8F10BD10B50346BFF35B8FA9
:104C300053E8000F00EA010243E80024002CF7D1FA
:104C4000BFF35B8F10BD0EB403B503AA52F8041B6B
:104C50000192F4F77FFB02B05DF804EB03B07047FC
:104C600008B510B1ECF784FC80B208BD00F52470E3
:104C7000FBF7EEBC4FF0FF324FF0FF3300F524702E
:104C8000FBF71ABD00F5207019B14FF40061FFF772
:104C9000BCBF6FF40061FFF7C7BF00F5207019B10A
:104CA0004FF48061FFF7B1BF6FF48061FFF7BCBFC5
:104CB00008B500F51F7029B10121FFF7A6FF00F02C
:104CC000010008BD6FF00101FFF7AEFFF7E738B54F
:104CD0000C46051EA06814BF0821012100F52170B3
:104CE00004F04FFD012D08D1A0684FF40071BDE81C
:104CF000384000F52070FFF788BF38BDF7B504468F
:104D000000260027204600F0F3FCE06900F042FF97
:104D100005462046F4F756FDA368B3F8543023B196
:104D20004FF4F670002104F091FB55B1A06800F536
:104D300021700022CDE90067012104F029FD00283F
:104D4000E0D003B0F0BD08B500F52470FBF7B4FC6B
:104D5000B0FA80F0400908BD10B5044680684FF4F1
:104D6000807100F52070FFF750FFA3681B7D022BB8
:104D700002D12046F3F75CFEA0686FF48071BDE8B5
:104D8000104000F52070FFF74FBF73B504468068F0
:104D90000E46154600F5217000220023CDE90023C0
:104DA00004F0F6FC58B1A06800F52170314604F01B
:104DB000EBFC20462B4602B0BDE87040184702B01D
:104DC00070BD10B583681A7D012A044628D1D3F836
:104DD0008022510408D5D3F87C22520704D401461E
:104DE0001A6DC06900F07CFEA0684FF48042002379
:104DF000FFF7A9FF10B96FF00F0010BD0821204682
:104E0000F4F798FB204600F072FD6069F3F730FC80
:104E10002046F3F7E7FDA068FFF728FF0020ECE746
:104E20006FF08500E9E7F8B5044680681F46037D0A
:104E3000022B0D46164607D0BDE8F8404FF48051CE
:104E400000F52070FFF7E1BE4FF480420023FFF72A
:104E50007AFF48B3A368D3F88022100508D49A6C6F
:104E600032B9D3F87C32990602D5204600F040FCD6
:104E70003B4632462946204600F099FCA368D3F809
:104E80008022120508D49A6C32B9D3F87C329B0682
:104E900002D52046F4F796FC606900F099F8A06806
:104EA000BDE8F840FFF7E2BEF8BD0CB407B504ABAF
:104EB00053F8042B0193FFF7B6FF03B05DF804EB42
:104EC00002B070470EB403B503AB022153F8042BB4
:104ED0000193FFF7A8FF02B05DF804EB03B0704741
:104EE0000EB403B503AB082153F8042B0193FFF76D
:104EF0009AFF02B05DF804EB03B070470EB403B53F
:104F000003AB032153F8042B0193FFF78CFF02B08E
:104F10005DF804EB03B070470EB403B503AB012199
:104F200053F8042B0193FFF77EFF02B05DF804EB0A
:104F300003B0704770B504460D4699B10846FFF7B7
:104F40008FFE4FF4804206460023A068FFF7FBFE69
:104F500010B96FF00F0070BD731C142B05D9A06839
:104F6000FFF784FE6FF01500F5E72946A068ECF71F
:104F7000F7FAA36883F83C60A068FFF777FE00208B
:104F8000E9E710B54FF48042044600238068FFF73C
:104F9000DAFE38B12046F3F731FBA068BDE81040D7
:104FA000FFF764BE10BD18B18368D3F8A402704740
:104FB0006FF01500704710B48468A1648368DA64E8
:104FC00019B95DF8044BFFF715BE5DF8044B704747
:104FD00010B502698368126801680446C068984782
:104FE000236900221A6010BD38B5CB681B7C022BE8
:104FF00005460C4604D10A2802D10D20FFF7F4FF24
:10500000236922681B68D554226913680133136031
:1050100023691A6863689A4202D12046FFF7D8FFD5
:10502000002038BD08B510B1ECF7A2FA80B208BD77
:105030002DE9F74F824601A80D4616461F46FAF79E
:1050400015FF804601984FF0000900EB4818804595
:1050500001D8002028E04FB9DDF804B0DBF80040AB
:1050600084B9019C04F120000190F0E7012F04D0E5
:1050700003F0ADFE0028EFD0F3E703F0A8FE002810
:10508000EAD1EEE72378002BEBD04DB12846ECF7C0
:105090006FFA21460246284604F0EDFB0028E0D1D5
:1050A0002EB9D14508D1019803B0BDE8F08F58461C
:1050B000B0470028F5D1D4E709F10109D1E710B5CF
:1050C000047B438922442144B2FBF3F003FB10220A
:1050D000B1FBF3F003FB1010101A10BD10B5047BE8
:1050E000438921441019B1FBF3F1B0FBF3F0401AEE
:1050F00010BD30B5057B43892944B1FBF3F403FBB4
:10510000141101312A4401340180B2FBF3F103FB95
:105110001122848001324C1CC480428030BD2DE9B4
:10512000F74F002607468846144699460660B24661
:105130002378002B00F09F80202B23D0093B042BE9
:1051400020D93B685A1C3A6048F823403B684B45DD
:1051500000F0918000262578002DE9D0002E7BD12B
:10516000272D03D05C2D10D0222D6BD12046FFF7C8
:1051700059FF611C0246204604F03BFB2E46A34625
:105180005C46E8E704F801ABD2E704F1010B2046E6
:10519000FFF748FF59460246204604F02AFBEFE796
:1051A0005C2D56D162789642F1D0302A21D102236B
:1051B0000025E25CA2F13001C9B2072916D8ED0042
:1051C0000133EDB2052B45EA0105F2D1591E214408
:1051D000204601930091FFF725FF019B0099023BB8
:1051E000C21A204604F005FB2570C9E7DBB2022B8A
:1051F000ECD1782A2DD102210025635CA3F1300285
:10520000D2B2092A08D82D01EDB215434B1C042B4C
:105210004FF00301DAD0F0E7A3F16102052A05D8C7
:105220002D01EDB2573B1D43EDB2EFE7A3F1410273
:10523000052A03D82D01EDB2373BF4E7022908D047
:105240000323C3E7202D3FF473AF093D042D7FF600
:105250006FAF04F1010B93E7B54204F1010B9FD14D
:105260002046FFF7DFFE59460246204604F0C1FA09
:10527000A346002684E7304603B0BDE8F08FF8B5BA
:105280000E4611460746154604F026FB0446E0B1DB
:105290002846FFF7C7FEA742054607D214F8013C8F
:1052A000202B02BF0135ADB204F1FF342046FFF7D9
:1052B000B9FE3388421C5B1B521B338061192046A8
:1052C00092B2BDE8F84004F094BAF8BD2DE9F0417F
:1052D0000F4686B01646044670B1034601AC00F195
:1052E000100518685968224603C20833AB421446B9
:1052F000F7D11868106001AC4FF000084146324603
:105300002046F4F73BF808F10108054628B1296862
:105310003846ECF71BF90028F0D1284606B0BDE866
:10532000F0812DE9F0471C46DDF820809DF824909F
:1053300000230F46164623602368BB4205461BD256
:1053400056F8230000F0F9FD2368824618B10133B6
:1053500023602846F0E756F8231042462846FFF718
:10536000B5FF48B123685A1C2260B9F1000FE3D0A1
:105370008045E1D1236055462846BDE8F08770B5E9
:105380000546FFF74FFE044628B12B460026621E55
:10539000591B8A4200DC70BD13F8012B202A02D071
:1053A000093A042AF3D8591B89B28AB29442EED939
:1053B0006A5C202A02D0093A042A03D80136B6B220
:1053C0000131F2E7002EE2D08AB2A21A1846013269
:1053D000294404F00EFAA41B0346A4B2D6E7F8B59C
:1053E000846894F85C3006462BB9B368B3F854204F
:1053F000A3F85620F8BD04F15C00B4F85430C2188C
:1054000012F8012C202A1CD0093A042A19D90022AA
:10541000C25413461D460133425D202A9BB200EB65
:105420000501F7D0093A042AF4D9002DDDD0B4F8EB
:1054300054707A1C521B7F1B04F0DBF9A4F85470E3
:10544000D3E7013B9BB2A4F85430002BD5D184F8AC
:105450005C30CAE700231A46FFF7EABD02230022A8
:10546000FFF7E6BD2DE9F74F054601A8FAF7FEFC68
:10547000019C04EB40180DBB0024204603B0BDE89E
:10548000F08F266876B13046ECF772F8074628466A
:10549000ECF76EF8874205D131462846ECF756F80E
:1054A0000028EAD0E3693BB11B682BB1D3F8009028
:1054B0009A4600264E4504D120340194A045E0D8F8
:1054C000DAE75AF804BF5846ECF752F80746284680
:1054D000ECF74EF8874205D159462846ECF736F8E6
:1054E0000028CAD00136E5E70EB403B503AA52F886
:1054F000041B0192F3F72EFF02B05DF804EB03B03A
:10550000704710B50446ECF733F8B4F8543013FA8A
:1055100080F038B1638FB0FBF3F203FB1200B0FAF6
:1055200080F0400910BD38B584682046ECF720F8BB
:10553000D4F87C52B4F85630C5F3400580B205FB70
:105540000300638FB0FBF3F203FB1200B0FA80F0AC
:10555000400938BD10B50446FFF7E5FF18B9A0684B
:10556000FFF7CFFF20B16069BDE81040F3F774BFCB
:1055700010BDF8B584680546B4F85420B4F8561048
:1055800004F13000FFF7B5FDA868A78EE68EFFF79F
:10559000B8FF10B16869F3F75FFFB74207D1218EFA
:1055A000638E2846C91ABDE8F840F3F771BFE18E53
:1055B000A38E2846C91AF3F755FFF0E7F8B504465D
:1055C00080680D46B0F85610B0F8542030300D44C5
:1055D000FFF78FFDA068ADB2B0F856102A46303004
:1055E000FFF77CFD0746A0682A46B0F85610303019
:1055F000FFF765FD794206462046F3F733FF314653
:105600002046F3F745FFA368A3F85650F8BD2DE9EF
:10561000F0410C1E064633DA644224B24FF0FF35E7
:10562000A4B2AFB213E0B368B3F856C0B3F8548075
:1056300003F15C0E6146002269B96B1C22D1A1EB1B
:105640000C0109B23046FFF7B9FF013CA4B2002CAF
:10565000E9D1BDE8F081884501D1012DEFD01EF8D8
:10566000013023F020004138192807D9303B092B9D
:1056700004D9002AE3D1394489B2DDE70122FAE7EF
:105680000125CDE7B8F1000FE9D1D8E78368B3F879
:105690005610494209B2FFF791BF8368B3F854101E
:1056A000B3F85630C91A09B2FFF788BF8368B3F858
:1056B00056301BB14FF0FF31FFF780BF7047836852
:1056C000B3F85620B3F854309A4202D20121FFF7C2
:1056D00075BF70478268B2F85610A2F854108368FC
:1056E000B3F856201344002283F85C20F3F7A8BED9
:1056F00010B504468068B0F85420B0F85610303029
:10570000FFF7F7FCA368198E2046C1F10101F3F7FA
:10571000BFFEA368998E20460139F3F7A3FE204609
:10572000BDE81040F3F78CBE2DE9FF4105460F465A
:1057300014460026A4B904B0BDE8F081D3F8802255
:105740009205FBD5BFF35B8F03F5207353E8001F71
:1057500021F4007143E80012002AF7D1BFF35B8FF8
:10576000686803682246D3F80C80B91903ABC047B8
:10577000039A1644A41A002ADCD1AB68197D0329C8
:10578000EED00229DAD84FF0FF304FF0FF31CDE9EB
:105790000001082103F5217003F0FAFFA86800F565
:1057A0002170082103F0F0FFDAE7FFF7BDBFF7B57E
:1057B0001E4683681546D3F87C22D206044613D5CC
:1057C00093F83E208A420FD0DB8FADF80430F3F718
:1057D000B1FE606932462946F3F7BCFD01A92046B7
:1057E000F3F7C8FE03B0F0BD60693246294603B046
:1057F000BDE8F040F3F7AEBD0CB407B504AB53F809
:10580000042B0193FFF7D3FF03B05DF804EB02B064
:1058100070472DE9F0418768B7F85460B318FF2B43
:1058200005468846144626DCB7F85630F61A5C332F
:105830001F44B6B232463946381903F0DAFF224621
:105840004146384603F0C7FFAA68B2F854302344F3
:10585000A2F85430AB68B3F854201344002283F804
:105860005C20AB68D3F87C12890706D4B3F85620C5
:105870001444A3F85640BDE8F08131462846BDE8FF
:10588000F041F3F7F9BEFFF7C4BF38B505468068AD
:10589000B0F85620B0F85440A41AA4B29CB15C32BF
:1058A0001044411C224603F0A4FFAA68B2F8543009
:1058B000013BA2F85430611E28460122BDE8384061
:1058C00089B2F3F7D9BE38BD10B58368B3F8542058
:1058D00004465AB1B3F8563043B14FF0FF31FFF7E9
:1058E0006DFE2046BDE81040FFF7CFBF10BD70B57C
:1058F00092B00023054601934FF47A7468680368F8
:1059000040221E6902A901ABB047019B13B108B93F
:10591000013CF3D112B070BDF8B5C3695E695F6830
:1059200083683046D3F87C52FEF703FDC5F30015BB
:10593000044650B1014605F18E023846FFF782F861
:1059400030462146FEF750FD0120F8BD43681B6834
:10595000D3E90632BFF35B8F53E800CF8C4443E8B2
:1059600000C00028F8D1BFF35B8F9368BFF35B8F53
:1059700053E8000F084443E80002002AF8D1BFF3BF
:105980005B8F70472DE9F84343681E68B268F3697E
:10599000D2F87C429A681279012A07460D46C4F370
:1059A000001403D0032A50D0BDE8F883D868D3F898
:1059B00014800B7859075EBF2B68C3F34A246B88A9
:1059C00040F2E73158BF04EB13144FF4004E8C46FD
:1059D0004FF0000158BF1734E0FB0EC158BF24F050
:1059E00007044FF47A724FF00003604654BFA408D6
:1059F0000024EBF791FD02460B4640462146FEF798
:105A0000FCFB814628B938460121BDE8F843FFF781
:105A10009DBF012CF7D92946026851F8043BC3F316
:105A20009D0363F39F0240F8042B621E920003F073
:105A3000D2FE40464946FEF75DFCB06800F5217095
:105A40000221BDE8F84303F09CBE3046D3F8048041
:105A5000FFF74EFE03F008FC04F18E07044600B386
:105A6000EFF31184402383F31288BFF36F8FB36881
:105A7000D3F880321A051ED53A4629464046FEF72D
:105A8000E1FFB368D3F880321B0502D43046F3F748
:105A900099FE03F0E9FB90B184F31188BFF36F8F97
:105AA00082E7B06800F524704FF0FF324FF0FF330B
:105AB000FAF702FEDBE73046FFF71AFEDCE7B068D4
:105AC00000F52470BDE8F843FAF7C2BD10B51346DF
:105AD0000C460A4601461846FFF767FE204610BDF1
:105AE00070B504460D461646D0E90410FEF764FB77
:105AF000324620682946FEF7BEFE63685B685D603B
:105B0000A36800221A60A36801221A7170BD10B543
:105B100004460068FEF7C0FEA36802221A7110BD99
:105B200010B543681C686068036801219B6898474A
:105B3000E36950BB9B6803221A71A368BFF35B8FB4
:105B400003F5207353E8001F41F4005143E80012AD
:105B5000002AF7D1BFF35B8FA068B0F85420B0F8EB
:105B600056103030FFF7C5FA4FF0FF312046F3F7FB
:105B700079FCA368198E20464942F3F789FC204638
:105B8000FFF7CAFE0028FAD110BDBDE81040184644
:105B9000FFF7BDBFF7B503685B681C68A368D3F85F
:105BA0007C628368BFF35B8F0546C6F30016002254
:105BB00053E8007F43E800210029F9D1BFF35B8F50
:105BC0008FB13EB1A3680121DB8FADF804302046D0
:105BD000F3F7B0FC68683946F1F7BEFD1EB101A9C4
:105BE0002046F3F7C7FC204603B0BDE8F040FFF7BE
:105BF00093BE78B10378C42B0BD143780B2B08D11B
:105C00008378D22B05D1C078A0F186035842584141
:105C10007047002070470EB403B503AA52F8041B66
:105C20000192F3F797FB02B05DF804EB03B0704705
:105C30002DE9F843054688461746002418F8043035
:105C4000202B21D0093B042B1ED94046EBF790FCBA
:105C5000AB68598F80B2001BCB1B984208EB04093C
:105C600014D94846002610F8012B202A06D0A2F1AC
:105C7000090CBCF1040F02D80A2A2DD03346BA19F8
:105C8000914228D90136EEE70134D7E74B4600268A
:105C9000B04208D168694946FFF7BDFF6869BDE8B1
:105CA000F843F3F7A9BD13F8012B0A2A11D168694B
:105CB000FFF78EF9324649462846FFF735FD013495
:105CC00034446869F3F798FD39462846F3F7E0FB5A
:105CD000BBE70136DCE71E466869FFF779F9324613
:105CE00049462846FFF720FD344418F80430202B9D
:105CF00002D0093B042BE4D80134F6E700207047BA
:105D000083690020186070470EB403B503AA52F8E7
:105D1000041B0192F3F71EFB02B05DF804EB03B025
:105D2000704708B50168FFF705F9002008BD8368D2
:105D3000BFF35B8F03F51F7353E8001F41F00201AF
:105D400043E80012002AF7D1BFF35B8F00207047B1
:105D50008368BFF35B8F03F51F7353E8001F21F0C7
:105D6000080143E80012002AF7D1BFF35B8F00203F
:105D700070478368BFF35B8F03F51F7353E8001F01
:105D800021F0100143E80012002AF7D1BFF35B8F26
:105D9000002070478368BFF35B8F03F51F7353E8E0
:105DA000001F21F0200143E80012002AF7D1BFF3C1
:105DB0005B8F002070478368BFF35B8F03F51F7311
:105DC00053E8001F21F0020143E80012002AF7D136
:105DD000BFF35B8F002070478368BFF35B8F03F5D1
:105DE0001F7353E8001F41F0080143E80012002A26
:105DF000F7D1BFF35B8F002070478368BFF35B8FE1
:105E000003F51F7353E8001F41F0100143E800122F
:105E1000002AF7D1BFF35B8F002070478368BFF380
:105E20005B8F03F51F7353E8001F41F0200143E827
:105E30000012002AF7D1BFF35B8F002070470023C8
:105E4000C360704770B51546C4681E46F1B13CB9D1
:105E5000034653F8044F9C4209D10020308070BDA6
:105E60008368A34202D10023C360F6E72468C460BC
:105E7000002CF2D0228904F10A01284603F0ABFC81
:105E8000238933800022EA540120E8E7002CE4D083
:105E900043689C42E7D06468E9E72DE9F8430023B2
:105EA00004468846C360164622B3071D40688742F1
:105EB00000D0B8B906F10A0920680022002349463B
:105EC000FAF7A6F90546B8B963689F4212D0A168EF
:105ED000D1E9003213605A60C1E90000206802F085
:105EE000D4FFE9E703899342E4D10A3003F0A6FC2A
:105EF0000028DFD1BDE8F8830681324641460A30EA
:105F000003F069FC6368C5E900375D606560F1E72F
:105F100070B50446061D00256368B34202D1002314
:105F2000E36070BDA168D1E9003213605A60C1E935
:105F30000055206802F0A9FFEEE710B5044628B12D
:105F4000EBF716FB002380B2984201D8002010BD69
:105F5000E25C3F2A03D02A2A01D00133F4E7012072
:105F6000F5E710B5044680684FF48072002100F513
:105F7000AE7003F057FCA068B0F8542000F15C014B
:105F800000F5AE7003F027FCA06800F5AE70FFF7D7
:105F9000F6F9A46804F5AE70EBF7EAFA0130A4F85C
:105FA000580010BD10B504468068B0F8582000F5C0
:105FB000AE715C3003F00FFCA368B3F85820A3F86F
:105FC000542010BD08B50020F0F762FB03F02ABC96
:105FD00003F001BC01460068F3F7FABF08B5F4F717
:105FE000A1F8BDE80840F4F72DBD0A460121FEF7EF
:105FF000C6BC00210120F3F7EBBFF4F7CDBC61B6BE
:1060000062B680F31188BFF36F8F704708B572B620
:10601000002383F31188BFF36F8FEDF797FD10B165
:10602000BFF34F8F30BF62B6BFF36F8F08BD20281C
:1060300009D9B0F1004F08D80138B0FA80F0C0F1AA
:106040001F0040007047082070473E20704708B589
:10605000D1E904319847002008BD08B5F4F734FFB2
:10606000002008BD0B0704D5A0F14103192B98BFF0
:106070002030704707B51346402200920A46F4F7D5
:1060800049FF03B05DF804FBBFF35B8F50E8003FAE
:10609000013340E80032002AF8D1BFF35B8F70472C
:1060A000002303824369C360704708B50146083086
:1060B000FFF7EAFF084608BD10B508B14B6843601A
:1060C0004C68002308464B60F5F750FA204610BD97
:1060D0008388026819448180D018704730B484885E
:1060E0000568A3188380281930BC03F074BB10B571
:1060F000838802685C1C8480D154D01810BD30B5F0
:10610000838802689D1CD4188580D154090A617067
:1061100030BD83885B1A9BB2838000681844704747
:106120008288521A034682800068084418607047CB
:106130004FF0FF324FF0FF330430FAF791B9FAF71E
:1061400001BA90F86C00C0F34110704770B5044676
:106150000E46FFF7EDFF94F86C30C3F340059B0744
:1061600054BF236F6FF0770504F1040058BF9E8180
:10617000FFF7E5FF284670BDF8B504461E460D46FC
:106180001746FFF7D5FF94F86C309B0715D425B15F
:10619000012D10D06FF0150508E0216F0029F9D00E
:1061A0009DF818300F714E718B710025201DFFF77F
:1061B000C6FF2846F8BD616FF0E76FF07705F5E799
:1061C00090F86C00C0F38000704738B50446FAF7C9
:1061D000E3FF2046FFF7ACFFA06940B96FF012055E
:1061E000201DFFF7ACFFFAF7EBFF284638BD94F807
:1061F0006C30DB0716D402F0EAFD0028EED0204612
:10620000F6F73AF805460028EAD10146242204F1BF
:10621000280003F007FB94F86C3043F0010384F886
:106220006C30DDE76FF07705DAE770B50446FAF712
:10623000B3FF2046FFF77CFF94F86C30DA0731D5C6
:10624000C3F340019B0730D4A06901F02DFC064642
:10625000A06901F098FC0546B0B9A36F4BB1314677
:10626000204600F08DF90546A8B1A06901F0B7FC01
:106270000AE0A06901F02FFCA0670028EFD1A06917
:1062800001F0ADFC6FF00B05201DFFF758FFFAF78A
:1062900097FF284670BD94F86C3043F0020384F8F1
:1062A0006C30F1E74FF0FF35EEE76FF07705EBE785
:1062B0000246034652F8640F90420BD1002070470B
:1062C000027A8A42FBD09A6E8242F7D00068002898
:1062D000F6D170470028F3D1704738B504460D4613
:1062E000FFF726FF94F86C30DB0718D42B690BB945
:1062F000EB68BBB1636E1BB904F16403C4E91933E5
:106300002B6893B9A26E04F16401C5E9001215600F
:10631000A5661D46201DFFF712FF284638BD4FF029
:10632000FF35F7E76FF01505F4E76FF07705F1E754
:1063300010B50446034654F84C0FA0420DD100207E
:106340000DE0447D8C4204D1032909D1047A9442A2
:1063500005D01C6D8442F2D000680028F1D110BD38
:106360000F29F5E72DE9F04105460C46061D4FF0D3
:10637000FF324FF0FF333046FAF772F82F6F002FDD
:106380006DD095F86C30DB0769D4EB6C1BB905F167
:106390004C03C5E913332368002B63D1637D0F2BB6
:1063A00009D1237A012B0CD02B6D05F14C02C4E9E5
:1063B00000231C602C65637D032B0FD04FF0000879
:1063C00006E0E1682846FFF788FF80460028EBD00A
:1063D0003046FAF7B7F84046BDE8F081EA6C05F1BF
:1063E0004C0090421ED1002329E091F815C0BCF169
:1063F000030F10D0013323724B68C4E900131C60F3
:106400004C60637A022B24D0032B25D0012BD5D1ED
:10641000237ABB73D2E791F808C00CF1FF3C6345C7
:10642000E8D11268002ADED0517D2B6D03290DD1F1
:106430009A42137A02D011680029D6D1013323720F
:106440002B6DC4E900031C602C65DAE79342E8D1A8
:10645000C9E7237AFB73B1E7237A3B74AEE74FF0C9
:10646000FF38B5E76FF07708B2E70346006800B180
:10647000187A70478388C2888168D21A03685B1AC9
:10648000D01A70470346C08808B11878C009704711
:1064900070B50C46154600F0ECFA40B140688368D0
:1064A0001B6823B12A462146BDE87040184770BDDD
:1064B00038B580210446806901F030FB054650B1B3
:1064C0000146204600F07EFC044610B12846F5F750
:1064D0004DF8204638BD6FF00B04FAE738B5044696
:1064E000806FFFF7E2FD0546FFF7DAFD20462946FB
:1064F00000F068FC044610B12846F5F737F820464E
:1065000038BDF8B50446866803690D461746BFF3E3
:106510005B8FD3F8A030BFF35B8F9B070ED5B36AB8
:106520007BB1F36B9847B36A29463A4620469847B1
:10653000336C0546204698472846F8BD4FF0FF3596
:10654000FAE76FF08505F7E770B5044686680369DA
:106550000D46BFF35B8FD3F8A030BFF35B8F9B0773
:106560000BD5F36B9847736A294620469847336CDE
:10657000054620469847284670BD4FF0FF35FAE79C
:1065800010B5044619B9002084F8300010BDFFF79B
:10659000A5FF0028F7D0F9E738B590F83030022B86
:1065A0000D4604D100F060F908B1C46804B938BDE3
:1065B0002B78032B05D0052B0ED0022B08D0246896
:1065C000F4E7606883685B69002BF8D09847F6E7CA
:1065D000606883689B69F7E760688368DB69F3E755
:1065E000012270B515460B685BB302F07F041034CE
:1065F00023FA04F6F60710D5036823FA04F6F60723
:1066000002D46FF0150070BD05FA04F423EA040308
:1066100003600B6823EA04030B60D340DE070DD54B
:10662000036823FA02F4E407EBD505FA02F423EA3F
:10663000040303600B6823EA04030B600132102A91
:10664000D1D10020DFE72DE9F04F8369026F1B698C
:1066500093F88030C3F34113022B8FB081460ED0E4
:10666000032B0ED0012B0CBF10230823D371D9F8B4
:1066700054800026B8F1000F05D14046AEE020233B
:10668000F4E74023F2E7D8F80430D8F80C4003933D
:106690000C9604967CB9049B039A09339BB29370C1
:1066A0001B0AD3701671D8F80C40002C40F0B08053
:1066B000D8F80080DDE7606883681B6B00250D95C6
:1066C000002B00F0A38029469847002800F09E8008
:1066D000C4E90355A0F1040B35465BF8043F0BB148
:1066E0001A7822B9B5427CD86FF0150076E05A7856
:1066F0000B2A08BF9D70DBF800305A78042A10D1AD
:10670000E2680D990A43E260DA78002A57D19D7059
:1067100023690122AA40134301352361EDB200230E
:106720000D93DBF800707B78052BD6D1D9F81830A3
:1067300008936FF012004FF0010A7A793B7943EA2F
:106740000223ADF82E300C9B069397F90230069A7F
:10675000002B5FFA8AF1BBBF41F080014BB24FFAC8
:106760008AF30793B9BF21F0800310330793534690
:10677000DA40D2072AD40D9A059222FA03F3DB07F6
:1067800024D4BB79FA78089800930DF12E0309916F
:1067900001F05FF80999C8B9079BB970002BBCBF1D
:1067A00021F08001103101238B4006980599BDF836
:1067B0002E20BA8019430343CDE90C318DE76A1EC0
:1067C0009A700DA90CA8FFF70BFFA8E70AF1010AC0
:1067D000BAF1100FB1D100283FF47FAF0FB0BDE880
:1067E000F08FE3680D9A1343E360606883689B6AE7
:1067F000D3B198470028F1D10146606800F000F954
:10680000049B2468034404932E4643E73546ECE793
:10681000E368A36004F10C010CA8FFF7E1FE002877
:106820007FF462AF246840E76FF08500D6E74FF051
:10683000FF324FF0FF330430F9F712BEF9F782BE92
:1068400021B101290DD000231B68FFDE5430006800
:1068500048B143685B79934205D000680028F8D1BD
:1068600070475C30F3E7704710B590F83030022B7A
:10687000044609D1FFF765FC94F83820014620460C
:10688000BDE81040FFF7DCBF002010BD08B5FFF7E2
:10689000D7FF003818BF012008BD2DE9F04104469C
:1068A0000E46FFF74EFC94F838308046CBB9002EE8
:1068B0003BD0324641462046FFF7C2FF0746A8B10B
:1068C0000246204600F0D4F9054688B984F83860BD
:1068D000FC6864B3606883681B6A03B198472468E6
:1068E000F7E72046FFF7C0FF074620B96FF03C05E9
:1068F0002846BDE8F0810146204600F08FF91022BD
:106900000546002104F13A0002F08CFF002384F8D0
:106910003830FF6817B9002DC9D0E9E77868836877
:106920005B6A03B198473F68F4E784F83860002554
:10693000DEE7F8B504460E4657681546FFF777FFC1
:1069400094F86C30D9074BD4012E4CD0FB799A06C1
:1069500005D5A3691B6993F880309B0743D5002EAA
:1069600041D1E36D53B9626D62B9236F6A685B7C94
:106970000133DBB25371226F53740EE09D4235D068
:106980001B68EFE7954225D12A68EBB9A36D6265D4
:106990009D4200D1A26500232B60A96841B1204629
:1069A000FFF7E0FC064650B9A868FFF75EFDB87136
:1069B00000232B60A36D83B9C4E915550026201D63
:1069C000FFF73CFF3046F8BD1A60A26D954208BF44
:1069D000A365E0E713461268C6E71D60A565EDE70D
:1069E0006FF00F06EBE76FF08506E8E76FF015062E
:1069F000E5E74FF0FF324FF0FF330430F9F730BDD9
:106A000008B583681B6B0BB198470346002023B180
:106A100053F8042B0AB1127802B908BD1044F6E706
:106A200010B51C46FFF70CFF48B10122C06802FAFE
:106A300004F320B10269134201D10068F9E710BDE7
:106A400010B50C46FFF710FF48B10123C06803FAE8
:106A500004F120B10369194201D10068F9E710BDC2
:106A6000D1F81A0083681B6903B118476FF08500DD
:106A7000704770B501F07F0311F0800F18BF10331D
:106A800001259D4090F83030022B044601D00020B3
:106A900070BD90F83860FFF754FB3246014620463F
:106AA000FFF7CEFE0028F2D0C0680028EFD0836840
:106AB0001D42EDD10068F8E738B50C46FFF7D4FE6B
:106AC00080B1C06870B14368DA681AB111790023E7
:106AD000994201DC0068F5E71568ED5CA54201D03C
:106AE0000133F5E738BD2DE9F04105461E4608465D
:106AF000002A45D1F5F7D8FB0446002840D02846A7
:106B0000FFF777FF95F86C30DA0730D4676804F147
:106B10001408BFF35B8F6369BFF35B8FDB0729D476
:106B20007B680BB1AB4225D1324600212846FFF7E6
:106B300087FE10B3002323600369ABB9C0E90344A7
:106B4000BFF35B8F58E8003F43F0010348E8003291
:106B5000002AF7D1BFF35B8F00247D60281DF9F771
:106B6000F1FC2046BDE8F0811C600461E8E76FF0AD
:106B70000F04F3E76FF07704F0E76FF03C04EDE704
:106B80006FF01204EDE72DE9F8434C689DF8209072
:106B90000D46984606461746FFF7D3FAA3681B6BC7
:106BA00001461BB96FF01500BDE8F88320469847F1
:106BB0000028F7D0041F0C35002054F8041F09B139
:106BC0000B782BB9002814BF00206FF03C00EBE7D6
:106BD0004B78042B0BD1F8B98B784345EDD1CB78AA
:106BE0004B45EAD10B79002BDED00120E5E7052BE0
:106BF000E3D10028E1D0012F07D0022FF5D1897809
:106C0000B0692A4600F0C3F803E0B0692A4600F0F4
:106C1000A2F80028E9D0C7E70020C5E7F8B5CC689E
:106C200006460CB9204622E004F10C070125E26873
:106C3000AAB165F07F03D9B203F07F031033DA40C5
:106C4000D2070ED4E368EB40DB0705D5B0693A46BE
:106C5000E9B200F09CF850B90135102DE7D1246855
:106C6000DFE7B0693A4600F092F80028EAD0F8BDB4
:106C70002DE9F3475768002497F8058005460E462E
:106C8000A1463B79A34203DC002002B0BDE8F087B7
:106C90005FFA84FA3146534642462846FFF7C0FE63
:106CA000014650B1CDF80090534601222846FFF727
:106CB0006AFF0028E9D10134E3E76FF03C00E4E724
:106CC0002DE9F74380460D461746FFF7B9FE064605
:106CD00028B96FF00104204603B0BDE8F0830F2D02
:106CE000F7D808EB0509014699F83A4000972B467A
:106CF00000224046FFF747FF0028EAD100942B46C8
:106D0000022231464046FFF73EFF04460028E2D10A
:106D100000972B46012231464046FFF734FF0446D8
:106D20000028D8D1706883685B6813B13A46294659
:106D3000984789F83A70CEE711F0800F18BF21F01C
:106D4000800102684FF0010318BF10318B4022EA26
:106D500003030360704737B58B7900938B880C462B
:106D60001546CA78897800F0BAFD70B994F90230F6
:106D7000A1782A68002BB8BF21F080014FF00103F1
:106D8000B8BF10318B4013432B6003B030BDF8B552
:106D900006460D46174600F0CBFD044658B9294675
:106DA0003846FFF7C9FF29463046F5F7A3FC0446ED
:106DB00008B9FAF737FA2046F8BD0A4680698021FB
:106DC00000F098BE2DE9F0410B7E0C4659060546B1
:106DD0002ED123B3FFF7F4F970BB2846D5F87080A5
:106DE000268AEF8DFFF7ADF9F8B1421E53425341A9
:106DF0009B01228A9AB1BE42E98D324628BF3A46AB
:106E000091420CD9B2FBF3F103FB11223AB994F988
:106E10001830002BBEBF637E43F008036376A86979
:106E20002146BDE8F04100F0F9BD98F80730E0E7F1
:106E30006FF01500BDE8F0814FF0FF30FAE74368CE
:106E40009869F5F78BBC70B591F918304668002B3E
:106E500005460C4607DBC4F81A50B0692146BDE868
:106E6000704000F0DBBD3046FFF7AAF90028F2D0F1
:106E70004FF0FF3070BD806900F061BE8069F5F7AA
:106E800039BC38B5054680690C4600F06DFD60B927
:106E900014F0800F18BF24F080046A6B4FF00103D8
:106EA00018BF1034A34013436B6338BD70B505465B
:106EB00080690E4600F082FD044620B9314605F196
:106EC0003400FFF739FF204670BD0B0648BF21F0A4
:106ED0008001406B48BF1031C84000F0010070478E
:106EE00082B0C3698DF8001001922BB102AB13E997
:106EF000060002B0F5F732BA02B0704782B0C3693B
:106F00008DF8001001922BB102AB13E9060002B01C
:106F1000F5F724BA02B07047704703695B68D86818
:106F2000704743680361037A63B1012B0CBF0223EE
:106F300003234375437A5A1E032A05D8DFE802F07B
:106F4000050505050123F4E700230375837A062B65
:106F500009D0072B09D0052B0CBF00230323837511
:106F6000837EC37570470123F9E70223F7E70369BE
:106F700093F8400030B1DA6B9388918910695B1AFD
:106F80009BB2C01A7047036993F8380070470369D1
:106F900093F8402012B993F83800704701207047E9
:106FA0000369C3E9071270470229036907D004295E
:106FB00007D0012907D11B691360002070471B7E91
:106FC000FAE75B7EF8E76FF085007047BFF35B8FF1
:106FD0000068BFF35B8F084100F001007047036950
:106FE0001B69BFF35B8F883353E8001F41F0020138
:106FF00043E80012002AF7D1BFF35B8F704710B54A
:107000000469606BFDF7D8FB10B1012384F83930B7
:1070100010BD10B50469606B4289C3889A4202D1E1
:107020004FF0FF3010BD0122FDF7C6FB0028F7D05E
:1070300004F17800F9F7A0FC0020F3E738B5046903
:10704000EFF31185402383F31288BFF36F8FE06B5A
:10705000FDF792FB85F31188BFF36F8F10B1012309
:1070600084F8413038BD38B5034640681B695D6817
:10707000AC68A37A84F8223094F82D3084F8233059
:10708000696841B1237C33B9FFF76CF918B96868B6
:10709000FFF7EBF92074002038BD01238B40DB4360
:1070A000BFF35B8F50E8002F1A4040E80021002911
:1070B000F8D1BFF35B8F7047006902218830FFF77A
:1070C000ECBF006903218830FFF7E7BF08B503690B
:1070D000186900218830FFF7E0FFBDE80840012172
:1070E000FFF7DBBF0369186901218830FFF7D5BFBF
:1070F0002DE9F04750F8483C00F140045B68064633
:1071000000212046D3F80090FFF760FF002850D000
:1071100001212046FFF75AFF0746002849D1BFF357
:107120005B8F54E8003F43F0200244E8002100292F
:10713000F7D1BFF35B8F9B063BD4D9F810305B6867
:107140009B68402293F836104846FFF778FE0546C4
:1071500050B920460521FFF7A0FF30462122BDE8A7
:10716000F0470023F9F778BC8246428A5AF80C1F90
:1071700056F80C0CFDF720FB804601465046FEF702
:10718000A7FFB8F1000F04D008F03F08B8FA88F75D
:107190007F0906F82D7C29464846FFF754FE40B18A
:1071A0002846F4F7E3F920460521BDE8F047FFF74C
:1071B00074BFBDE8F08740297FB534D00DD81029C1
:1071C00033D006D801296BD0082930D06FF01504D0
:1071D00026E02029FAD1042308E0B1F5807F28D0E9
:1071E000B1F5007F27D08029F0D1102304699BB22C
:1071F000E18912B30B4342F2A1014FF40032E38163
:10720000CDE901120669ADF80C3043681C6806F13F
:10721000880300211846FFF7D9FE88B96FF00C04E7
:10722000204604B070BD0823E0E70223DEE7012317
:10723000DCE72023DAE74023D8E721EA0303DAE793
:1072400001211846FFF7C2FE0028E7D123695B68D9
:107250009B680A2293F826102046FFF7F0FD0546AA
:10726000D8B10A2201A90C30FEF738FF2046294682
:10727000FFF7E9FD044618B12846F4F777F9CFE7A0
:107280004FF0FF324FF0FF3306F18C00F9F714FA9C
:107290000B3008BF6FF08B04C2E76FF00B04BFE741
:1072A0000024BDE7F8B50D46016947680C694968D7
:1072B0002B7E8968064691F83D102AB3994204D185
:1072C000042104F18800FFF7E8FE33692A7E5B6839
:1072D0009B6893F836309A4204D1052104F1880066
:1072E000FFF7DBFE33692A7E5B689B6893F82630E4
:1072F0009A4203D104F18C00F9F704FA2946384682
:10730000BDE8F840FFF7B7BD994214D12A8AE96871
:10731000606BFDF731FA28B1E3691BB104F1240079
:10732000F9F72AFB04F188000421FFF7B6FE04F107
:107330007800F9F721FB33692A7E5B689B6893F834
:1073400036309A4215D1E3691BB104F12400F9F7F4
:1073500013FB052104F18800FFF79FFEE36B5A89B8
:10736000DB889A4205D00022002304F14800F9F797
:1073700073FB33692A7E5B689B6893F826309A42D8
:10738000BCD104F18C00F9F763F9B7E738B550F8D0
:10739000083C0446002B4FD050F8243C5B6800F1B9
:1073A00064051A6800238382838302212846FFF73D
:1073B0000DFEB8B154E9023110699847637D1BB1E5
:1073C00004F15400F9F7D8FA05212846FFF7FEFD2D
:1073D00098B9637F6BB10022002304F12400F9F710
:1073E0003BFB0AE003212846FFF7F0FD0028E1D12E
:1073F000E4E714F8093C002BEDD102212846FFF701
:10740000E5FD38B123695A89DB889A4202D02046CB
:10741000F9F7B2FA03212846FFF7D8FD60B1A26957
:107420009388918912695B1A9BB29A4204D02046D4
:10743000BDE83840F9F7A0BA38BD38B550F8783C07
:107440005B681D6800F11003024600211846FFF733
:10745000BDFD002836D001211846FFF7B7FD88BBD7
:1074600052F8441C8A8888890969121A92B28A1AC9
:107470003F2A27D9BFF35B8F53E8002F42F010015A
:1074800043E800100028F7D1BFF35B8FD30619D46F
:107490002B695B689B68402293F83D102846FFF7F4
:1074A000CEFC044670B1438A402B28BF4023438260
:1074B00001462846FFF7C7FC20B12046BDE838400A
:1074C000F4F754B838BD08B5036903F18802022106
:1074D0001046FFF77BFD28B1596B4889C988401ACF
:1074E00018BF012083F8380003211046FFF76EFD16
:1074F00040B1DA6B908891891269401A80B2801A83
:1075000018BF012083F84000012008BD0069BFF3C7
:107510005B8F00F1880353E8001F41F0080143E846
:107520000012002AF7D1BFF35B8FC26B9388918959
:1075300012695B1A9BB29A4202D02430F9F71CBA46
:10754000704738B50469BFF35B8F04F1880555E8CF
:10755000003F43F0040345E80032002AF7D1BFF3AF
:107560005B8F636B5A89DB889A4203D004F1240055
:10757000F9F702FA04212846FFF728FD28B904F19B
:107580007800BDE83840F9F7F7B938BD70B5036940
:107590001C69BFF35B8F04F1880555E8002F42F0AA
:1075A000010245E800210029F7D1BFF35B8F0221DA
:1075B0002846FFF70BFD10B11846FFF7C2FFE3693D
:1075C0001BB904F17800F9F7D7F9E36B5A89DB8826
:1075D0009A420AD103212846FFF7F8FC68B104F16A
:1075E0002400BDE87040F9F7C7B904F14800002253
:1075F000BDE870400023F9F72FBA70BD08B50A4600
:1076000001460020F4F792FF08BD38B50446807AA1
:10761000F3F726FF6169054649B1637ADB0704D4B5
:10762000C3691B6820469B68984700236361214615
:107630002846BDE8384001F061BD30B50906847CBC
:10764000054614D414F0400016D0298AC3F30A006A
:10765000C1F30A01884222D802F00300022809D0AF
:1076600003280AD0012811D004F0010004E014F02E
:107670002000E9E7C4F3800030BD14F00200FBD025
:1076800013F4C05F09D0C4F30010F5E714F008024A
:1076900005D013F4C05FEFD0F5E70120ECE7002040
:1076A000EAE7BFF35B8FD0F8A000BFF35B8F00F079
:1076B00001007047BFF35B8FD0F8A000BFF35B8F72
:1076C000C0F34000704701F00F030906026948BF8C
:1076D000103352F823007047007DC0F3001070474C
:1076E000037D61F304130375704708B50269104602
:1076F000FFF7D7FF60B9087E00F00F03000648BF10
:10770000103342F82310084601F0E5FC002008BDC4
:107710006FF00C00FBE700220023F8F763BF01F0D5
:10772000F7BC01F0E0BC407EC0F3C0007047437E70
:1077300023F00803437670471FB504698DF80410E1
:10774000CDE90220D4F8983001A9984704B010BDC3
:107750001FB50469034606208DF804002046CDE9D4
:107760000213FFF79EFF40B1C1F81E20D4F8982005
:1077700001A91846904704B010BD4FF0FF30FAE75A
:1077800038B505460C462046FFF7C5FF014600B94F
:1077900038BD6FF070022846FFF7DAFFF3E72DE9F6
:1077A000F84306690746D6F80090D6F840800D46A3
:1077B0004FF0FF324FF0FF3306F18400F8F750FE30
:1077C0004046FFF7A8FF014618BB4846FFF7A3FF56
:1077D000044620BB99F8143023F0100389F81430C4
:1077E00098F8143023F0100388F8143024BB0122D9
:1077F00086F8B020EDB12B68C6F8A8306B68C6F8E3
:10780000AC3086F8B12038698430BDE8F843F8F729
:1078100099BE6FF067023846FFF79AFFD0E7637EA4
:10782000DB07D7D46FF0670221463846FFF790FF99
:10783000CBE786F8B150E6E72DB10822294604F1DE
:107840000C00FEF74BFC002221463846FFF780FF74
:10785000D9E72DE9F8430546D0F808908846144644
:107860001F46FFF730FF0646002835D0D9F83C30D8
:107870002846984741463B8822463046FFF7DDFEC2
:10788000804690B18BB92B6993F88030DB0758BFE5
:10789000402204F0030446BF4FF480624FF40071AD
:1078A0001146022C0DD0032C11D02846D9F84030B7
:1078B0009847B8F1000F14BF00206FF08500BDE8B5
:1078C000F883338A8B4228BF0B463B80EDE7338A2F
:1078D000934228BF1346F8E76FF01200EFE72DE957
:1078E000F3411F464B06D0F8088004460D46164665
:1078F0001BD0D8F83C3098472069FFF7DBFE88B1F1
:107900009DF82030009329463B4632462046F4F746
:107910007BFE0546D8F8403020469847284602B0FE
:10792000BDE8F0814FF0FF35F4E76FF01505F5E79E
:1079300070B54B06866804460D4612D0F36B984727
:107940002069FFF7AEFE48B129462046F4F7A6FEAF
:107950000546336C20469847284670BD4FF0FF35EA
:10796000F7E76FF01505F7E770B586680546F36B26
:107970000C4698472869FFF79DFEB0B1214628467E
:10798000FFF7A1FE014698B1037DDB0710D5437ECA
:1079900003F00303012B0ED0F368284698470446F2
:1079A0002846336C9847204670BD4FF0FF34F7E708
:1079B0006FF01204F4E76FF08504F1E7F8B587681B
:1079C0000646FB6B0C4698473069FFF773FEE0B143
:1079D00021463046FFF777FE0546C8B1037DDB0739
:1079E00016D5437E03F00303012B14D001463B69F7
:1079F00030469847044618B92B7D60F341032B7538
:107A000030463B6C98472046F8BD4FF0FF34F7E70F
:107A10006FF01204F4E76FF08504F1E72DE9F0410F
:107A200086680769F36B05460C4698472869FFF797
:107A300041FE98B394F8188028464146FFF743FE6C
:107A4000014670B3037DDA072BD518F07F0F20D1E4
:107A500097F8B030EBB1637EDB0717D597F8B130FC
:107A600033B1082207F1A80104F10C00FEF736FB40
:107A7000002287F8B02021462846FFF769FE044619
:107A80002846336C98472046BDE8F0816FF06702C6
:107A9000F1E77368224628469847F0E74FF0FF3435
:107AA000EEE76FF01204EBE770B5866805460C460A
:107AB000F36B984721462846FFF705FE48B101F0D1
:107AC00027FBB0FA80F464092846336C98472046B7
:107AD00070BD0124F8E708B503691B6800215A8BC3
:107AE000F4F73CFE28B1437E23F0070343F0010383
:107AF000437608BD08B539B903691B685B8B013A49
:107B00001A44B2FBF3F25A43F4F728FE28B1437E3D
:107B100023F0070343F00203437608BD08B561B9BB
:107B200003691B685A8BF4F719FE28B1437E23F0D2
:107B3000070343F00403437608BD0022F3E770B562
:107B400086680D46F36B044698472846F3F70EFD0A
:107B50002046336C9847002070BD70B58668054696
:107B6000F36B98472869FFF7A5FD044620B13368F9
:107B70003BB12846984704462846336C9847204630
:107B800070BD0124F8E7F8B587680669FB6B044609
:107B900098472069FFF785FDD8B12069FFF78AFD76
:107BA000D0B9FB6A20469847054668B9BFF35B8F9A
:107BB00006F1A00353E8001F41F0020143E8001260
:107BC000002AF7D1BFF35B8F20463B6C98472846CD
:107BD000F8BD4FF0FF35F7E76FF07705F4E7F8B53C
:107BE00087680669FB6B044698472069FFF762FDCA
:107BF000B0B13B6B20469847BFF35B8F054606F15B
:107C0000A00353E8001F21F0020143E80012002AFC
:107C1000F7D1BFF35B8F20463B6C98472846F8BDF1
:107C20006FF07705F7E72DE9F0410546D0F80880B9
:107C3000066914460F4631B32AB3D8F83C3098474A
:107C40002869FFF72EFDD8B9C6E926742846D8F86A
:107C500034309847044660B9BFF35B8FA03656E8CE
:107C6000003F43F0010346E80032002AF7D1BFF39A
:107C70005B8FD8F84030284698472046BDE8F08111
:107C80006FF07704F5E76FF01504F6E7F8B587684D
:107C90000669FB6B044698472069FFF70BFDD0B9D6
:107CA0002069FFF7FEFCC8B1BB6B20469847BFF3C5
:107CB0005B8F054606F1A00353E8001F21F0010188
:107CC00043E80012002AF7D1BFF35B8F20463B6CDC
:107CD00098472846F8BD6FF00F05F7E76FF0770576
:107CE000F4E74FF08053D3F83021082A05D1D3F8B8
:107CF0003401003818BF0120704700207047C3438B
:107D0000C3F3C01300F00F0000EB03107047FCF743
:107D100036BE01238B40BFF35B8F50E8002F1A4320
:107D200040E800210029F8D1BFF35B8F704700695C
:107D30008430F8F707BC006984304FF0FF324FF011
:107D4000FF33F8F78DBB10B5807A0C46F3F788FB4C
:107D5000C36921465868BDE8104001F096B8F7B5F0
:107D60000D46807A17461E46F3F77AFB2C68C369E6
:107D7000033424F0030258682A600421CDE9007618
:107D8000F8F754FA00B9286003B0F0BD0369C9B22E
:107D90000C2202FB0133186C00F00700704770B52D
:107DA0000346C9B20069EFF31186402484F31288B8
:107DB000BFF36F8F0C2505FB0104246C14F0C00485
:107DC00001D0A24211D105FB010001220264002072
:107DD00086F31188BFF36F8F30B95B680C2202FB0A
:107DE00001335B689847002070BD4FF0FF30EFE72C
:107DF0008022FFF7D4BFF8B5069F04690546C9B2D3
:107E0000EFF3118C402080F31288BFF36F8F0C26A4
:107E100006FB0146306C00F0070EBEF1010F10D1D9
:107E2000376400268CF31188BFF36F8F3EB90C20A6
:107E300041430C44C4E90E236B685B5898473046B5
:107E4000F8BD00F0C00087420CBF6FF077064FF01E
:107E5000FF36E7E713B580240094FFF7CCFF02B0AC
:107E600010BD10B40069CBB21C2404FB0300002138
:107E70005DF8044B10471046F8F7EABB4368986872
:107E8000704708B501F0C2FB4FF47A72A0FB020301
:107E900002FB0131C00B40EA4140C90B08BD4368F9
:107EA000186800F094BFF8F74DBB2DE9F04F8BB088
:107EB00045688C461146EA68A888934228BF134655
:107EC0001C4602EB0C03B3FBF2F3534304EB0C022E
:107ED00093422A7C38BFA3EB0C0404EBD20A0AF1CC
:107EE000070323F0070300AFADEB030D4FF0FF33A3
:107EF00093402CEA03034CFA02FC102A84441FFA34
:107F00008CF008BF1A12C7F814D008BF8DF80020F3
:107F100038617A690CBF01200020A14613547B69A7
:107F200001301844224601F056FCFFF7AAFF6B8A85
:107F30001B18FB6041F10003BB604FF0020BFFF721
:107F4000A0FF7B6979608046286887F824B0C7E97C
:107F5000073A97F82430826843F0020387F8243008
:107F6000936807F11C011E4601223B69B04770B1BE
:107F7000FB684345D7E90123934104DB002121201D
:107F800001F064FADBE710EA200938BFA146484651
:107F90002C37BD46BDE8F08F2DE9F04F45688DB018
:107FA000287C02924FF0FF32AC88824021EA020224
:107FB000014121440124102889B204FA00F4A4EB01
:107FC00002040191D1B206BF51BAADF814108DF878
:107FD00014109C4228BF1C46FFF753FF6E8A3318CB
:107FE000039341F100084FF0000B4FF0070AFFF731
:107FF00048FF2B7C05AADB08814628688DF820B055
:10800000CDE90623029B8DF82CA0CDE909340F465B
:108010009DF82C30826843F002038DF82C30936871
:1080200006A91E460222019BB04758B1039B4B454F
:1080300078EB070704DB0021212001F007FAD6E7DF
:10804000002800DB20460DB0BDE8F08F38B50446AF
:108050004568006900F0C3FF6B692046984720B966
:10806000F5F730FF6FF0150038BD0020FCE74368DE
:108070005B68D3F810350B600020704743685B687D
:1080800002EA010021EA0201C3F80805C3F80C1551
:108090000020704743685B680020C3F808157047EC
:1080A00043685B680020C3F80C15704743685B6841
:1080B000D3F8042521EA02001140C3F80805C3F8EB
:1080C0000C150020704730B50369586800B30024D0
:1080D000884219D108688CB99C685860A14200D1C7
:1080E0009860002008602AB15A680A609A6859604E
:1080F00002B9996000200FE02846E9E720609868FF
:10810000814208BF9C60ECE705680446002DF3D16E
:10811000002AE9D16FF0150030BDF7F7B1B913B5FA
:108120004FF080520829136E526E28BF082112BAF0
:1081300000921BBA0C460A466946019301F04BFBBC
:10814000204602B010BD02780B69012A07D0022A2E
:1081500008D052B9DA6403F13C00F8F779BA6FF04D
:108160000D02F7E76FF00A02F4E76FF00402F1E79F
:1081700038B5044605690122114605F12C0000F0CE
:10818000D9FF012205F13C00002100F0D3FF204679
:10819000BDE83840F6F718BA00692C30F8F78CBA09
:1081A00000692C30F8F754BA13B501AA044600F060
:1081B00071F8002805DB019B226819791868F6F729
:1081C00095FA02B010BD70B54568A86A0368D3F887
:1081D0000845D3F80C65F7F795FB31462046F7F7CD
:1081E000D7FD00210446E869FFF7DEFFA86A00F02A
:1081F000B4FD204670BD10B544680021E069FFF76A
:10820000D3FFA06ABDE8104000F0A7BD73B5456874
:108210002868884206D9D31804D24FF47A74A3FB95
:10822000040313B16FF0150010E0A2FB0432002A22
:10823000F8D16D680E0105EB011163438A89009244
:10824000496804FB00F2A859E9F76EFB02B070BD63
:108250002DE9F341436815461A688A4217D95F68C9
:1082600007EB01144FEA0118A66864220023A6FB5D
:108270000501E9F751F9A28900920346616857F8B0
:1082800008003246E9F750FB02B0BDE8F0816FF01C
:108290001500F9E730B543681360057A446804EBCC
:1082A000C504A34202D36FF0010030BD5C798C425B
:1082B00003F10803F0D10020F7E7704743685B6BD8
:1082C0000020C2E90030704700F150039B009BB2D0
:1082D00003F1804303F5883300221A601B6870475E
:1082E00008B5F6F749FC08BDF9F732BC08B5F1F757
:1082F0005BFDF1F72FFEBDE80840F9F729BC4FF010
:108300008053D3F83021082A03BFD3F83401B0FAE0
:1083100080F040090020704703460020184700F015
:1083200031BD10B502461168B1B1BFF35B8FB1FA30
:1083300081F3C3F11F000123834021EA030352E8C4
:10834000004F8C4204D142E8003CBCF1000FF6D152
:10835000BFF35B8FE7D110BD6FF00B00FBE710B5EB
:108360000368CB40DB0714D401238B400268BFF3C2
:108370005B8F43EA020150E8004F944204D140E889
:10838000001CBCF1000FF6D1BFF35B8FEED10020D3
:1083900010BD6FF01500FBE710B1012802D0704747
:1083A000F6F76CBFF6F71CBF18B1012803D100F037
:1083B00019B800F032B8704708B5F6F72DFFBDE8E0
:1083C0000840F6F79BBF4FF08053D3F83021082ABE
:1083D00006D1D3F8340102288CBF00200120704759
:1083E00000207047F6F7C2BE38B54FF08044022334
:1083F000C4F808330123E3600023C4F80431D4F83F
:10840000043142F21075D4F81834DB0304D501208E
:10841000FFF785FF013DF6D138BDFFF7E5BFF7B5A2
:10842000019001A8DDE9084716461D46F6F790FFC2
:10843000019BB6F1000C18BF4FF0010C00EB83005C
:108440000B1E18BF0123002D43EA4C030CBF4FF055
:10845000000C4FF00C0C002C43EA0C030CBF4FF047
:10846000000C4FF4E06C002F43EA0C03D0F8002717
:108470000CBF4FF0000C4FF4403C43EA0C0322EADF
:10848000030301B109780EB13678760019430DB1B6
:108490002D78AD0031430CB12478240229430FB16B
:1084A0003F783F040C433C43C0F8004703B0F0BDA5
:1084B0001FB50DF10F03019300238DF80F100093EA
:1084C0001A461946FFF7ABFF05B05DF804FB10B57F
:1084D00004460846F6F74CFF04EB4004207DC0F349
:1084E000401010BD10B504460846F6F741FF04EBF6
:1084F0004004207DC0F3400010BD10B5044608467E
:10850000F6F736FF04EB4004A08A400B10BD70B5AF
:10851000044608461646F6F72BFF08300D4634F899
:108520001030DA0509D5C3F3432304EBC302314607
:1085300054F83330526828469847A3682BB1E26854
:1085400031462846BDE87040184770BD10B5044656
:108550000846F6F70DFF04EB4000838ADA051DD5C7
:10856000C3F3432123F4F853838204F1120204F18C
:10857000720032F8023F13F4807F03D0C3F3432329
:1085800099420BD08242F4D104EBC10300225A601D
:1085900004F17800BDE81040FFF7E1BE10BDF0B572
:1085A000034600F580740020054601278446954265
:1085B0000AD1D3F87C2132B10022C3F87C21D3F850
:1085C0007C3140F00040F0BD25F0404607FA06F649
:1085D000314209D0D4F800E0BEF1000F04D0C4F855
:1085E00000C0D4F800E0304301350434DFE738B58B
:1085F00004460D46FFF76BFFA8B12046FFF772FF58
:1086000088B92046FFF779FF226801238340C2F82A
:108610000833236803EB8000D0F8103523F0030300
:10862000C0F8103538BD28460021BDE83840FFF7B6
:108630003FBF2DE9F043174685B004460846F6F7DC
:1086400097FED7F800800E460546B8F1000F1ED001
:108650002046FFF747FF18B12046FFF738FF20BB41
:108660000023CDE900338DF80E308DF80F300DF179
:108670000F0243460DF10E013046FFF7D0FE04EB2A
:108680004502938A23F0020343F0010393827B683F
:108690009BB33146204693F80080D3F80490FFF74F
:1086A00021FF28B1B9F1000F1FD06FF0150027E0AE
:1086B00004EB4500838A23F4604323F02003838284
:1086C000B9F1000F11D0B8F1030FEED87B68216823
:1086D0005B6893F800C04FEA8C031944B8F1000FAF
:1086E00011D1C1F81085C1F8108504EB4502938AB9
:1086F00023F01C0343EA88039382BB6843BB00203A
:1087000005B0BDE8F083D1F8102522F00302C1F8CE
:10871000102522681344D3F8102522F44F3222F496
:108720004072C3F810253202D3F8101502F47C52BF
:1087300042EA08420A43C3F8102504EB4C03A3F8AD
:108740007C60838A43EA4C3343F020038382CCE786
:10875000D3E9007831462046FFF7F8FE002FCED04F
:1087600063689F4206D004F17800FFF7DAFD002825
:1087700004DAC5E7A3689845F5D1002004EBC003EF
:10878000C3E9017804EB4505C0B2AB8A43EA402354
:1087900043F48073AB82B2E72DE9F043054685B020
:1087A000084616461F46F6F7E3FD0C46804626B3FC
:1087B0002846FFF797FE18B92846FFF788FE18BB32
:1087C00005EB4809B9F8143003F01C0313B17378B2
:1087D000012B19D001238DF80F300023CDE9006360
:1087E000721CB31C0DF10F012046FFF718FEB9F8FB
:1087F000143043F00303A9F81430002F3FD0214672
:108800002846FFF76FFE20B96FF0150005B0BDE8F0
:10881000F0833E782B6803EB86030022C3F8102513
:10882000C3F8102505EB48024FEA860C938A23F41F
:10883000604323F020039382787800B32968BF78DF
:1088400061440004D1F8103523F4991323F4F8534C
:10885000C1F81035230200F4403003F47C53034385
:108860003805D1F8105500F4801003432B43C1F8AC
:108870001035938A43EA463343F020039382002065
:10888000C4E7C0E90312704770B504461546FFF708
:108890001EFE48B10846F6F76BFD04EB40040020CD
:1088A000A38A5B0B2B7070BD6FF01500FBE738B52A
:1088B00090F88C4005469CB960222146143000F0A7
:1088C000B1FF2868C0F87C41D0F87C3140F3073014
:1088D000F1F77EFF012385F88C30AB67204638BD69
:1088E0006FF07700FBE790F88C00003818BF01208C
:1088F0007047F6F777BD2DE9F34104461746FFF7B9
:10890000E6FD0D462668F0B12046FFF7EBFD8046F8
:10891000C8B92046FFF7F1FD820002F5807346F8E2
:108920000380F35823681344D3F8102542F0010262
:10893000C3F8102527B1226801238340C2F804330D
:1089400002B0BDE8F081D6F80433002BA4BF4FF08D
:108950000043C6F804332846F6F70AFD04EB40044A
:10896000A38AC3F38203042B12D0052B12D001A8D3
:108970000195F6F7EDFC019BD0F81015D94001F0F8
:1089800001010231284602B0BDE8F041FFF790BD79
:108990000321F7E70221F5E7FFF729BE00F1804345
:1089A0001A68002A1FBF00221A601B68012008BF36
:1089B000002070474FF080434FF46072C3F80423E7
:1089C00070474FF080434FF46072C3F8082370473C
:1089D00008B5F6F783FEBDE80840FFF7EDBC30B5FB
:1089E00002240C72CA6004680125C4F800550968A5
:1089F00079B112F0040F14BF92218221150748BFEC
:108A000041F02001D406046848BF21F08001C4F879
:108A100000139B000168083312F0800006BF01229A
:108A2000CA50C81830BD30B59508403D0124AC404F
:108A30000C4208D0815831B100218150825813B1C5
:108A40001A6822431A6030BD13B500230C46019307
:108A50004FF4887201ABFFF7E6FF21464FF48A72AC
:108A6000FFF7E1FF21464FF48E72FFF7DCFF21464E
:108A70004FF48272FFF7D7FF21464FF48472FFF75D
:108A8000D2FF21464FF48672FFF7CDFF4FF48C7270
:108A90002146FFF7C8FF019802B010BD10B543682A
:108AA000044633B900680221FFF7CEFF08B1012365
:108AB0002373207B023818BF012010BD70B5067BE0
:108AC000044656B9C0E9012319B10B7F0375F6F7C7
:108AD00065FE01232373002070BD6FF07700FBE774
:108AE00070B40C46014615461A4651F8043B2668F8
:108AF000C3F82065A688C3F82465A668C3F828656E
:108B0000E668C3F82C6503682668C3F84065A68844
:108B1000C3F84465A668C3F84865E468C3F84C45E3
:108B2000066805F00104234604EB5504C6F8144515
:108B3000D4070CD412F0020403D0002B0CBF042481
:108B400008240568C5F8004270BCFFF748BF102430
:108B5000F7E710B503680022C3F80022036801227A
:108B600004465A6051B12046FFF798FF0028FAD01A
:108B700023680022C3F80025012323732046BDE8A3
:108B80001040FFF78BBFFFF789BF70B5B2210446D5
:108B90000068FFF759FFC306054607D523695E073E
:108BA00004D5636813B1A16801209847A80607D5CA
:108BB0002369190704D5636813B1A1680220984797
:108BC0002A0607D5206910F0100003D163680BB1A5
:108BD000A1689847AB070CD523680022C3F800258D
:108BE00001232373636823B1A1680320BDE87040AB
:108BF000184770BD91F820200346032A29D8DFE8E2
:108C000002F0212519028A68500304D5D3F84C25B7
:108C10000869904207D18A6852031AD4D3F84C25C8
:108C20008969914215D000200622C3F80005C3F8D7
:108C300000257047D3F84C2508699042F3D1D3F84A
:108C40003C25EDE7D3F84C250969EAE7D3F83C2544
:108C5000FAE70120704730B59508403D0124AC404B
:108C60000C4208D0815831B100218150825813B193
:108C70001A6822431A6030BD13B500230C460193D5
:108C80004FF4A47201ABFFF7E6FF21464FF4827266
:108C9000FFF7E1FF21464FF49272FFF7DCFF214618
:108CA0004FF4A872FFF7D7FF21464FF4A672FFF7E3
:108CB000D2FF21464FF4B072FFF7CDFF4FF4AE72F2
:108CC0002146FFF7C8FF019802B010BD10B44FF065
:108CD00080528B68D2F83021CC7B082A04D1B3F1C2
:108CE000C86F08BF4FF0C46302682CB9D1E90041D6
:108CF000C2F80845C2F80C15C2F82435436833B1F0
:108D000000685DF8044B40F30730F1F761BD5DF892
:108D1000044B704738B50D4690F826100446C9B983
:108D2000C160C0E9012380F8291080F8281065B1DE
:108D3000AB7B80F82B302846F6F7A2FD6B7B84F8DE
:108D40002A3029462046FFF7C1FF012384F8263048
:108D5000002038BD6FF07700FBE703680622C3F8F8
:108D60000025022380F82630704707B5019001A83E
:108D7000F6F7FEFF019A01239340C0F8083503B0CF
:108D80005DF804FB08B1F2F721BC704710B54369E8
:108D900004463BB90020E268537843F00103537066
:108DA000404210BD98470028F4D00028B8BF404288
:108DB000E368FF28A8BFFF201870ECE7C3685B7862
:108DC000DB0701D4FFF7E2BF6FF07700704740B1D7
:108DD000C368587810F001001EBF1878B0FA80F010
:108DE00040097047EFF31183402383F31288BFF3E8
:108DF0006F8FFEE72DE9F04F89B0DDE9126805922B
:108E000043460546324606A80F4600F001FCDDE960
:108E10000634CDE90234EFF311844FF0400989F3B1
:108E20001288BFF36F8F05F10C0A05F1140B059A38
:108E3000149B39462846984730B184F31188BFF314
:108E40006F8F09B0BDE8F08F56EA0806F5D0DDE96E
:108E5000022306A800F001FCDDE906685246CDE9D0
:108E6000006821465846F8F7F5F8EFF3118489F3C6
:108E70001288BFF36F8FDAE710B400F10C04C0E979
:108E800003445DF8044BFAF7C9BF38B50446EFF365
:108E90001185402383F31288BFF36F8FECF71AFF1D
:108EA00004F10C0000F0C3FA30B1294604F11400BB
:108EB000BDE8384000F0A0BA85F31188BFF36F8F8A
:108EC00038BD10B542696AB1836842EA0301890777
:108ED00008D10169A2FB011424B95B182CBF012140
:108EE000002102D36FF0150005E0C1609B1A0269F2
:108EF0008A4201D8002010BDC2681A604269C3606E
:108F000001319B1AF3E710B5C0E9043200238160F8
:108F100083610446FFF7D5FF08B9C4E9004410BDDA
:108F20002DE9F04105460F46EFF31188402383F306
:108F30001288BFF36F8FC668FEB90468A0421CD0C8
:108F4000DCB1D4E9003213605A60237CA66023F0C0
:108F500002032374C4E9006604F1180000F01DFB4D
:108F60002046C4F8B460676100F0D2F9414605F1CB
:108F70000800BDE8F04100F03FBA3E60AB69EF6029
:108F8000013BAB6188F31188BFF36F8FBDE8F081BF
:108F900008B54024EFF3118384F31288BFF36F8F79
:108FA000FDF734F8F6E7D0E9003213605A60027C2E
:108FB000002322F00202C0E900330274836070478C
:108FC00013B501240094F7F781F902B010BD90F9B0
:108FD0000E308B4201D0F8F75FB80020704703468F
:108FE0000020C3E90200C3E900337047D0E9003232
:108FF00013605A60027C002322F00202C0E90033B1
:109000000274836070472DE9F843904604469DF84A
:1090100020200D46EFF31187402181F31288BFF322
:109020006F8F02B14568A66804F10809B14516D0F2
:10903000AEB13046FFF7DAFF002406F1180000F069
:10904000ACFA3046C6F8B440C6F8148000F060F9B7
:109050004846394600F0D0F92046BDE8F883A3B170
:109060000820F8F757FD002832D00122C0F804800C
:109070000260016801F003015DB922680A430260E1
:10908000626820606AB960600BE0C8F80030404652
:10909000EFE72A68032A10D80160616839B9C4E98A
:1090A0000000002087F31188BFF36F8FD5E70A68AF
:1090B00002F0030202430A60E5E722F003020A43DA
:1090C00002602A6802F0030240EA02032B60E8E72C
:1090D0006FF00B00E6E70023C0E9003300F108035E
:1090E000C0E90233704707B50123009300230A4605
:1090F0001946FFF788FF03B05DF804FB07B50023AE
:109100000A4600931946FFF77EFF03B05DF804FBA3
:10911000EFF31183402282F31288BFF36F8F006850
:1091200018B10268920718BF406883F31188BFF333
:109130006F8F70473AB18A4205D3C0E90212C0E985
:109140000000002070476FF015007047026801238F
:109150008B4022EA0303036022FA01F000F00100D1
:10916000704710B5032104460C30FFF7EFFF30B114
:1091700004F1100000F011FAB0FA80F0400910BDBF
:1091800028B10022114600F5867000F098B97047AA
:1091900073B50446EFF31185402383F31288BFF3C0
:1091A0006F8F00230193D0E90423B3F1004F08BF70
:1091B000012A05D085F31188BFF36F8F02B070BD0F
:1091C000A0F1100603210438FFF7C0FF0028F1D0FA
:1091D000A369019301A93046F7F77CFBEAE738B5AC
:1091E00004460D461022002100F01CFB656038BDCE
:1091F00013B501900846EFF31184402383F31288DE
:10920000BFF36F8F01A9F7F765FB84F31188BFF3F4
:109210006F8F02B010BD10B5FFF7EAFF041E08DD26
:10922000EFF31180402383F31288BFF36F8FF7F7BA
:109230009FFF204610BD38B5302204460D46002160
:1092400000F0F0FA4FF480736560E36038BDD0E958
:10925000003213605A60027C002322F00202C0E94F
:109260000033027483607047EFF30580003818BF45
:10927000012070477C30704710B500238B4202D12B
:109280001360002010BDC45CAA2CF9D10133F5E7AE
:1092900008B50A46D0E92701FFF7EEFF002008BD18
:1092A000D0E9003213605A600023C0E900337047F0
:1092B00008B5FFF7F5FF037C23F0020303740023D6
:1092C000836008BD38B504460D46F7F7C9FD237C19
:1092D00043F002032374D5B1A5602B689D4209D1E8
:1092E0006B68C4E900531C606C6010E06A689A42C5
:1092F000F6D01B68002BF3D093F90E1094F90E20D2
:109300009142F3DD5A68C4E9003214605C6038BDF4
:1093100010B5EFF31184402383F31288BFF36F8FEE
:10932000F7F75EFD84F31188BFF36F8F10BD10B5A2
:10933000EFF31184402282F31288BFF36F8F027C17
:10934000D10604D484F31188BFF36F8F10BD22F0CF
:1093500010020274F7F744FD2046BDE81040F7F70D
:10936000B7BD08B5EFF31181402282F31288BFF335
:109370006F8F83680BB1FFF79BFF81F31188BFF3F9
:109380006F8F08BD08B5037C13F0280F01460CD180
:1093900083680BB1FFF78CFF0B7C23F004030B7485
:1093A0000846BDE80840F7F71BBD08BD10B5EFF350
:1093B0001184402383F31288BFF36F8F1838FFF7AF
:1093C000E1FF84F31188BFF36F8F10BD08B503462A
:1093D000EFF31181402282F31288BFF36F8F006890
:1093E000834207D008B1FFF763FF81F31188BFF311
:1093F0006F8F08BD0020F8E70846F7F769BD38B55C
:1094000004680546AC424FF0000000D138BD002C86
:10941000FCD02046FFF74CFF04F1180000F0BDF827
:109420002046F7F7DDFC2C680120A542EDE710B5DA
:10943000EFF31184402383F31288BFF36F8FFFF79C
:10944000DEFF84F31188BFF36F8F10BD38B50C4673
:109450000546F7F729FFB4F1FF3F08BFB5F1FF3F1D
:109460001FBF47F6FF7300224FF47A71E0FB013211
:109470001ABFD80B40EA42404FF0FF3038BD38B534
:109480000446EFF31185402383F31288BFF36F8FF7
:10949000037C5B070ED5183000F07FF8237C23F0A7
:1094A000040320462374F7F79BFC2846BDE83840A8
:1094B000F7F70EBD85F31188BFF36F8F38BD38B550
:1094C000EFF31185402383F31288BFF36F8F046895
:1094D000A04213D0A4B1C4F8B41062612046FFF7D3
:1094E000E7FE04F1180000F058F82046F7F778FC82
:1094F000012085F31188BFF36F8F38BD0020F8E796
:109500002046F6E72DE9F04706460F4691469A4673
:10951000EFF31188402383F31288BFF36F8F006845
:10952000864206D028B17368984214BF05680025AA
:1095300068B90024B9F1000F02D051462046C8474F
:1095400088F31188BFF36F8F2046BDE8F08751463E
:10955000B84704460028EDD135B17368AB4200D05E
:109560002C6828462546E3E72C46FAE708B502466C
:10957000F8F76CF870B1D0E904319B1A61EBE27234
:10958000B3F1004F72F1000104DA002AACBF1846B3
:10959000002008BD6FF00040FBE738B50246EFF34E
:1095A0001185402383F31288BFF36F8F0368D3B113
:1095B000F8F74CF804461046F8F75AF800224FF036
:1095C00000438442C0E9042305D0002085F31188BC
:1095D000BFF36F8F38BDF8F741F8FFF7C7FF0021E1
:1095E000F5F72EFCF1E7D0E90413B3F1004F08BF03
:1095F000012902BF00204FF00041C2E904016FF0D1
:109600001500E3E708B5F8F737F908BDF8F734B9FE
:10961000B3F1FF3F08BFB2F1FF3F70B506461D46EC
:10962000144614D01A4316D0002B08DBF8F724F99F
:10963000041941EB0501C6E90041304670BD6FF0E9
:1096400001031C1B4FF0FF3363EB0501F3E74FF001
:10965000FF342146EFE70024FBE7B3F1FF3F08BFEB
:10966000B2F1FF3FF8B5074616461C4610D054EA43
:10967000020311D0F8F700F9B0420A46A1410346AF
:109680000AD2F31A64EB0204C7E900343846F8BD85
:109690004FF0FF331C46F7E70023FBE70023C0E948
:1096A000081200F11802C0E90622C0E90033036382
:1096B000436370472DE9F3470446DDE90A981546F0
:1096C0000E4659B302F0010AF7F72AFE0746EFF3F8
:1096D0001181402383F31288BFF36F8FA80744BF23
:1096E0000023A360A36803EA0600BAF1000F0CD0C0
:1096F00086420CD16A0744BF8343A36081F311887B
:10970000BFF36F8F02B0BDE8F0870028F2D159EAAD
:10971000080305D181F31188BFF36F8F0020F1E7B3
:10972000C7E918652246CDE9009804F10C00F7F767
:1097300091FC0028F2D1386EE4E710B50446D0E978
:1097400018020B6812F0010F03EA000301D09842DF
:1097500010D17BB12366520742BF4A681A434A6060
:1097600004F11800FFF719FF0023C4F8B4302046B5
:10977000FFF708FE002010BD0023C0E90000836051
:1097800070470A46F8F77EB90A460021F8F77AB919
:109790005200FFF78FBF043270B504460ED2EFF3CC
:1097A0001185402686F31288BFF36F8F41F00401C4
:1097B000984785F31188BFF36F8F08B9002070BDFB
:1097C00040F8044BFBE720B1011F50F8040CFFF7F1
:1097D0005CBB704770470A44914200F1FF3300D1EF
:1097E000704710B511F8014B03F8014F9142F9D1C0
:1097F00010BD884210B501EB020402D98442234611
:1098000007D8431EA14207D011F8012B03F8012FFE
:10981000F8E70244824200D110BD13F8011D02F89E
:10982000011DF7E702440346934200D1704703F855
:10983000011BF9E70A220021F8F792BD10B50139A2
:109840000244904201D1002005E0037811F8014F55
:10985000A34201D0181B10BD0130F2E7C9B2034684
:10986000184613F8012B12B18A42F9D1704700292A
:1098700018BF0020704710B56AB10139841810F87C
:10988000012B11F8013F9A4203D1A04201D0002AD6
:10989000F5D1D01A10BD1046FCE710B501390346CA
:1098A00032B111F8014F03F8014B013A002CF7D106
:1098B0001A440021934200D110BD03F8011BF9E7BF
:1098C00010B5024601448A42134603D01C78013287
:1098D000002CF8D1181A10BD0A7870B56AB970BD9D
:1098E0009A4209D10C46054614F8013F002BF6D0E8
:1098F00015F8016F9E42F7D001300378002BEFD1AD
:109900001846ECE72DE9F843C3F1370907468846C6
:109910005FFA89F903F01F051646384641462A4684
:109920000023E7F7F9FDD4B2092C3A4688BF4C442E
:10993000434688BFE4B2AA424FF0000204F130046B
:10994000934106F8014B07468846E6D23046BDE80B
:10995000F8832DE9F041B0FA80F68E1B0029074606
:109960000C4606F1070648DB0846F9F7F7FD064402
:109970002046F9F7F9FD351B2A1A3D3221463846B3
:1099800000F052F9B44236DC1F2D64DC4FF0FF3397
:10999000AB4027EA0303B3FA83F35B091D46B0FA31
:1099A00080F3F31A9E33FE2B59DC002B23EAE3717C
:1099B000CCBF0B4601239B1BA3F1970420FA04F2B2
:1099C000963B12F0010220FA03F309D04FF0FF3268
:1099D000A24030EA020240D1002D3ED003F0010245
:1099E0001344C3F3160303B9114443EAC15300EE11
:1099F000103ABDE8F0810123D0E74D422846F9F73F
:109A0000B3FD361A2846F9F7AFFDA6EB040808EBBC
:109A100000023C322946384600F0F3F8B44213DC29
:109A2000B8F11F0F17DC4FF0FF3303FA08F337EAE2
:109A3000030310D10521B7FBF1F202EB8204A74228
:109A400004D101331746F6E70023F3E79D428CBFAC
:109A500000230123A2E70023A0E70122C0E74FF083
:109A6000FF43C4E72DE9F04F89B00518029304AB1A
:109A700041EB0104009390462846D2E90023214699
:109A800000F0E2F806AB009307468946D8E90223C6
:109A90002846214600F0D8F8DDE90423841851EB6C
:109AA0000306069BD8E900124FF0000528BF0125E8
:109AB000ED18079B43F10003791849EB0202B94204
:109AC00072EB0902D8E9022134BF01200020A2185C
:109AD00046EB01018018029A41F10001A042A2F177
:109AE000410A71EB060234BF012200225219CDE96E
:109AF0000653CDF800A043F1000300F0BCF8129B20
:109B0000C3E90001D8E90221039114990129DDE993
:109B10000653D8E900E027D10399CDF800A0A21A96
:109B200066EB0101774579EB000034BF012000208E
:109B3000101A61F10001844276EB010234BF012268
:109B40000022AA1A63F1000300F095F8139BC3E901
:109B50000001DDE90623CDF800A02046314600F0E3
:109B60008AF809B0BDE8F08F17EB070B49EB090C39
:109B700014EB040846EB0601BB457CEB090934BF36
:109B80000127002718EB070741F10008F3457CEB9C
:109B9000000C34BF01200020381A68F10001801A3F
:109BA000039A61EB02016D195B41A74278EB060253
:109BB00034BF01220022AD1843F10003874278EB45
:109BC000010834BF01220022AA1A029DA5F1400516
:109BD0000095B7E710B50299A3FB0043A2FB002054
:109BE000001943F100033F29DBBFA1F12002C1F1BD
:109BF000400140398B40D6BFD04023FA01F01843D2
:109C000010BD30B587B00446084602A91546F9F7DD
:109C100047FD049B00955A1C059B204643F1000319
:109C2000FFF7D8FF07B030BD30B587B01546044602
:109C3000084602A9F9F7C0FCDDE904230095204697
:109C4000FFF7C8FF07B030BDF0B500240D4606464B
:109C50009446A0FB02012246E5FB0C12A446E3FB5E
:109C6000061CE5FB032412EB0C02059F44F10004E3
:109C7000C7E90024F0BDF0B5059CC4F14007C4F16C
:109C8000200602FA06F6A4F12005BB4022FA05F5EB
:109C90003343C4F120062B4301FA06F6A4F1200554
:109CA000E04021FA05F53043BA402843E140104333
:109CB0001943F0BD10EE103A23F00040B0F1FF4F11
:109CC00094BF0020012070472DE9F0410446CE0FDB
:109CD000C1F30A55C1F3130154EA0107167140F2AA
:109CE000FF706AD1002D70D12C462946002B1560DB
:109CF0005FDB0C2B5FDCC3F10D05AD00012005F12E
:109D0000FF3CA5F12107C5F1210620FA06F600FA6D
:109D100007F700FA0CF03743061847EB0708D6F1AF
:109D2000000E68EB480C013E48F1FF38264008EA77
:109D30000108B04277EB08080FDBC5F12008B5F148
:109D4000200601FA08F824FA05F545EA08055CBF83
:109D500041FA06F63543ED0703D52018044641EBDA
:109D6000070104EA0E0401EA0C019DF81860184688
:109D70000D250532C6F1270604F00F03240944EA35
:109D80000174091163B9A8420DDA013DF4D21AE059
:109D90001DB90125A5F2FF35A8E741F48011F9E7C7
:109DA000092BC8BF9B193033A8425355B8BF28466A
:109DB000EBE70023D9E70D23D7E78542E8D146F04A
:109DC000080616710020BDE8F0818542E5D146F015
:109DD0000406F6E7D1E9043293421EBF5A1C0A6119
:049DE0001870704740
:089DE4009C77FE7F01000000E6
:109DEC00BDB5000000000000000000009C9E0100BA
:109DFC00ED0101000000000049020100000000001C
:109E0C0000000000DC9E010000000000BC9E010070
:109E1C00E98201000000000000000000FC9E01002F
:109E2C0075DE000000000000EDEC000000000000FA
:109E3C00296C000000000000F1AE000000000000E2
:109E4C00ED82010000000000251B01000000000055
:109E5C00000000005C9F0100000000003C9F01001E
:109E6C00000000001C9F0100000000007C9F01000E
:109E7C00000000009C9F010009840000000000000D
:109E8C00D5C10000000000008D9D00000000000006
:109E9C00DBE201003CB501003CA201008806002079
:109EAC0054460220D5DB00000000000030B5010054
:109EBC00F5E301008CB50100DCA101008C0600204B
:109ECC00CC46022005E200000000000080B5010035
:109EDC0009E40100ACB50100DCA101008E060020F4
:109EEC00D846022005E2000000000000A0B50100E9
:109EFC0071E0010054B4010058A201008406002056
:109F0C00C0000020E1C400000000000048B40100C3
:109F1C00A9E201000CB50100C8B4010086060020BE
:109F2C0034040020A9CC000000000000B8B40100EB
:109F3C00ECE40100E804002000A2010090060020DF
:109F4C00E44602207181010000000000C0B5010050
:109F5C002DE6010038B6010034A201009406002061
:109F6C001805002025E80000000000002CB60100B8
:109F7C00D8E3010060B50100D0A101008A060020E1
:109F8C00B84602204D8001000000000054B50100CD
:109F9C00C9E50100F4B5010018A2010092060020E9
:109FAC00000000003DE6000000000000E8B50100E4
:109FBC00D18901001983010000000000F35F01004A
:109FCC0000000000F35F0100E446022005FC0000E5
:109FDC0000000000F35F010000000000F35F0100CF
:109FEC00080300201B81010000000000F35F01004A
:109FFC0000000000F35F010000000000F35F0100AF
:10A00C0000000000F35F010000000000F35F01009E
:10A01C0000000000F35F010000000000F35F01008E
:10A02C0000000000F35F010000000000F35F01007E
:10A03C0000000000F35F0100000000007DED000057
:10A04C0000000000F35F010000000000F35F01005E
:10A05C0000000000F35F010000000000F35F01004E
:10A06C0000000000F35F010000000000F35F01003E
:10A07C0000000000F35F010000000000F35F01002E
:10A08C00000000009D2A000000000000F35F0100AA
:10A09C00180500208B8B010000000000F35F01000D
:10A0AC0000000000F35F010000000000F35F0100FE
:10A0BC0000000000F35F010000000000F35F0100EE
:10A0CC0000000000F35F010000000000F35F0100DE
:10A0DC0000000000F35F010000000000F35F0100CE
:10A0EC0000000000F35F010065D40000198301003B
:10A0FC0000000000F35F010000000000F35F0100AE
:10A10C0000000000F35F010000000000F35F01009D
:10A11C0000000000F35F010000000000F35F01008D
:10A12C0000000000F35F010000000000F35F01007D
:10A14000A80C0020806102200004000041530000A0
:10A150000000000000000000000000000E000000F1
:10A1600000000000C5BB010000000000000000006E
:10A17000A00B00200059022000080000354E00000E
:10A1800000000000000000000000000006000000C9
:10A1900000000000CCAA0100000000000000000048
:10A1A000A00A00208050022000080000A54B0000FB
:10A1B000000000000000000000000000020000009D
:10A1C00000000000B8AA010000000000000000002C
:0CA1D000E5DE00007DDF00007D7E010068
:10A1DC0035E000006F8001007D800100958001005A
:10A1EC00A1800100AD80010041E20000C7800100A8
:04A1FC00000000005F
:10A2000011E500000000000065E300000000000010
:08A2100000000000C7810100FD
:10A218000000000000000000518201000D820100D2
:0CA228000000000000000000000000002A
:08A2340009E90000BD820100F0
:10A23C002DDC0000F17D0100557E010000000000C6
:0CA24C008D7D01000000000000000000FB
:10A25800137001006DC40000000000003D70010093
:10A26800FF6F01000D750100C37001006F6F0100E1
:10A2780043750100B970010000000000876F0100FC
:10A2880000000000000000008F6F0100C77401008B
:0CA29800A16F0100B7710100A96F010067
:10A2A400B1B80100030000007DC6010003000000F6
:10A2B400FCE20100030000003BBB010003000000BE
:10A2C400E6B8010003000000E9E301000300000018
:10A2D4001DE4010003000000FEE40100030000008F
:10A2E400D1E5010003000000CCE5010003000000FB
:10A2F400CAC6010003000000CEC60100030000002E
:10A3040031C5010003000000F7DF01000300000075
:10A3140056E00100030000005EE0010003000000BD
:10A32400CBE20100030000001DE701000300000070
:10A33400D2C5010003000000FFBA010003000000C1
:10A3440064B8010003000000E0AA0100030000005B
:10A354003FE6010003000000B8A90100030000006B
:10A3640016D20100030000001CD20100030000000B
:10A374006DE0010003000000B7C601000300000007
:10A3840038E1010003000000C3E201000300000003
:08A3940090BB01000300000072
:10A39C000CB10100303E022030D201000000000060
:10A3AC0027D20100D00200203C3B0220C00200203A
:10A3BC000200000090B00100383B0220A4B0010064
:10A3CC00340700201CD20100F81200208069022002
:10A3DC0078B10100E8AF010088AF01003CB001008A
:10A3EC00F8B0010050B1010034AF0100B4AC010071
:10A3FC008CB101003CB1010028B1010064B1010035
:10A40C000000000000000000000000000000000040
:10A41C0000000000E3C70100EAC7010000000000D3
:10A42C00E977000000000000DDC90100E7C9010068
:10A43C00000000006D7800000300000006CA010057
:10A44C000DCA010048AF0100B14A01000000000034
:10A45C0019C801001FC801000000000005780000A9
:10A46C000200000039CA010040CA0100ACA401007E
:10A47C000000000000000000A5C80100ACC80100ED
:10A48C0000000000411800000101000002C9010099
:10A49C000AC901000000000055780000000000000F
:10A4AC0000000000000000000000000000000000A0
:10A4BC00000000000ACD01000FCD010000000000DB
:10A4CC00AD7B0000020000002FCB010034CB01005B
:10A4DC00000000001179000000000000A9CC010070
:10A4EC00B0CC010000000000497B0000020000001D
:10A4FC00D5CB0100DCCB010000000000197A000074
:10A50C0000000000BAE101004ECC01000000000088
:10A51C00E57A0000020000000000000000000000CE
:0CA52C0000000000000000000000000023
:08A53800117C0000317C0000E1
:10A54000FFFFFFFFFFFFFF7FFFC99A3B00000000F6
:10A55000FFFFFFFFFFFF0000CA529A3B0000000010
:10A560001B5B4A00001B5B4800001B5B324A00007B
:10A570001B5B4A00001B5B6D00001B3700001B3893
:10A5800000001B5B3F336C00001B5B4800001B5B43
:10A59000324A00001B3700001B380000000000009A
:10A5A0000338FDD8704700000100000000000000E3
:10A5B000050000000000000019000000000000007D
:10A5C0007D0000000000000071020000000000009B
:10A5D000350C000000000000093D000000000000F4
:10A5E0002D31010000000000E1F505000000000031
:10A5F00065CD1D0000000000F9029500000000007C
:10A60000DD0EE90200000000514A8D0E000000003E
:10A610009573C24800000000E941CC6B01000000C6
:10A620008D49FD1A07000000C16FF286230000006B
:10A63000C52EBCA2B1000000D9E9AC2D7803000002
:10A640003D9160E45811000031D6E275BC5600001F
:10A65000F52E6E4DAEB10100C9EA26836778080079
:10A66000ED95C28F055A2A00A1EDCCCE1BC2D300B6
:10A6700025A4000A8BCA220400000000000000008C
:10A6800000000000000000100000000000000000BA
:10A69000B9340332B7F4AD1410DB1AB30892540E78
:10A6A0000D307D951447BA1A66088F4D26ADC66DDC
:10A6B000F598BF85E2B74511CA96853D92BD1DEB61
:10A6C000FCA11860DCEF52163C92AE220BB8C1B46C
:10A6D000839D2D5B0562DA1C304C7E8F4E8BB25B06
:10A6E00016F4529F8B56A512FBD4827643ED8AF066
:10A6F0008FE7F9311565191850F19BD94A13EEB45B
:10A70000284CF0A686C1251F035FC270CB9E491658
:10A71000E642889C44EB2014B0650836AD6EA585F2
:10A7200085F0CA14E2FD031A0B899979D5B13D0968
:10A73000D8DA973A35EBCF10AC363F5E73BB38CFE3
:10A740003E6752FA44AFBA15010000000000000055
:10A750000000000000000020345065C05FC9A65210
:10A76000BB13CBAEC440C21806C8DF7100D5A87CAD
:10A77000F56F0FDA58FC27136E4756357D24206598
:10A7800002C7E768E48CA41DE9E60268D7CD396109
:10A790007977FCC2405BEF16798CDE43FFA751F955
:10A7A00091F3B278F5BDBE11E857E9D6E8BEE87B73
:10A7B000B054AC8F848D751BEA23A499E9F9D38B2F
:10A7C000B7A3714061DA3E15CEE33ECB73F948087A
:10A7D0008C97B427D51B7010A2BFEFB9EB8532154B
:10A7E0004DB44DB49BBB6F1996B6076CF8E7EEAD50
:10A7F00036D9B4F59135AE13222218AF4E6A684DA2
:10A8000091DAAA3D4F40741E9FBD9EE006A1C098FC
:10A8100057C2A7FDA40E90170E7D497173E3208FD8
:10A82000B220D87605143B12853D7434811343B0B1
:10A83000AD297A5F27F4351CBC9E01000900000099
:10A84000DC9E01000A000000DC9E01000B000000FD
:10A85000DC9E01000C000000DC9E01000D000000E9
:10A86000DC9E01000E000000DC9E01000F000000D5
:10A87000DC9E010010000000DC9E010011000000C1
:10A88000DC9E010000000000DC9E010001000000D1
:10A89000DC9E01001A000000DC9E01001B0000008D
:10A8A000DC9E010014000000DC9E01001500000089
:10A8B000DC9E010016000000DC9E01001700000075
:10A8C000BC9E010004000100DC9E010007000100A5
:10A8D000DC9E010006000100BC9E01000D0000008E
:10A8E000DC9E010008000000DC9E01000900000061
:10A8F0007BF48044CD4CCB4266662241D7A3703FA7
:10A90000C520303D0000803F0000803F0000803FB8
:10A910000000803F0000803F0000000000000000B9
:10A920000000000000000000000000000000000027
:10A930000000000000000000000000000000000017
:10A940000000000000000000000000000000000007
:10A95000000000000000803F0000803F0000803FBA
:10A960000000803F0000803F0000803F0000803FEB
:10A970000000803F0000803F0000803FB80B0000D7
:10A98000010080006F66667365742063616C6962A4
:10A99000726174696F6E2074696D6564206F75747F
:10A9A00000000000534141444320646964206E6FFD
:10A9B000742073746172740073616D706C696E677A
:10A9C00000000000636F6D6D616E642071756575C8
:10A9D000652066756C6C2C2064726F7070656420E5
:10A9E000307825303278000073747265616D2074A0
:10A9F00061696C206E6F742064656C697665726540
:10AA00006400000073746F707065640073746F701D
:10AA10007065642C20686F737420676F6E6500002A
:10AA200063616E6E6F742073746172742073616DF4
:10AA3000706C696E673A2025640000006D65746172
:10AA40006461746120646F6573206E6F7420666941
:10AA50007420697473206275666665720000000078
:10AA60006D657461646174612073656E64206661F4
:10AA7000696C65643A2025640000000072656A65AF
:10AA8000637465642075736572206761696E202543
:10AA9000750000006C696E6B2074657374207265BC
:10AAA0006675736564207768696C65207374726578
:10AAB000616D696E6700000070726F746F636F6C18
:10AAC0005F70756D705F74696400000070726F7400
:10AAD0006F636F6C5F636D645F7469640000000096
:10AAE00070726F746F636F6C000000006D75746539
:10AAF000785F667265652063616C6C656420776958
:10AB00007468204E554C4C20706172616D6574659F
:10AB10007200000043616E277420696E6974696178
:10AB20006C697A65206D757465782C207761732067
:10AB30004E554C4C0D0A0000436F756C64206E6FCF
:10AB400074206C6F636B20706F7765722073617611
:10AB500065206D75746578000B030B080800000014
:10AB6000030000000000E1440000803F01000000FD
:10AB700007000000000016430000803F02000000B4
:10AB8000030000000000E1440000A04003000000BA
:10AB9000030000000000E1440000A04004000000A9
:10ABA000030000000000E1440000A0400500000098
:10ABB000030000000000E1440000A0400700000086
:10ABC000030000000000E1440000803F000000009E
:10ABD0004B3A0100FD440000514500003F3A01009E
:10ABE000000000000000000000000000393A0100F1
:10ABF0006B3A01003B3A010000000000333A0100CB
:10AC0000D30500200300000000000000113A0100FD
:10AC1000A54600001D450000A545000000000000FD
:10AC2000000000000000000059460000D13A010079
:10AC3000193A010000000000133A0100FF0201026E
:10AC400001000000010100FF01020101FF0103FFFB
:10AC5000FF0000FFFF00FFFFFFFFFFFF00FFFFFF00
:10AC6000FF05FFFFFFFFFFFFFFFFFFFF01000000E9
:10AC700040C201000000000045C2010001000000C8
:10AC800049C2010002000000A3D801000300000037
:10AC9000E9C30100FF0000004CC2010050C20100E6
:10ACA00055C201005AC201005EC2010062C2010029
:10ACB00067C2010094BB01006BC20100C8AC010077
:10ACC0000000000000000000CCAC010081C20100C7
:10ACD00088C2010000000000915A0000000000003E
:10ACE000A9C20100AEC2010068AE01000000000070
:10ACF00000000000FFBA0100C3C20100ECAD01007A
:10AD00000000000000000000CFC20100D3C201001B
:10AD1000ACAD01000000000000000000F5C2010021
:10AD2000FCC2010058AD010000000000000000005E
:10AD30003BBB01000DC301000000000019540000DE
:10AD40000000000000000000000000000000000003
:10AD500000000000000000005CAD010028C30100FD
:10AD60002DC3010000000000855500000102000015
:10AD700060C3010069C3010000000000B15400007D
:10AD800001030000B2C30100B8C3010000000000CD
:10AD90004F3B010000000000000000000000000028
:10ADA000000000000000000000000000B0AD010045
:10ADB000CFC30100D4C3010000000000D956000039
:10ADC00002000000EDC30100F5C301000000000017
:10ADD0000956000001020000000000000000000011
:10ADE000000000000000000000000000F0AD0100C5
:10ADF000CED7010038C4010000000000495800000F
:10AE00000200000093BA01004BC4010000000000E2
:10AE10001D5800000200000054C4010058C4010085
:10AE200000000000ED5700000200000097BA01008A
:10AE300060C4010000000000A157000002000000F3
:10AE400070C4010078C40100000000002157000018
:10AE500001010000000000000000000000000000F0
:10AE600000000000000000006CAE010072DF010075
:10AE70008DC4010000000000595A000000000000CD
:10AE8000B0C40100B4C4010000000000A9590000D2
:10AE9000010200004CE20100D8C4010000000000E3
:10AEA0007559000003000000F7C40100FCC4010054
:10AEB000000000004959000000000000D2B9010064
:10AEC00015C501000000000031590000000000001D
:10AED0003AC5010041C5010000000000995800007A
:10AEE0000200000000000000000000000000000060
:10AEF0000000000000000000B80E0020000100006B
:10AF00005D480100FF470100020000000000000052
:10AF100096C701009EC7010000000000000000006D
:10AF200000000000A6C70100AAC70100AEC70100CB
:10AF3000B2C70100B6C70100BDC701000CA40100E3
:10AF400000000000000000004CAF010015CA010025
:10AF50001ACA010000000000B14A01000000000010
:10AF600027CA01002CCA010000000000B94A0100F4
:10AF700000000000000000000000000000000000D1
:10AF8000000000000000000011CE0100EBCD010028
:10AF90009CAF01000000000000000000A0AF010015
:10AFA0002FCB0100DCAF010038A50100B57C00000B
:10AFB000010100006BE10100FBCD01003CA5010097
:10AFC000517C0000020000000000000000000000B2
:10AFD000000000000000000000000000C40BD2864A
:10AFE00018CE010049CE010006CF01000BCF0100B1
:10AFF000FCAF0100000000000000000000B00100F4
:10B000004CE2010019CF0100000000003D7E00006D
:10B010000000000029CF01002DCF0100000000003A
:10B02000657F00000000000000000000000000003C
:10B03000000000000000000000000000B4D001008B
:10B04000BBD0010050B00100A97F00000202000047
:10B0500054B001007DD1010082D101000000000048
:10B060006180000005020000CFC30100BAD10100D9
:10B070000000000041830000020100000000000009
:10B0800000000000000000000000000000000000C0
:10B09000F74F02201E000000AB570100ACA30100D7
:10B0A000B80200209CA30100D0B001001C3E022089
:10B0B00064000000BCB00100E43D0220F813002051
:10B0C0008000000000000000CD4A010002000000E6
:10B0D000CD5A0100243E0220F74F02201E0000003E
:10B0E00039840000B54B0100014B01004F4B0100BA
:10B0F000134B01000000000044D50100FBD4010007
:10B1000000000000A191000001000000855901002D
:10B110004D590100215B010000000000000000000B
:10B120000000000000000000F5D50100FCD5010082
:10B1300000000000659A00000100000026D6010012
:10B140002DD60100A0B10100059B00000101000007
:10B15000D2D60100DAD6010000000000259A0000D6
:10B1600001000000EBD60100F1D60100CCB10100D6
:10B17000000000000000000017D701001DD70100EB
:10B1800000000000D19A0000010000002BD7010050
:10B190002FD7010000000000FD5C0100000000004E
:10B1A000A4B1010052D701005AD7010000000000ED
:10B1B0009199000001000000000000000000000064
:10B1C000000000000000000000000000D0B10100FD
:10B1D0009ED70100A7D7010000000000D199000010
:10B1E00001000000C4D70100D3D7010070B20100F4
:10B1F000000000000000000083D801008AD8010090
:10B20000B0B301000000000000000000A1D8010060
:10B21000A7D8010070B3010000000000000000008A
:10B22000BED80100C5D8010030B301000000000005
:10B2300000000000D4D80100D9D80100F0B201000C
:10B24000819A000001010000ECD80100F2D8010051
:10B25000B0B201000000000000000000000000008B
:10B2600000000000000000000000000000000000DE
:10B2700074B2010004D901000ED9010000000000E1
:10B28000515D01000100000046D901004DD90100C7
:10B2900000000000D95D0100010000000000000076
:10B2A000000000000000000000000000000000009E
:10B2B000B4B20100B2C3010084D901000000000053
:10B2C000015D010001000000B2D90100B7D9010001
:10B2D00000000000BD990000010000000000000017
:10B2E000000000000000000000000000000000005E
:10B2F000F4B20100E9C30100E3D90100000000003D
:10B30000B75D01000100000007C9010022DA010059
:10B31000000000002F5D010001000000000000009F
:10B32000000000000000000000000000000000001D
:10B3300034B30100E9C3010035DA01000000000068
:10B34000159A00000100000007C9010045DA01005C
:10B3500000000000235D010001000000000000006B
:10B3600000000000000000000000000000000000DD
:10B3700074B30100E9C3010054DA010000000000C9
:10B38000955D01000100000007C901006CDA0100B1
:10B39000000000001D5E0100010000000000000030
:10B3A000000000000000000000000000000000009D
:10B3B000B4B30100E9C3010083DA0100000000001A
:10B3C000735D01000100000007C901009BDA010064
:10B3D00000000000FB5D0100010000000000000013
:10B3E000000000000000000000000000000000005D
:10B3F00000000000C55F0100F0020020E80200200C
:10B40000E002002000000000D8020020C19E0000E1
:10B41000B59D0000099E0000699E0000000000200C
:10B420000000000000000B060200000030B4010024
:10B430000000000047E00100260002060000002096
:10B440004FE0010022000B114CB40100010000008C
:10B4500071E00100C0030020000000004006002051
:10B46000D403002000000000000000006410B71D9D
:10B47000C8206E3BAC30D9269041DC76F4516B6B22
:10B480005861B24D3C7105502083B8ED44930FF0E4
:10B49000E8A3D6D68CB361CBB0C2649BD4D2D3869A
:10B4A00078E20AA01CF2BDBD18B50100800700209B
:10B4B0000000000000000000BCB401000200000019
:10B4C0008BBB0100B7E201000000000045CE000088
:10B4D00065CC00002DCA00006DCE00000000000009
:10B4E000CDC900008DCE000015D9000045CC00006C
:10B4F000000000008DD9000019D3000051CB0000DE
:10B5000025CB0000377D01002F7D010000000000E9
:10B5100000000000B9CB00005F7D010000000000CA
:10B52000477D010091DB000061DB000000000000AE
:10B5300034B5010001000000EAE2010029DD00004D
:10B54000A9DC0000F0E2010085DC00005DDC000009
:10B55000F6E2010058B5010001000000E2E301003D
:10B560003C9F010050000000000800002000000087
:10B57000100005009F7E0100997F0100AB7E010055
:10B5800084B501000100000003E40100FFFF00009A
:10B59000000300500803002000000000010000002C
:10B5A000A4B501000100000017E40100FFFFF3FF54
:10B5B0000000005008030020000000000000000010
:10B5C000C4B5010001000000F9E4010000300040B2
:10B5D000D8B5010001000000E0B501000200000044
:10B5E0001800000C1900000BECB501000100000070
:10B5F000C9E5010003000000FCB501005C9F0100EB
:10B600000000000000093D00000000005C9F0100F8
:10B610000100000000093D00000000005C9F0100E7
:10B620000200000000093D000000000030B60100EB
:10B63000010000003AE601000000000000000000E8
:10B6400000000000000000000000000000040000F6
:10B65000E803020101010000CE47022004000000BF
:10B66000000000000000000070B601000024F4009B
:10B6700000C001407CB601000100000084B601005A
:10B680000300000025000016260000172700001800
:10B690000800000003000000CEE60100DCE6010027
:10B6A000F0E60100FFE601000BE70100EC9D010060
:10B6B000EC9D0100349E01003C9E0100949E01001F
:10B6C0009C9E010020E70100010005004AE70100FF
:10B6D0000200070026E70100040008002FE7010030
:10B6E0000800040034E70100100009003EE70100F3
:10B6F0002000080047E7010040000A0052E701006F
:10B700008000060059E70100000100000000000071
:10B71000FF8FFFFFFF8FFFFFFE8FFFFFFE8FFFFFFB
:10B72000FD8FFFFFFC8FFFFFFC8FFFFF000000007D
:10B7300000000000000000000000000000000040C9
:10B740009559695955555455155555560405154182
:10B750001054554045515544404550445055554569
:10B7600000400040400444966555565545404554B8
:10B770005141154055915555555540510501000011
:10B780005445545445550504001004101404400059
:10B7900000000140555515415404000044000100CB
:10B7A00000000040410000445044455054005555AD
:10B7B00054556551004000400100000100050100A2
:10B7C0001154515154555505001541500000044085
:10B7D00010010405000000000904616D70657265C8
:10B7E00000756E63616C6962726174656400506FAC
:10B7F0007765722050726F66696C6572204B697450
:10B80000204949206F6E2025730070706B322F6EB7
:10B810007266353238343000626F6172645F696F0E
:10B820005F696E69743A20256400706F7765725F96
:10B83000696E69743A202564007573625F70706B7D
:10B840005F696E69743A2025640072656164793AB3
:10B85000202573206D6F64652C202575206D562C76
:10B860002025730070706B3200636F6E74726F6CA2
:10B87000206C696E65733A2025640063616C6962AF
:10B88000726174696F6E206C6F6164733A20256415
:10B890000072616E676520696E707574733A202559
:10B8A00064006C6F67696320706F72743A2025645E
:10B8B00000626F6172645F696F0049324320627594
:10B8C00073206E6F742072656164790077697065AA
:10B8D00072202564207772697465206661696C65E1
:10B8E000643A2025640064696769706F7400454597
:10B8F00050524F4D20777269746520617420257510
:10B90000206661696C65643A2025640045455052A3
:10B910004F4D206E6F74207265616479004545500B
:10B92000524F4D2072656164206661696C65643AAE
:10B93000202564006E6F20757361626C652049413B
:10B940002077697065722076616C756520696E205C
:10B95000454550524F4D20282575292C2077696C7C
:10B960006C207472696D0063616C696272617469E4
:10B970006F6E206C6F616465643A2052303D252EF5
:10B9800032662052343D252E3466207664643D258F
:10B9900075206D6F64653D25752069613D257520B5
:10B9A000666C61673D257500454550524F4D2068D6
:10B9B0006F6C6473206E6F20757361626C652063B9
:10B9C000616C6962726174696F6E2C207573696E47
:10B9D000672064656661756C74730043616C6962AD
:10B9E00072617465643A2025750A005225643A2014
:10B9F000252E3230660A00475325643A20252E3220
:10BA000030660A00474925643A20252E3230660AFE
:10BA1000004F25643A20252E3230660A00564444F1
:10BA20003A2025750A0048573A2025750A006D6F9F
:10BA300064653A2025750A00554725643A20252E6D
:10BA40003230660A0049413A2025750A00564653AD
:10BA50003A20252E31660A00564449563A20252EB2
:10BA600033660A0053616D706C65526174653A20EB
:10BA700025750A00426C6F636B466F726D61743A94
:10BA80002025750A00454E440A0067730067690067
:10BA900075670076646400696100736574706F692E
:10BAA0006E74202575206D56206F7574206F66208A
:10BAB000726561636820284C444F202564206D56D0
:10BAC00020617420636F6465202575290049412039
:10BAD000706564657374616C207472696D6D656402
:10BAE0002061742025733A2077697065722025756E
:10BAF000006F757470757420656E61626C6500709E
:10BB00006F776572002530345825303858007374CB
:10BB100072696E672064657363726970746F7273A3
:10BB20003A20256400636F6E666967757261746997
:10BB30006F6E3A2025640070706B5F6466750070EC
:10BB4000706B5F64617461006364635F61636D5F08
:10BB50003000636C6173732072656769737472611E
:10BB600074696F6E3A20256400757362645F696E54
:10BB700069743A20256400757362645F656E616262
:10BB80006C653A2025640070706B5F7573626400A9
:10BB90007573625F70706B007265626F6F74696E4F
:10BBA0006720696E746F20626F6F746C6F6164657B
:10BBB000720050574D204C454473206E6F742072B4
:10BBC00065616479006C6564735F746964007265B3
:10BBD000626F6F74696E6720696E746F2074686538
:10BBE00020626F6F746C6F616465720A002B007362
:10BBF00063616E20656E6420207469636B73202519
:10BC0000752E2E2575206F6620746865207065720C
:10BC1000696F64202853414D504C452061742025A4
:10BC200075290A006C6174656E6379202020454E89
:10BC3000442D3E49535220776F7273742025752E20
:10BC4000253032752075733B207065722075733A0C
:10BC500000205B256425735D3D2575007370696E5A
:10BC60006E696E670069646C65007370696E00735D
:10BC7000746F702073747265616D696E6720666998
:10BC80007273740A00257520732C206E6F20555333
:10BC90004220747261666669632C204350552025EA
:10BCA000732C20706572696F642025752074696338
:10BCB0006B733A20257520454E44206576656E7479
:10BCC000732C2025752049535220656E7472696566
:10BCD000732C20257520454E4473206D6973736560
:10BCE000642028776F72737420676170202575292E
:10BCF0002C20776F7273742072756E2025752074F6
:10BD000069636B730A00302E2E370A0073747265F4
:10BD1000616D205441435120636F6465733A206321
:10BD2000757272656E742025752C20766F6C746147
:10BD3000676520257520286170706C7920617420FA
:10BD40006E657874207374617274290A0063686187
:10BD50006E6E656C3A207673657C767265667C766D
:10BD60006C646F7C7662627C76696E7C76647574D6
:10BD70007C6E74630A006D6561737572652066611F
:10BD8000696C65643A2025640A0072616E676520FB
:10BD90002575202025732061646320256420286197
:10BDA0007667206F662025752920207664757420BB
:10BDB000252E3166206D560A003130306B207C20F4
:10BDC00031306B207C20316B207C20313030207C66
:10BDD000206F66660A007472696D206661696C6521
:10BDE000643A2025640A0049412077697065722011
:10BDF0007472696D6D656420746F20257520666F9F
:10BE000072207461726765742025642028696E2031
:10BE100052414D3B202770706B206D65746120731B
:10BE20006176652720746F20706572736973742959
:10BE30000A004941207769706572202575202869BC
:10BE40006E2052414D3B202770706B206D657461F0
:10BE500020736176652720746F2070657273697333
:10BE600074290A006E6F742076616C6964007772C1
:10BE700069746500636865636B006261636B75700C
:10BE80002069732025730A007772697465207C200D
:10BE9000636865636B207C20726573746F72650ADA
:10BEA000006F6B0A0064656661756C7473206C6F5B
:10BEB000616465642028696E2052414D290A00732F
:10BEC000617665206661696C65643A2025640A00C4
:10BED00073617665640A00756E6B6E6F776E206BAA
:10BEE0006579206F72206261642076616C75650AE5
:10BEF000002573207365742028696E2052414D3BE4
:10BF0000202770706B206D657461207361766527E2
:10BF100020746F2070657273697374290A007265EA
:10BF20006164206661696C65643A2025640A0025B5
:10BF30003034783A00202530327800666F726D61B7
:10BF400074206661696C65640A00202872657475E6
:10BF50006E652070656E64696E6729007072657326
:10BF6000656E7400616273656E7400796573006E4E
:10BF70006F0072756E6E696E670073746F707065B6
:10BF800064006D6F646520202020202025730A0046
:10BF9000766464202020202020202575206D5625E1
:10BFA000730A006F75747075742020202025730A41
:10BFB000006578742075736220202025730A00774D
:10BFC00069706572732020202069613D2575206CA1
:10BFD000646F3D25752062623D25750A0072616EB1
:10BFE0006765202020202025750A0063616C696246
:10BFF00072617465642025730A006D6F6E69746FD9
:10C0000072732020766C646F3D252E306620766238
:10C01000623D252E30662076696E3D252E306620E5
:10C02000766475743D252E3066206D560A006D6F5E
:10C030006E69746F72732020756E617661696C61D0
:10C04000626C65207768696C652073747265616DD8
:10C05000696E670A0073747265616D202020202567
:10C06000732C2025752073616D706C657320696E6B
:10C0700020257520626C6F636B732C202575206200
:10C08000797465732073656E740A0061646320209F
:10C090002020202020257520454E44206576656EA1
:10C0A00074732028492B56207363616E73292C20EA
:10C0B00025752049535220656E7472696573202876
:10C0C00025752073707572696F7573292C207461E2
:10C0D000637120493D257520563D25750A00697319
:10C0E0007220202020202020257520454E447320DA
:10C0F0006D69737365642C20776F72737420676148
:10C100007020257520454E44732C20776F72737410
:10C110002072756E202575207469636B7320282545
:10C12000752F73616D706C65290A0073776974638C
:10C1300068696E672025752073616D706C6573206A
:10C140002873656E742061732072616E67652025A7
:10C1500075290A007061636B696E67202020257560
:10C16000206379636C65732F73616D706C652C202F
:10C17000776F72737420626C6F636B202575207506
:10C18000730A006C6F7374202020202020257520F6
:10C1900073616D706C657320696E202575207269FE
:10C1A0006E67206F766572666C6F77732C202575CD
:10C1B000207478206661696C757265732C20257512
:10C1C00020666C7573682074696D656F7574730A89
:10C1D00000757362202020202020202575207761A3
:10C1E00069747320666F72206120667265652074C1
:10C1F00072616E7366657220736C6F742074696D02
:10C200006564206F75742C20257520746573742007
:10C21000626C6F636B730A00636F6D6D616E647344
:10C22000202025752068616E646C65642C2025755E
:10C2300020756E6B6E6F776E2062797465730A007D
:10C240003130306B0031306B00316B00767365003C
:10C250007672656600766C646F007662620076695D
:10C260006E0076647574006E746300506F7765724B
:10C270002050726F66696C6572204B697420494961
:10C28000007374617475730053686F772073746101
:10C2900074652C20766F6C746167657320616E64C1
:10C2A000206D657472696373006D6574610043612C
:10C2B0006C6962726174696F6E206D65746164612E
:10C2C000746100537570706C7920706174680063DC
:10C2D000616C0043616C6962726174696F6E206C9D
:10C2E0006F61647320616E64206D65617375726542
:10C2F0006D656E740073616D706C650053616D7077
:10C300006C696E67206F7074696F6E73005265623E
:10C310006F6F7420696E746F2074686520626F6F30
:10C32000746C6F6164657200746163710074616341
:10C3300071205B4920302D375D205B5620302D3732
:10C340005D3A2053414144432061637175697369CB
:10C3500074696F6E2D74696D6520636F6465730019
:10C3600073656C66746573740073656C667465736D
:10C3700074205B7365636F6E64735D205B737069BB
:10C380006E7C69646C655D205B706572696F6420AA
:10C390007469636B735D3A2073616D706C652077AF
:10C3A0006974686F757420555342206F7574707589
:10C3B00074007265736574005265736574207361EF
:10C3C0006D706C696E67206D657472696373006C63
:10C3D0006F6164006C6F6164203130306B7C313090
:10C3E0006B7C316B7C3130307C6F6666006D6561D3
:10C3F00073757265006D656173757265205B636F3F
:10C40000756E745D205B7673657C767265667C768E
:10C410006C646F7C7662627C76696E7C766475741F
:10C420007C6E74635D3A2061766572616765642035
:10C4300072617720414443006D6F646520616D70C7
:10C440006572657C736F7572636500766464203C09
:10C450006D563E006F7574006F757420307C31002E
:10C460006961203C776970657220636F64653E0086
:10C4700069612D7472696D0069612D7472696D2036
:10C480005B746172676574206164635D00507269FA
:10C490006E74206D657461646174612061732073D2
:10C4A000656E7420746F2074686520686F73740003
:10C4B000726177004865782064756D70204545503D
:10C4C000524F4D3A20726177205B6F6666736574D8
:10C4D0005D205B6C656E5D0053657420612066694C
:10C4E000656C643A20736574203C6B65793E203C32
:10C4F00076616C75653E007361766500577269748C
:10C5000065206D6574616461746120746F204545B8
:10C5100050524F4D004C6F61642064656661756CCC
:10C52000742028756E63616C696272617465642938
:10C53000206D65746164617461006261636B757024
:10C54000006261636B7570207772697465207C206E
:10C55000636865636B207C20726573746F7265001D
:10C560006865617020636F7272757074696F6E2098
:10C57000286E6F7420696E207573653F2920617481
:10C58000202570006865617020636F727275707429
:10C59000696F6E2028627566666572206F766572B7
:10C5A000666C6F773F292061742025700068656193
:10C5B0007020636F7272757074696F6E2028646F7B
:10C5C00075626C6520667265653F2920617420255F
:10C5D00070006F735F686561700028756E736967BE
:10C5E0006E6564292063686172202A207573656412
:10C5F00020666F722025257020617267756D656EEB
:10C60000742E2049742773207265636F6D6D656E9B
:10C6100064656420746F206361737420697420748E
:10C620006F20766F6964202A206265636175736587
:10C63000206974206D6179206361757365206D696F
:10C64000736265686176696F7220696E20636572D6
:10C650007461696E20636F6E666967757261746973
:10C660006F6E732E20537472696E673A222573229F
:10C6700020617267756D656E743A2564006362703F
:10C6800072696E74665F7061636B616765004661B5
:10C69000696C656420746F207265626F6F743A20F4
:10C6A0007370696E6E696E6720656E646C65737316
:10C6B0006C792E2E2E0A007379735F6765746F7024
:10C6C00074006C6F6767696E67006C6F67006C6FF2
:10C6D000675F6D676D74004D6573736167652028D2
:10C6E00022257322292064726F7070656420626550
:10C6F000636175736520697420657863656564732B
:10C700002073697A65206C696D69746174696F6EF4
:10C710002028257529004D65737361676520647253
:10C720006F707065642062656361757365206974FC
:10C7300020657863656564732073697A65206C6928
:10C740006D69746174696F6E2028257529000D0A62
:10C75000001B5B306D005B2530386C755D20005B25
:10C76000253032753A253032753A253032752E250E
:10C770003033752C253033755D20003C25733E2009
:10C780000025732F0025733A2000253032782000D1
:10C79000202020007C001B5B313B33316D001B5B94
:10C7A000313B33336D006572720077726E00696ED3
:10C7B0006600646267006B65726E656C004B657243
:10C7C0006E656C20636F6D6D616E64730063796379
:10C7D0006C65733A202575206877206379636C65F2
:10C7E000730A006379636C6573004B65726E656CE8
:10C7F000206379636C65732E00556E61626C6520F1
:10C80000746F20706172736520696E707574202872
:10C81000657272202564290A00736C656570006D6D
:10C820007300557074696D653A20256C6C75206DC8
:10C83000730A002D70002D2D707265747479005587
:10C840006E737570706F72746564206F7074696F49
:10C850006E3A2025730A00757074696D653A20255B
:10C860006C6C7520646179732C20256C6C75206864
:10C870006F7572732C20256C6C75206D696E7574E4
:10C8800065732C20256C6C75207365636F6E647303
:10C890002C20256C6C75206D696C6C697365636FF9
:10C8A0006E64730A00757074696D65004B65726E15
:10C8B000656C20757074696D652E2043616E206211
:10C8C000652063616C6C65642077697468207468A6
:10C8D00065202D70206F72202D2D70726574747913
:10C8E000206F7074696F6E7300342E342E32005ACC
:10C8F00065706879722076657273696F6E20257332
:10C900000A0076657273696F6E004B65726E656CB6
:10C910002076657273696F6E2E00546869732063A8
:10C920006F6D6D616E6420697320646570726563FC
:10C9300061746564206173206974206973206120CB
:10C940006475706C69636174652E2055736520276A
:10C950006C6F6720656E61626C652720636F6D6D1B
:10C96000616E642066726F6D206C6F6767696E67B9
:10C9700020636F6D6D616E6473207365742E0A00A1
:10C98000556E61626C6520746F20706172736520F2
:10C990006C6F67207365766572697479202865729B
:10C9A00072202564290A00496E76616C6964206CE6
:10C9B0006F67206C6576656C3A2025640A00556EB9
:10C9C00061626C6520746F2066696E64206C6F67AD
:10C9D00020736F757263653A2025730A006C6F6768
:10C9E0005F6C6576656C003C6D6F64756C65206E80
:10C9F000616D653E203C73657665726974792028A7
:10CA0000302D34293E007265626F6F74005265628A
:10CA10006F6F742E00636F6C6400436F6C642072E0
:10CA200065626F6F742E007761726D005761726D71
:10CA3000207265626F6F742E0074687265616400A5
:10CA40004B65726E656C20746872656164732E004C
:10CA50005363686564756C65723A20257520736947
:10CA60006E6365206C6173742063616C6C0A0054A2
:10CA70006872656164733A0A004E4100257325703F
:10CA800020252D3130730A00096F7074696F6E7341
:10CA90003A20307825782C207072696F7269747929
:10CAA0003A2025642074696D656F75743A20256C91
:10CAB0006C640A000973746174653A2025732C2034
:10CAC000656E7472793A2025700A00556E61626C49
:10CAD0006520746F2064657465726D696E6520757C
:10CAE0006E7573656420737461636B2073697A6516
:10CAF00020282564290A0A0009737461636B207376
:10CB0000697A6520257A752C20756E7573656420A9
:10CB1000257A752C20757361676520257A75202F1D
:10CB200020257A7520282575202525290A0A006CDC
:10CB3000697374004C697374206B65726E656C2048
:10CB4000746872656164732E00257020495251200B
:10CB500025303264202573287265616C2073697AF0
:10CB6000652025347A75293A09756E7573656420D8
:10CB700025347A750975736167652025347A7520C7
:10CB80002F2025347A75202825327A7520252529ED
:10CB90000A00257020252D33327320287265616CC0
:10CBA0002073697A652025347A75293A09756E757E
:10CBB0007365642025347A7509757361676520256E
:10CBC000347A75202F2025347A7520282532752057
:10CBD0002525290A00737461636B73004C697374B3
:10CBE000207468726561647320737461636B20756F
:10CBF000736167652E005468726561642049442042
:10CC00002570206973206E6F742076616C69640AE8
:10CC1000004572726F723A5368656C6C207468726A
:10CC20006561642063616E6E6F7420626520737548
:10CC30007370656E6465640A00546872656164208F
:10CC400025702073757370656E6465640A006B658A
:10CC5000726E656C207468726561642073757370A0
:10CC6000656E64203C7468726561645F69643E004F
:10CC70004572726F723A5368656C6C2074687265A5
:10CC800061642063616E6E6F7420626520726573EB
:10CC9000756D65640A0054687265616420257020B2
:10CCA000726573756D65640A00726573756D6500F4
:10CCB0006B65726E656C2074687265616420726564
:10CCC00073756D65203C7468726561645F69643E6C
:10CCD000004572726F723A5368656C6C20746872AA
:10CCE0006561642063616E6E6F74206265206B699C
:10CCF0006C6C65640A000A205468726561642025C2
:10CD000070206B696C6C65640A006B696C6C006BFD
:10CD100065726E656C20746872656164206B696C05
:10CD20006C203C7468726561645F69643E004465B0
:10CD30007669636520756E6B6E6F776E202825733C
:10CD4000290A00446576696365202573206973208C
:10CD5000616C726561647920696E697469616C697E
:10CD60007A65640A004465766963652025732069E5
:10CD70006E697469616C697A6174696F6E2066614D
:10CD8000696C65642077697468206572723D2564FA
:10CD90000A0044657669636520257320696E6974AD
:10CDA00069616C697A656420737563636573736622
:10CDB000756C6C790A00524541445900444953410D
:10CDC000424C454400646576696365733A0A005BCA
:10CDD00025705D002D2025730020204454206E6FA7
:10CDE0006465206C6162656C733A004465766963C2
:10CDF0006520636F6D6D616E6473004D616E75616A
:10CE00006C6C7920696E697469616C697A652061FE
:10CE100020646576696365004C69737420636F6E86
:10CE20006669677572656420646576696365732CED
:10CE3000207769746820616E206F7074696F6E610D
:10CE40006C2066696C746572005B3C64657669632E
:10CE5000652066696C7465723E5D00496E76616C32
:10CE6000696420686F75720A00496E76616C696446
:10CE7000206D696E7574650A00496E76616C69642F
:10CE8000207365636F6E640A00496E76616C696435
:10CE9000206D6F6E74680A00496E76616C6964205B
:10CEA0006461790A004661696C656420746F20636F
:10CEB000616C63756C617465207365636F6E647318
:10CEC0002073696E63652045706F63680A00436F65
:10CED000756C64206E6F7420736574206461746572
:10CEE0002025640A0025642D253032752D25303229
:10CEF0007520253032753A253032753A2530327535
:10CF0000205554430A0064617465004461746520CF
:10CF1000636F6D6D616E6473005B592D6D2D645D83
:10CF2000203C483A4D3A533E00676574005B6E6F93
:10CF30006E655D005573696E67206461746120776A
:10CF4000696474682025640A00496E636F727265B3
:10CF5000637420646174612077696474680A0052A4
:10CF60006561642076616C7565203078256C6C781D
:10CF70000A0057726974696E672076616C75652066
:10CF80003078256C6C780A00696E76616C69642073
:10CF90006164647220272573270A00696E76616CCC
:10CFA00069642073697A6520272573270A00696EF2
:10CFB00076616C696420776964746820272573271B
:10CFC0000A00613A733A773A00272D61203C616488
:10CFD00064726573733E27206973206D616E6461AE
:10CFE000746F72790A00272D73203C73697A653E4D
:10CFF00027206973206D616E6461746F72790A0015
:10D00000496E636F72726563742064617461207726
:10D01000696474683A2025750A006465766D656DEB
:10D02000206C6F616420737570706F7274732073FD
:10D03000657474696E6720627970617373206F6EB6
:10D0400020612073696E676C6520696E7374616E10
:10D0500063652E0A004C6F6164696E672E2E2E0A7E
:10D060007072657373206374726C2D7820637472B0
:10D070006C2D7120746F206573636170650A004EBA
:10D08000756D626572206F662062797465732072B7
:10D090006561643A2025640A002D2D002D65005538
:10D0A0006E6B6E6F776E206F7074696F6E202225C5
:10D0B00073220A006465766D656D00526561642FA8
:10D0C000777269746520706879736963616C206D2B
:10D0D000656D6F72790A55736167653A0A526561C9
:10D0E00064206D656D6F7279206174206164647273
:10D0F0006573732077697468206F7074696F6E61EF
:10D100006C2077696474683A0A6465766D656D2091
:10D110003C616464726573733E205B3C7769647440
:10D12000683E5D0A5772697465206D656D6F72792E
:10D130002061742061646472657373207769746818
:10D14000206D616E6461746F7279207769647468B0
:10D1500020616E642076616C75653A0A6465766D4F
:10D16000656D203C616464726573733E203C776931
:10D170006474683E203C76616C75653E0064756D34
:10D18000700055736167653A0A6465766D656D2058
:10D1900064756D70202D61203C61646472657373E9
:10D1A0003E202D73203C73697A653E205B2D7720ED
:10D1B0003C77696474683E5D0A0055736167653A3F
:10D1C0000A6465766D656D206C6F6164205B6F70BD
:10D1D00074696F6E735D205B616464726573735D07
:10D1E0000A4F7074696F6E733A0A2D65096C697421
:10D1F000746C652D656E6469616E20706172736513
:10D200000052582072696E672062756666657220EA
:10D2100066756C6C2E007368656C6C2E7368656C3B
:10D220006C5F756172740070706B323A7E242000FE
:10D230007368656C6C5F756172745F6261636B6566
:10D240006E6400537562636F6D6D616E64733A0A4C
:10D25000006E6F74207465726D696E617465643AF6
:10D260002025630A00506C656173652073706563E7
:10D27000696679206120737562636F6D6D616E649C
:10D280002E0A004572726F723A207265717565736D
:10D29000746564206D756C7469706C652066756E5C
:10D2A0006374696F6E20657865637574696F6E73FA
:10D2B0000A003A20636F6D6D616E64206E6F74209A
:10D2C000666F756E6400546F6F206D616E792061BA
:10D2D0007267756D656E747320696E207468652061
:10D2E000636F6D6D616E642E0A0025733A2077724C
:10D2F0006F6E6720706172616D6574657220636F17
:10D30000756E740A005741524E494E473A204120EB
:10D310007072696E742072657175657374207761BF
:10D3200073206465746563746564206F6E206E6F2E
:10D330007420616374697665207368656C6C206223
:10D3400061636B656E642E0A000A257325730050B5
:10D350006C656173652070726573732074686520F5
:10D360003C5461623E20627574746F6E20746F204D
:10D3700073656520616C6C20617661696C61626CBB
:10D380006520636F6D6D616E64732E0A00596F7551
:10D390002063616E20616C736F2075736520746803
:10D3A00065203C5461623E20627574746F6E207417
:10D3B0006F2070726F6D7074206F72206175746F62
:10D3C0002D636F6D706C65746520616C6C20636F8C
:10D3D0006D6D616E6473206F722069747320737554
:10D3E00062636F6D6D616E64732E0A00596F7520F4
:10D3F00063616E2074727920746F2063616C6C209D
:10D40000636F6D6D616E64732077697468203C2D65
:10D41000683E206F72203C2D2D68656C703E207038
:10D420006172616D6574657220666F72206D6F72D6
:10D430006520696E666F726D6174696F6E2E0A0089
:10D440000A5368656C6C20737570706F727473200A
:10D45000666F6C6C6F77696E67206D6574612D6B9C
:10D460006579733A0A20204374726C202B2028615E
:10D47000206B65792066726F6D3A20616263646526
:10D48000666B6C6E70747577290A2020416C74206D
:10D49000202B202861206B65792066726F6D3A2001
:10D4A0006266290A506C65617365207265666572F3
:10D4B00020746F207368656C6C20646F63756D6594
:10D4C0006E746174696F6E20666F72206D6F726525
:10D4D0002064657461696C732E0A000A4176616983
:10D4E0006C61626C6520636F6D6D616E64733A0A86
:10D4F00000253038583A20007C0A005072696E745A
:10D5000073207468652068656C70206D6573736145
:10D5100067652E001B5B25642563001B5B313B3375
:10D5200025646D001B5B34303325646D00557361D9
:10D5300067653A20257320002573252D2A73002D59
:10D5400068002D2D68656C70004C6F7374206C6FD3
:10D5500067733A20256C750A00416374697665200B
:10D560007368656C6C206261636B656E64733A0A04
:10D570000020202532642E203A2573202825732987
:10D580000A005B2533645D2025730A0020756E6BED
:10D590006E6F776E20706172616D657465723A208E
:10D5A0000025733A257325730A004563686F20735D
:10D5B00074617475733A2025730A004E6F2072658A
:10D5C00073706F6E73652066726F6D20746865206E
:10D5D0007465726D696E616C2C20617373756D6515
:10D5E000642038307832342073637265656E20733E
:10D5F000697A650A0072657476616C005072696EB2
:10D60000742072657475726E2076616C7565206F1A
:10D6100066206D6F737420726563656E7420636F2E
:10D620006D6D616E6400726573697A6500436F6E3B
:10D63000736F6C652067657473207465726D696EB5
:10D64000616C2073637265656E2073697A65206F03
:10D650007220617373756D65732064656661756CA6
:10D660007420696E2063617365207468652072653B
:10D6700061646F7574206661696C732E2049742033
:10D680006D75737420626520657865637574656473
:10D690002061667465722065616368207465726DCF
:10D6A000696E616C207769647468206368616E6775
:10D6B0006520746F20656E7375726520636F72727A
:10D6C000656374207465787420646973706C617923
:10D6D0002E00686973746F727900436F6D6D616EAF
:10D6E0006420686973746F72792E007368656C6C5E
:10D6F0000055736566756C2C206E6F7420556E69CD
:10D70000782D6C696B65207368656C6C20636F6D38
:10D710006D616E64732E00636C65617200436C65AD
:10D7200061722073637265656E2E0072656D0049CB
:10D73000676E6F7265206C696E65732062656769DC
:10D740006E6E696E672077697468202772656D2038
:10D75000270064656661756C7400417373756D654F
:10D760002038302063686172732073637265656E60
:10D7700020776964746820616E642073656E64202C
:10D78000746869732073657474696E6720746F20A0
:10D79000746865207465726D696E616C2E006261DB
:10D7A000636B656E6473004C6973742061637469A4
:10D7B0007665207368656C6C206261636B656E646E
:10D7C000732E0A006261636B73706163655F6D6FD6
:10D7D000646500546F67676C65206261636B73708A
:10D7E000616365206B6579206D6F64652E0A536FE8
:10D7F0006D65207465726D696E616C732061726510
:10D80000206E6F742073656E64696E672073657037
:10D8100061726174652065736361706520636F6414
:10D820006520666F72206261636B7370616365204F
:10D83000616E642064656C65746520627574746FD4
:10D840006E2E205468697320636F6D6D616E642065
:10D85000666F72636573207368656C6C20746F20EB
:10D86000696E746572707265742064656C65746548
:10D87000206B6579206173206261636B73706163F3
:10D88000652E00636F6C6F727300546F67676C6511
:10D8900020636F6C6F7265642073796E7461782E8B
:10D8A00000767431303000546F67676C6520767491
:10D8B00031303020636F6D6D616E64732E00707255
:10D8C0006F6D707400546F67676C652070726F6D58
:10D8D00070742E006563686F00546F67676C652015
:10D8E0007368656C6C206563686F2E007374617477
:10D8F00073005368656C6C20737461746973746928
:10D9000063732E006261636B7370616365005365BE
:10D910007420646966666572656E74206573636100
:10D92000706520636F646520666F72206261636B4F
:10D93000737061636520616E642064656C657465F5
:10D94000206B65792E0064656C65746500536574A1
:10D95000207468652073616D65206573636170650F
:10D9600020636F646520666F72206261636B737001
:10D9700061636520616E642064656C657465206B0D
:10D9800065792E005265736574207368656C6C2030
:10D990007374617469737469637320666F72207441
:10D9A0006865204C6F67676572206D6F64756C6584
:10D9B0002E0073686F7700476574207368656C6C20
:10D9C000207374617469737469637320666F722065
:10D9D000746865204C6F67676572206D6F64756C45
:10D9E000652E0044697361626C65207368656C6CB8
:10D9F000206563686F2E2045646974696E67206BCB
:10DA000065797320616E64206D6574612D6B657935
:10DA10007320617265206E6F742068616E646C653E
:10DA20006400456E61626C65207368656C6C20658E
:10DA300063686F2E0044697361626C652070726F59
:10DA40006D70742E00456E61626C652070726F6D32
:10DA500070742E0044697361626C65207674313095
:10DA60003020636F6D6D616E64732E00456E616270
:10DA70006C6520767431303020636F6D6D616E643B
:10DA8000732E0044697361626C6520636F6C6F7202
:10DA900065642073796E7461782E00456E61626CE6
:10DAA0006520636F6C6F7265642073796E74617842
:10DAB0002E00436F6D6D616E6420627566666572DF
:10DAC00020697320746F6F2073686F727420746F95
:10DAD00020657870616E6420616C6C20636F6D6D81
:10DAE000616E6473206D61746368696E6720776925
:10DAF0006C6463617264207061747465726E3A2044
:10DB000025730A002A2A2A20426F6F74696E6720E3
:10DB10006E524620436F6E6E6563742053444B20F3
:10DB200076332E342E312D623230663836313962FA
:10DB3000613961202A2A2A0A002A2A2A2055736973
:10DB40006E67205A6570687972204F532076342EA4
:10DB5000342E322D3333666136613761616336614D
:10DB6000202A2A2A0A006D757465785F696E6974C7
:10DB70002063616C6C65642077697468204E554C35
:10DB80004C20706172616D6574657200436F756CD5
:10DB900064206E6F7420616C6C6F63617465206DBE
:10DBA00075746578206265666F726520696E697448
:10DBB00069616C697A696E670072302F61313A2051
:10DBC00020307825303878202072312F61323A2089
:10DBD00020307825303878202072322F61333A2077
:10DBE000203078253038780072332F61343A202085
:10DBF000307825303878207231322F69703A202001
:10DC0000307825303878207231342F6C723A2020E9
:10DC10003078253038780020787073723A202030C0
:10DC2000782530387800735B2532645D3A202030E7
:10DC300078253038782020735B2532645D3A2020C7
:10DC40003078253038782020735B2532645D3A20A7
:10DC5000203078253038782020735B2532645D3A97
:10DC600020203078253038780066707363723A204F
:10DC700020307825303878004661756C74696E679D
:10DC800020696E737472756374696F6E2061646469
:10DC90007265737320287231352F7063293A2030F2
:10DCA000782530387800556E68616E646C65642044
:10DCB0004952516E3A202564002A2A2A2A2A2055E0
:10DCC00053414745204641554C54202A2A2A2A2AA6
:10DCD0000020204469766973696F6E206279207A2A
:10DCE00065726F002020556E616C69676E656420F7
:10DCF0006D656D6F727920616363657373002020B9
:10DD00004E6F20636F70726F636573736F722069FB
:10DD10006E737472756374696F6E73002020496C42
:10DD20006C6567616C206C6F6164206F662045587C
:10DD3000435F52455455524E20696E746F205043D4
:10DD4000002020496C6C6567616C20757365206FDD
:10DD50006620746865204550535200202041747439
:10DD6000656D707420746F206578656375746520C7
:10DD7000756E646566696E656420696E737472752C
:10DD80006374696F6E002A2A2A2A2A20425553207A
:10DD90004641554C54202A2A2A2A2A00202053740E
:10DDA00061636B696E67206572726F720020205527
:10DDB0006E737461636B696E67206572726F720057
:10DDC000202050726563697365206461746120620C
:10DDD0007573206572726F72002020424641522096
:10DDE000416464726573733A20307825780020208E
:10DDF000496D707265636973652064617461206246
:10DE00007573206572726F72002020496E73747290
:10DE1000756374696F6E20627573206572726F72BC
:10DE2000002020466C6F6174696E672D706F696E9B
:10DE300074206C617A7920737461746520707265E6
:10DE4000736572766174696F6E206572726F7200AD
:10DE50002A2A2A2A2A204D5055204641554C542022
:10DE60002A2A2A2A2A002020537461636B696E676C
:10DE7000206572726F722028636F6E7465787420EB
:10DE800061726561206D69676874206265206E6FDC
:10DE9000742076616C6964290020204461746120DB
:10DEA0004163636573732056696F6C6174696F6E4B
:10DEB0000020204D4D4641522041646472657373C9
:10DEC0003A2030782578002020496E73747275638B
:10DED00074696F6E204163636573732056696F6C5C
:10DEE0006174696F6E005265736572766564204572
:10DEF0007863657074696F6E20280053707572695D
:10DF00006F757320696E746572727570742028491C
:10DF100052512000535053454C20696E2074687252
:10DF2000656164206D6F646520646F6573206E6F3A
:10DF30007420696E64696361746520505350002ACF
:10DF40002A2A2A2A2048415244204641554C54202E
:10DF50002A2A2A2A2A002020427573206661756CBD
:10DF600074206F6E20766563746F72207461626CCA
:10DF700065207265616400202044656275672065D4
:10DF800076656E740020204661756C74206573633D
:10DF9000616C6174696F6E20287365652062656CC1
:10DFA0006F772900415243485F45584345505420FC
:10DFB0007769746820726561736F6E2025780A0036
:10DFC0002A2A2A2A2A204465627567206D6F6E69A5
:10DFD000746F7220657863657074696F6E202A2A89
:10DFE0002A2A2A002A2A2A2A2A2025732025642957
:10DFF000202A2A2A2A2A006D7075004661696C65FC
:10E000006420746F20616C6C6F63617465206E6551
:10E0100077204D505520726567696F6E2025750A0F
:10E0200000506172746974696F6E2025753A2063BF
:10E030006F686572656E636520636865636B2066F3
:10E0400061696C65642E00464C4153485F30005353
:10E0500052414D5F30006E65745F627566006E659B
:10E06000745F6275665F73696D706C6500736F6372
:10E0700000626F6172645F6364635F61636D5F75AB
:10E080006172740053707572696F75732025732007
:10E090006576656E740065702030782530327820A2
:10E0A000616C726561647920656E61626C656400A3
:10E0B000456E64706F696E74203078253032782038
:10E0C00076616C69646174696F6E206661696C6504
:10E0D000640065702030782530327820616C72657C
:10E0E0006164792064697361626C656400657020A5
:10E0F000307825303278206973206E6F7420686123
:10E100006C7465647C64697361626C65640046610B
:10E11000696C656420746F20616C6C6F63617465F9
:10E12000206E65745F62756620257A642C206570A8
:10E130002030782530327800756463007368757418
:10E14000646F776E00496E697469616C697A6564A1
:10E1500000556E6B6E6F776E20706F7765722065FD
:10E1600076656E7420256400507265696E6974006E
:10E170007564635F6E726678004661696C656420E1
:10E18000746F20726567697374657220656E647060
:10E190006F696E740053555350454E44207374613B
:10E1A00074652064657465637465640052455355F5
:10E1B0004D494E472066726F6D2073757370656EA2
:10E1C000640052656D6F74652077616B65757020B2
:10E1D000696E6974696174656400657020307825C2
:10E1E00030327820717565756520697320656D70B2
:10E1F000747900657020307825303278206F6B2C70
:10E2000020717565756520697320656D707479007E
:10E210004661696C656420746F2064697361626C27
:10E220006520636F6E74726F6C20656E64706F69C9
:10E230006E74004661696C656420746F2073746F3E
:10E2400070204846584F202564005265736574005D
:10E2500062756666657220746F6F20736D616C6C99
:10E260003A20723A2025752C206C3A2025750046FC
:10E2700061696C656420746F20656E61626C6520F5
:10E28000636F6E74726F6C20656E64706F696E740C
:10E29000004661696C656420746F207374617274E8
:10E2A000204846584F20256400757362644034301E
:10E2B000303237303030007A65706879725F75645B
:10E2C0006330007564635F6E7266006E72665F75C0
:10E2D0007362645F636F6D6D6F6E00636C6F636B11
:10E2E00040343030303030303000636C6F636B005E
:10E2F0006866636C6B006C66636C6B00636C6F6369
:10E300006B5F636F6E74726F6C00706172656E74B8
:10E310002062757320646576696365206E6F742072
:10E32000726561647900617474656D707420746FD6
:10E33000207265616420706173742064657669631E
:10E340006520626F756E64617279006661696C65E3
:10E350006420746F207265616420454550524F4DB2
:10E3600020286572722025642900617474656D70BF
:10E370007420746F20777269746520746F207265E1
:10E3800061642D6F6E6C79206465766963650061E8
:10E390007474656D707420746F2077726974652071
:10E3A000706173742064657669636520626F756E51
:10E3B00064617279006661696C656420746F2077AE
:10E3C0007269746520746F20454550524F4D202866
:10E3D0006572722025642900656570726F6D403525
:10E3E0003000656570726F6D00656570726F6D5F8E
:10E3F00061743278006770696F4035303030303387
:10E400003030006770696F31006770696F40353078
:10E41000303030303030006770696F3000693263FF
:10E42000004E65656420746F20757365207468659F
:10E4300020696E7465726E616C20647269766572B3
:10E440002062756666657220627574206974732037
:10E4500073697A6520697320696E7375666669638E
:10E4600069656E7420282575202B202575203E2097
:10E470002575292E2041646A75737420746865209F
:10E480007A65706879722C636F6E6361742D627542
:10E49000662D73697A65206F72207A65706879726B
:10E4A0002C666C6173682D6275662D6D61782D73B5
:10E4B000697A652070726F7065727479202874684B
:10E4C00065206F6E65207769746820677265617476
:10E4D00065722076616C75652920696E20746865A7
:10E4E0002022257322206E6F64652E0069326340FE
:10E4F00034303030333030300069326330006932CC
:10E50000635F6E7266785F7477696D00756E7375A0
:10E5100070706F7274656420737065656400547206
:10E5200079696E6720746F207472616E73666572AC
:10E53000206D6F7265207468616E20746865206D4F
:10E540006178696D756D2073697A6520666F7220D8
:10E5500074686973206465766963653A2025642070
:10E560003E202564004661696C656420746F2069F3
:10E570006E697469616C697A652064657669636542
:10E580003A2025730025733A206E6F204C45447362
:10E5900020666F756E6420284454206368696C643B
:10E5A000206E6F646573206D697373696E672900EF
:10E5B00025733A2070776D20646576696365206EF7
:10E5C0006F742072656164790070776D6C65647337
:10E5D000006C65645F70776D00496E76616C69648C
:10E5E000206368616E6E656C3A2025752E00496E59
:10E5F000636F6D70617469626C6520706572696FBC
:10E60000642E005072657363616C657220666F7270
:10E6100020706572696F645F6379636C6573202530
:10E6200075206E6F7420666F756E642E0070776D46
:10E630004034303031633030300070776D300070EE
:10E64000776D5F6E7266780048616C74696E6720E2
:10E6500073797374656D00556E6B6E6F776E2065A0
:10E6600072726F7200756E6B6E6F776E003E3E3E1B
:10E67000205A455048595220464154414C20455259
:10E68000524F522025643A202573206F6E2043504C
:10E6900055202564004661756C7420647572696E3E
:10E6A0006720696E746572727570742068616E643B
:10E6B0006C696E670A0043757272656E74207468C7
:10E6C000726561643A202570202825732900435023
:10E6D0005520657863657074696F6E00556E68616A
:10E6E0006E646C656420696E746572727570740016
:10E6F000537461636B206F766572666C6F77004B45
:10E7000065726E656C206F6F7073004B65726E651D
:10E710006C2070616E6963006D61696E006F7300DB
:10E7200064756D6D7900736C656570696E67006402
:10E730006561640073757370656E64656400616221
:10E740006F7274696E670073757370656E64696E5D
:10E75000670071756575656400737973776F726BA7
:10E7600071006E616E00286E756C6C2900000107E7
:10E770000207070703070707070707070400010643
:10E78000076A6F756C655F636F756E7465722030B4
:10E790002E322E300050504B32004A6F756C65207F
:10E7A000436F756E746572004E6F726469632053B7
:10E7B000656D69636F6E647563746F7200206D655B
:10E7C0007373616765732064726F70706564202D68
:10E7D0002D2D0D0A1B5B306D001B5B313B33316D02
:10E7E0002D2D2D2000202D20002020001B5B366EBB
:10E7F00000303132333435363738394142434445BD
:10E8000046000001020304050607002030303030C6
:10E81000303030303030303030300001616E006EDA
:08E8200066696E69747900005D
:10E82800000000004D390100000000000001000058
:10E8380000000000000000000000000000000000D0
:10E8480000000000000000000000000000000000C0
:10E8580000000000FD43000000000000000100006F
:10E8680000000000000000000000000000000000A0
:10E878000000000000000000000000000000000090
:10E88800000000001B3B0100000000000001000028
:10E898000000000000000000000000000000000070
:10E8A8000000000000000000000000000000000060
:10E8B80000000000D5C200000000000000010000B8
:10E8C8000000000000000000000000000000000040
:10E8D8000000000000000000000000000000000030
:10E8E800FC9E010000C201000000080000000000BA
:10E8F8000000000000000000000000000000000010
:10E9080000000000000000000000000000000000FF
:10E9180000000000AC030020000000009803002065
:10E9280000000000000000000000000000000000DF
:10E9380000000000000000000000000000000000CF
:10E9480000000000000000000000000000000000BF
:10E9580000000000000000000000000000000000AF
:10E968000000000000000000000000004C01002032
:10E978004C01002000000000010000000000000021
:10E98800A0000000000366000000000000004041F5
:10E99800000000000800000001028F0000000000D5
:10E9A80000008041000000000400000037BB0100A7
:10E9B80000000000CCAB010000AC0100A001002069
:10E9C800A4010020D6050020DF0500203FBB010080
:10E9D8000000000008AC010000000000C001002099
:10E9E800E1050020D801002000C201000000080055
:10E9F8000000000000000000E1050020E9050020FB
:10EA0800F2050020F7050020FC0500200006002084
:10EA1800050600200C060020150600201C06002014
:10EA280023060020000000002506002030020020F8
:10EA380000000000000000000000000000000000CE
:10EA48000003010000000000DC4702200003000072
:10EA580000000000000000000004010000000000A9
:10EA680095E701000A030000000000000000000014
:10EA780000020100000000009AE701001C030000EA
:10EA8800000000000000000000010100000000007C
:10EA9800A8E701002A0300000000000000000000B1
:10EAA8000000000000000000D8B7010004030000C7
:10EAB8009B3F010001000000010000000000000071
:10EAC80000000000000000002ECB01000100000043
:10EAD800010000001F4801000000000001000000C4
:10EAE80094070020C4020020C40200200000000097
:10EAF800E0B00100F8150020F80700203A000000F7
:10EB0800200800203A000000BC0700203A0000005E
:10EB1800340800203A000000000000005B6001009B
:10EB2800000000000000000000600040000000003D
:10EB380000000000000000000000000000000000CD
:10EB480000000000000000000000000000000000BD
:10EB580000000000000000000000000000000000AD
:10EB6800000000000000000000000000000000009D
:10EB7800000000000000000000000000000000008D
:10EB8800000000000000000000000000000000007D
:10EB9800000000000000000000000000000000006D
:10EBA800000000000000000000000000000000005D
:10EBB8000000000000000000B40403200000000072
:10EBC800000000000000000000040000B40803205A
:10EBD8000000000000000000000000000004000029
:10EBE80048BB0100000000000004002000000000F5
:10EBF800FC9E010040060020480600205106002027
:10EC0800560600205B0600205F06002064060020F0
:10EC18006B060020740600207B0600208206002078
:10EC280000000000196F0100C9C3000029C40000DA
:10EC3800A5720100DF6F0100E5700100000000000F
:10EC48008D750100CD7001006770010000000000A3
:10EC58001B6F010000000000000000000000000021
:10EC6800000000000000000000000000000000009C
:10EC7800000000000000000000000000000000008C
:10EC8800000000000000000000000000000000007C
:10EC9800000000000000000000000000000000006C
:10ECA800000000000000000000000000000000005C
:10ECB800000000000000000000000000000000004C
:10ECC800000000000000000000000000000000003C
:10ECD8000000000000000000B8040020B804002074
:10ECE80000000000000000000E000000000000000E
:10ECF800000000000000000000000000000000000C
:10ED080000000000000000000000000000000000FB
:10ED18000000980100000101478101001000000077
:10ED280045E30000CCB501001F500220FFFF0000A2
:10ED3800000000000000000000C0014000000000CA
:10ED480000000000000000000000000000000000BB
:10ED580000000000000000000090D003FF00000049
:10ED68009002000044050020440500200000000037
:10ED7800891B0100A8050020A00500209805002097
:10ED88000000000090050020A91C0100F51B0100EF
:10ED9800291C0100711C0100800500208805002045
:10EDA800A84702203A00003AAC4702203A00003A4D
:10EDB800B04702203A00003AB44702203A00003A2D
:10EDC800B84702203A00003ABC4702203A00003A0D
:10EDD800780500207C050020C0050020640500207F
:10EDE8005C0500205805002054050020B80B0707D3
:10EDF8000101010007080904000000FF01010000EB
:10EE080000080B00020202000009040000010202CF
:10EE18000000052400100105240100010424020259
:10EE280005240600010705810310000A09040100F2
:10EE3800020A0000000705820240000007050102DF
:10EE480040000000000902000000010080FA1201E1
:10EE58000002EF02014015190AC004040000000076
:10EE6800080B00020202000009040000010202006F
:10EE780000052400100105240100010424020205F4
:10EE8800240600010705810310000A090401000295
:10EE98000A00000007058202400000070501024041
:04EEA8000000000066
:10EEAC000000000000000000000000000000000056
:04EEBC000000000052
:10EEC0000000000000000000000000000000000042
:10EED0000000000000000000000000000000000032
:10EEE0000000000000000000000000000000000022
:08EEF00000000000000000001A
:04EEF8000000000016
:10EEFC000000000000000000000000000000000006
:10EF0C0000000000000000000000000000000000F5
:10EF1C0000000000000000000000000000000000E5
:10EF2C0000000000000000000000000000000000D5
:10EF3C0000000000000000000000000000000000C5
:10EF4C0000000000000000000000000000000000B5
:10EF5C0000000000000000000000000000000000A5
:0CEF6C0000000000000000000000000099
:10EF78005007002050070020B4BF02200000000006
:0CEF880008000000100000000000000065
:10EF940000000000809E02204C20000000000000C1
:10EFA400000000000000000034C002200040000007
:10EFB400000000000000000000000000809C02200F
:0CEFC4000002000000000000000000003F
:10EFD000A8070020A8070020000000000000000093
:10EFE0000E000000BC070020BC070020000000004D
:10EFF000000000000E000000D0070020D007002015
:10F0000000000000000000000E000000E4070020E7
:10F01000E407002000000000000000000E000000D7
:10F02000F8070020F80700200000000000000000A2
:10F030000E0000000C0800200C080020000000005A
:10F04000000000000E000000200800202008002022
:10F0500000000000000000000E0000003408002046
:10F060003408002000000000000000000E00000036
:10F0700048080020480800200000000000000000B0
:04F080000E0000007E
:10F084005C0800205C08002007000000100000005D
:10F09400CCBE02203CBF0220CCBE0220CCBE02204B
:10F0A4000000000000000000840800208408002004
:10F0B4000C0000000A0000003CBF0220B4BF022084
:10F0C4003CBF02203CBF0220000000000000000002
:10F0D400AC080020AC08002000000000FFFFFFFF88
:10F0E400BC080020BC080020010000000100000052
:10F0F400CC080020CC080020000000000100000023
:10F10400DC080020DC0800200000000001000000F2
:10F11400EC080020EC0800200400000004000000BB
:0CF12400FC080020FC0800200000000097
:08F13000080900200809002075
:10F138000000000000000000180900201809002045
:10F14800200020000A0000000B760100A8B401008E
:04F15800340003205C
:10F15C0087BB010000000000000000000000000060
:10F16C0000000000000000001C9F010000000000D7
:10F17C000000000000000000000000000000000083
:10F18C000000000000000000000000000000000073
:10F19C000000000000000000000000000000000063
:10F1AC000000000000000000000000000000000053
:10F1BC000000000000000000000000000000000043
:0CF1CC002E0600200000000000000000E3
:10F1D80000000000C0030020000000000000000044
:10F1E800000000000000000000000000AC0100204A
:10F1F8000000000000000000000000000000000007
:10F20800000000008C010020000000000000000049
:08F218000000000000000000EE
:04F2200015E015E000
:040000030000A6C192
:00000001FF
