:10100000000F01209D970000B35001008997000058
:101010008997000089970000899700000000000070
:10102000000000000000000000000000899800009F
:1010300089970000000000006D9B00008997000068
:10104000259C0000259C0000259C0000259C00009C
:10105000259C0000259C0000259C00001D2B000005
:10106000259C0000259C0000259C0000259C00007C
:10107000259C0000259C0000259C0000259C00006C
:10108000259C0000259C0000259C0000259C00005C
:10109000259C0000259C0000259C0000259C00004C
:1010A000259C0000259C0000259C0000259C00003C
:1010B000259C0000259C0000259C0000259C00002C
:1010C000259C0000259C0000259C0000259C00001C
:1010D000259C0000259C0000259C0000259C00000C
:1010E000259C0000259C0000259C0000259C0000FC
:1010F000259C0000259C0000259C0000259C0000EC
:1011000081F0004102E000BF83F0004330B54FEAB8
:1011100041044FEA430594EA050F08BF90EA020F25
:101120001FBF54EA000C55EA020C7FEA645C7FEAB8
:10113000655C00F0E2804FEA5454D4EB5555B8BFDB
:101140006D420CDD2C4480EA020281EA030382EA4C
:10115000000083EA010180EA020281EA0303362DDE
:1011600088BF30BD11F0004F4FEA01314FF4801CB1
:101170004CEA113102D0404261EB410113F0004FC3
:101180004FEA03334CEA133302D0524263EB43037A
:1011900094EA050F00F0A780A4F10104D5F1200E18
:1011A0000DDB02FA0EFC22FA05F2801841F1000173
:1011B00003FA0EF2801843FA05F359410EE0A5F147
:1011C00020050EF1200E012A03FA0EFC28BF4CF078
:1011D000020C43FA05F3C01851EBE37101F000452E
:1011E00007D54FF0000EDCF1000C7EEB00006EEB3B
:1011F0000101B1F5801F1BD3B1F5001F0CD34908C5
:101200005FEA30004FEA3C0C04F101044FEA44521B
:1012100012F5800F80F09A80BCF1004F08BF5FEAA2
:10122000500C50F1000041EB045141EA050130BD82
:101230005FEA4C0C404141EB0101013C28BFB1F594
:10124000801FE9D291F0000F04BF01460020B1FADF
:1012500081F308BF2033A3F10B03B3F120020CDAB2
:101260000C3208DD02F1140CC2F10C0201FA0CF090
:1012700021FA02F10CE002F11402D8BFC2F1200CF5
:1012800001FA02F120FA0CFCDCBF41EA0C019040AB
:10129000E41AA2BF01EB0451294330BD6FEA0404F4
:1012A0001F3C1CDA0C340EDC04F11404C4F12002DF
:1012B00020FA04F001FA02F340EA030021FA04F3F1
:1012C00045EA030130BDC4F10C04C4F1200220FA48
:1012D00002F001FA04F340EA0300294630BD21FA86
:1012E00004F0294630BD94F0000F83F4801306BF4C
:1012F00081F480110134013D4EE77FEA645C18BF40
:101300007FEA655C29D094EA050F08BF90EA020FD6
:1013100005D054EA000C04BF1946104630BD91EACE
:10132000030F1EBF0021002030BD5FEA545C05D1D1
:101330004000494128BF41F0004130BD14F5800410
:101340003CBF01F5801130BD01F0004545F0FE4184
:1013500041F470014FF0000030BD7FEA645C1ABFB9
:10136000194610467FEA655C1CBF0B46024650EAF0
:10137000013406BF52EA033591EA030F41F400211C
:1013800030BD00BF90F0000F04BF0021704730B5A2
:101390004FF4806404F132044FF000054FF0000177
:1013A00050E700BF90F0000F04BF0021704730B538
:1013B0004FF4806404F1320410F0004548BF40420D
:1013C0004FF000013EE700BF42004FEAE2014FEA62
:1013D00031014FEA02701FBF12F07F4393F07F4F3D
:1013E00081F06051704732F07F4208BF704793F040
:1013F0007F4F04BF41F40021704730B54FF4607453
:1014000001F0004521F000411CE700BF50EA010255
:1014100008BF704730B54FF000050AE050EA0102FE
:1014200008BF704730B511F0004502D5404261EB6E
:1014300041014FF4806404F132045FEA915C3FF4AF
:10144000D8AE4FF003025FEADC0C18BF03325FEA4C
:10145000DC0C18BF033202EBDC02C2F1200300FAFD
:1014600003FC20FA02F001FA03FE40EA0E0021FA22
:1014700002F11444BDE600BF7BB972B90029BEBFBA
:1014800000204FF0004106E008BF00281CBF6FF0AD
:1014900000414FF0FF3000F057B8ADF1080C6DE996
:1014A00004CE002909DB002B1ADB00F069F8DDF817
:1014B00004E0DDE9022304B07047404261EB4101E2
:1014C000002B1BDB00F05CF8DDF804E0DDE9022313
:1014D00004B0404261EB4101524263EB4303704769
:1014E000524263EB430300F04BF8DDF804E0DDE922
:1014F000022304B0404261EB41017047524263EB6A
:10150000430300F03DF8DDF804E0DDE9022304B018
:10151000524263EB4303704753B94AB9002908BFED
:1015200000281CBF4FF0FF314FF0FF3000F00CB827
:10153000ADF1080C6DE904CE00F022F8DDF804E00E
:10154000DDE9022304B07047704700BF10F8012B9B
:1015500011F8013B012A28BF9A42F7D0D01A7047F0
:10156000034611F8012B03F8012B002AF9D170472B
:10157000034613F8012B002AFBD1181A01387047D3
:101580002DE9F0478C468E46089E154604461946BE
:10159000002B40F0D080724547D9B2FA82F74FB1A4
:1015A000C7F120030EFA07FC20FA03F3BD4043EA1B
:1015B0000C0CBC404FEA154EA8B2BCFBFEF8230C45
:1015C0000EFB18CC08FB00F943EA0C43994528D9D7
:1015D000EB1808F1FF3204D2994502D9A8F10202B2
:1015E0002B44A3EB0903A4B2B3FBFEFC0EFB1C339C
:1015F0000CFB00F044EA0344A04214D92C190CF16E
:10160000FF3304D2A04202D9ACF102032C44241AC5
:1016100043EA02401EB1FC40002334607360BDE821
:10162000F0874246DDE76346F1E7002A79D0B2FA57
:1016300082F3002B3FD01946C1F1200302FA01F5D5
:101640002EFA03F20EFA01FE20FA03F343EA0E0328
:101650004FEA154E00FA01F4B2FBFEFCAFB20EFBEE
:101660001C201A0C0CFB07F842EA004290455AD99C
:10167000AA180CF1FF3004D2904502D9ACF1020057
:101680002A44A2EB08029BB2B2FBFEFC0EFB1C221A
:101690000CFB07F743EA02439F4246D9EB180CF1D3
:1016A000FF3204D29F4202D9ACF102022B44DB1B71
:1016B00042EA004202E0AEEB020301224FEA154E7D
:1016C000AFB2B3FBFEFC200C0EFB1C330CFB07F887
:1016D00040EA034398452AD9EB180CF1FF3004D2B5
:1016E000984502D9ACF102002B44A3EB0803A4B245
:1016F000B3FBFEFC0EFB1C330CFB07F744EA034470
:10170000A74216D92C190CF1FF3304D2A74202D9F3
:10171000ACF102032C44E41B43EA00400F4611469F
:1017200078E71F2188E76046ABE76246BFE760467F
:10173000DBE76346EFE7734506D916B90021084693
:101740006DE7C6E9000EF9E7B3FA83F787B9734589
:1017500001D3824207D8841A6EEB030301209C4612
:101760001EB900215BE73846FAE7C6E9004CF8E706
:10177000C7F1200CBB4022FA0CF51D4320FA0CF1F6
:101780002EFA0CF30EFA07FE41EA0E014FEA154954
:1017900000FA07F4B3FBF9F81FFA85FE09FB1830CD
:1017A0000B0C08FB0EFA43EA00439A4502FA07F2D3
:1017B00040D9EB1808F1FF3004D29A4502D9A8F1BC
:1017C00002002B44A3EB0A0389B2B3FBF9F809FB2F
:1017D000183308FB0EFE41EA03418E452CD96918E7
:1017E00008F1FF3304D28E4502D9A8F1020329443F
:1017F00043EA0040A0FB0298A1EB0E014145CE4612
:10180000434602D306D14C4504D2B9EB020E68EB35
:1018100005030138002EA4D0B4EB0E0261EB0301E6
:1018200001FA0CFC22FA07F34CEA0303F940C6E97B
:10183000003196E74046C5E74346D9E7000000007F
:101840002DE9F047064688B00F46904616F046FF51
:101850004FF47A73A0FB034503FB0155E40B012F02
:1018600044EA45444FEAD53507D1294922462B465B
:10187000304612F0A0FB002012E0D8F80470254892
:101880003946FFF763FE70B123483946FFF75EFE25
:1018900048B1304621493A4612F0A9FB6FF00400E6
:1018A00008B0BDE8F0872046294617A3D3E90023F6
:1018B000FFF7E2FD05460C4610461946184A00237C
:1018C000FFF7DAFD80460F46104619464EF66022B5
:1018D0000023FFF7D1FD82468946104619464FF492
:1018E0007A720023FFF7C8FDCDE902A9CDE90623EE
:1018F000CDE90401CDE900870A492A46234630464E
:1019000012F059FBB7E700BF005C2605000000009D
:10191000B7B70100C8B70100CBB70100D4B70100C9
:1019200080EE3600ECB701002DE9F04F87B0054698
:10193000039117461E46836804AA5B6898470028EF
:1019400031DBDDE9044AA7FB04B307FB0A3758463D
:1019500019A3D3E900233946FFF7DEFDDFF86080E5
:1019600002904FF0FF39D94578EB07031ED3A6FB51
:1019700004B406FB0A4410A3D3E9002321465846C9
:10198000FFF7CAFDD94578EB040403460ED302994C
:10199000AA6899420DD3BDF84010009114682846FA
:1019A000DDE90221A04707B0BDE8F08F6FF08500A8
:1019B000F9E76FF01500F6E700CA9A3B0000000057
:1019C000FFC99A3BF8B53B4C236803F00703022B91
:1019D00000AF14D96D4688B06A46374B0593374B34
:1019E00006934FF40073ADF81C30354B42F8103FAE
:1019F00000234FF4E651204604F0DEFCAD4600F033
:101A000081F8031E0ADA2268510704D02D4A2948BA
:101A1000012112F028F80020BD46F8BD00F098FA28
:101A200001F05AF901F0A8FE031E08DA226812F04C
:101A3000060F04D0244A1F48022112F014F802F0C5
:101A4000D5FC02F019FA031E07DA2268520704D007
:101A50001E4A1848012112F006F802F04BFD2368D7
:101A600003F00703022BD6D901F036FF184E194AAE
:101A7000022818BF164601F035FF044600F04AFC64
:101A8000154A164B6D468AB0002818BF13466A46A1
:101A90001349CDE90743134B0993134BCDE90516C1
:101AA00042F8103F034800234FF4435104F084FCF4
:101AB000AD46B0E72407002032A701004EA7010081
:101AC000030000015CA701006EA701007DA70100D3
:101AD000DDB301001EA7010027A7010025A7010013
:101AE0008EA701000002020405000002052804D8A8
:101AF000034B03EBC00010F054BF6FF015007047AC
:101B00009099010010B529484FF4B012062110F049
:101B10005CFF044650B1264803685B0704D0254AA1
:101B20002346012111F09FFF204610BD22484FF4AB
:101B3000B012042110F049FF044630B11C4803687C
:101B40005907F1D01D4A2346EBE71D484FF4803278
:101B5000042110F03AFF044630B1154803685A07D3
:101B6000E2D0184A2346DCE717484FF480320821B8
:101B700010F02BFF044630B10D4803685B07D3D04B
:101B8000124A2346CDE712484FF48032092110F063
:101B9000D8FE002808DB01210420FFF7A7FF012160
:101BA0000520FFF7A3FFBFE70446BDE790990100BA
:101BB000D4060020ADA7010070990100BFA7010065
:101BC00050990100D5A7010010990100E6A7010076
:101BD0008C8F0100052808B509D8064B03EBC0001F
:101BE00010F0CAFE0028D4BF0020012008BD00204C
:101BF000FCE700BF90990100F8B50D4E04460025A2
:101C00003746AC4203D00021304610F0CAFE013501
:101C1000042D06F10806F4D1E3B2032B06D807EB36
:101C2000C4000121BDE8F84010F0BBBE0020F8BDA3
:101C300070990100024B00F00F00185C704700BF64
:101C400002D70100F8B500240A4E25460127304688
:101C500010F092FE0028C8BF07FA04F304F1010453
:101C6000C8BF1D43042C06F10806F0D1024B585D95
:101C7000F8BD00BF5099010002D7010008B5044823
:101C800010F07AFE0028D4BF0020012008BD00BF5C
:101C90000899010008B5084816F001F950B907483D
:101CA00003685B0703D0064A012111F0D3FE6FF0F1
:101CB000120008BD0020FCE70C900100E4060020A3
:101CC000FEA70100F0B5032887B006460C4633D8BE
:101CD0001B4BB1F5807F1A5C28BF4FF48074230A38
:101CE00043EA021302278DF8083002AB8DF8094051
:101CF000039304978DF8147012489DF8143082688D
:101D00003B438DF8143095682C23012203A9A84782
:101D1000054628B90C4B23F81640284607B0F0BDFD
:101D20000A48036813F0060FF7D0094A00953346B6
:101D3000394611F0A2FEF0E76FF01505EDE700BFA0
:101D400012D701000C90010054BB0020E4060020D3
:101D500010A80100104A9FED117ADFED116A9FED86
:101D6000116A0023F2EC017AF0EEE75AF4EE475ADA
:101D7000F1EE10FA0ED8F4EEE67AF1EE10FA09D987
:101D8000F4EEC67AF1EE10FA04DC0133052BE9D14A
:101D90000120704700207047DC1C0020FFFF7F7F80
:101DA0006F12833A0050C3479FED097A00F1140384
:101DB000F0EC017AF0EEE77AF4EE477AF1EE10FA01
:101DC00003D89842F4D1012070470020704700BF2B
:101DD000FFFF7F7F30B413460446044882681568CD
:101DE0000A46AC46214630BC604700BF4C9001001B
:101DF00002460B4601480DF0A1BB00BFD0070020F2
:101E000001480DF00DBC00BFD007002038B50446D6
:101E10000F4816F044F8B0B19C2221464FF40070F0
:101E2000FFF7D8FF00280DDB22680A4B9A4207D142
:101E30009421201DD4F8985014F048FC854205D018
:101E40006FF04C0038BD6FF01200FBE70020F9E79F
:101E50004C90010050504B322DE9F34105460E469F
:101E6000174698460D48826854680A462946A04796
:101E7000044640B942463146384616F014FD204625
:101E800002B0BDE8F081064803685B07F7D0054A59
:101E900000942B46012111F0F0FDF0E74C90010079
:101EA0000407002032A8010010B5214C4FF0FF308C
:101EB0004FF0FF31FFF79CFF6A22002104F1280058
:101EC00016F018FD1B4B23601B4B63601B4BA3607C
:101ED0001B4BE3601B4B23614FF07E536361A36197
:101EE000E361236263626366A366E36623676367F5
:101EF000A367E367C4F88030C4F88430C4F888303E
:101F0000802240F6B833A4F88C30A4F89220012344
:101F10004FF0805284F89030126EA4F88E200A4A56
:101F200000211170094A1370BDE81040FFF768BF27
:101F3000DC1C00207BF48044CD4CCB426666224101
:101F4000D7A3703FC520303D6BBB00206ABB00208B
:101F50002DE9F04FC5B000AFB248B34D15F09FFF6B
:101F600088B92B685A0704D0B04A0121284611F0DD
:101F700071FDFFF799FF6FF01204204607F58A778D
:101F8000BD46BDE8F08F07F10C0640F20112314664
:101F90000020FFF71FFF041E0BDA2B685B0705D03C
:101FA000A34A23460121284611F05DFDFFF77CFF7F
:101FB000E3E74FF0FF304FF0FF31FFF719FFB64670
:101FC000BEE80F009B4CA446ACE80F00DEF80030E2
:101FD000CCF8003007F1200EBEE80F0004F1140C1D
:101FE000ACE80F00DEF80030CCF8003007F1340E1A
:101FF000BEE80F0004F1280CACE80F00DEF800305A
:10200000CCF8003007F1480EBEE80F0004F13C0C9C
:10201000ACE80F00DEF80030CCF8003007F15C0EC1
:10202000BEE80F0004F1500CACE80F00DEF8003001
:10203000CCF8003007F1700EBEE80F0004F1640C1C
:10204000ACE80F00DEF80030CCF8003007F18C0E61
:10205000BEE80F0004F1780CACE80F00DEF80030A9
:10206000CCF80030B6F8788096F8FB9096F8FCB083
:10207000B6F8FFA0A4F88C804FF0805384F89090BD
:1020800084F891B0A4F892A01B6E6B48A4F88E302F
:102090009422214616F007FCFFF75CFE2B68674E82
:1020A0007B60002800F0E280012304F1140033700B
:1020B000FFF77AFE48B9DFF8A4C1BCE80F0004F1CD
:1020C00014060FC6DCF8003033605D48FFF76CFE85
:1020D00040B9DFF88CC15A4EBCE80F000FC6DCF8DF
:1020E000003033605748FFF75FFE014618B9554886
:1020F000142216F0FFFB5448FFF756FE014618B9AC
:102100005148142216F0F6FB5048FFF74DFE0146E9
:1021100018B94E48142216F0EDFB4D48FFF744FE67
:1021200040B9DFF840C14A4EBCE80F000FC6DCF8EA
:1021300000303360464A05234FF07E51B2EE047AF8
:10214000F2EC017AF5EEC07AF1EE10FA04D9F4EE71
:10215000C77AF1EE10FA01DD42F8041C013BEFD121
:10216000A8F5487841F268031FFA88F8984588BFB7
:1021700040F6B83309F1FF3988BFA4F88C30B9F1C3
:10218000010F84BF012384F89030BBF1010F84BF9D
:10219000002384F89130BAF5807F2E4B8CBF01224A
:1021A00000221A700CD97B6813F0060F05D02A4A5A
:1021B0001D485346022111F056FC8023A4F89230AA
:1021C0002B6803F00703022B28D92068FFF7FCF8DF
:1021D000804620698946FFF7F7F8B4F88CC094F878
:1021E0009060B4F8925094F891306C468EB06A4684
:1021F000DFF874E0CDF814E0CDE90C530A23CDE903
:102200000689CDE90801CDE90AC642F8103F064823
:10221000002345F2C00104F0CFF8A546FFF7F0FD1A
:102220000024AAE64C9001000407002050A80100F9
:1022300061A80100DC1C0020481C00206BBB0020B2
:10224000401D0020041D0020181D00202C1D002012
:10225000541D00206ABB002078A80100D499010019
:10226000249A0100389A0100ABA801007B6813F0A2
:10227000060F04D01D4A0221284611F0EBFB6A220A
:102280001B48002116F036FB1A4B23601A4B636083
:102290001A4BA3601A4BE3601A4B23614FF07E5335
:1022A0006361A361E361236263626366A366E366BD
:1022B00023676367A367E367C4F88030C4F884309A
:1022C000C4F88830802240F6B833A4F88C30A4F8E3
:1022D000922001234FF0805284F89030126EA4F8BF
:1022E0008E2000223270084A137097E7ECA8010094
:1022F000041D00207BF48044CD4CCB426666224115
:10230000D7A3703FC520303D6ABB0020004870470E
:10231000DC1C0020014B1878704700BF6BBB00200D
:10232000014B1878704700BF6ABB002030B5A7B0DA
:10233000254815F0B4FD002842D04FF0FF304FF093
:10234000FF31FFF755FD2149214D942201A816F0D8
:10235000AAFABDF89030ADF800301E4A0223694653
:10236000782010F04BFBBDF89030A5F88C30044677
:1023700008BB142305F178021FA9802010F03EFB52
:102380000446C0B9012305F1900225A9FB2010F0F5
:1023900035FB044678B9BDF89630ADF8003005F14C
:1023A000920202236946FF2010F028FBBDF8963008
:1023B000A5F892300446FFF723FD204627B030BD34
:1023C0006FF01204F9E700BF4C900100DC1C002004
:1023D000481C0020D41C002002484FF48032002307
:1023E0000DF0DCBB0000002030B5A9B0124C204637
:1023F00015F055FDE8B14FF0FF304FF0FF31FFF71A
:10240000F7FC0E4B0E490193942202A816F04BFAEA
:10241000FFF7F6FC942102A814F058F92790A3685E
:1024200001AA5D684FF400719C232046A84729B09B
:1024300030BD6FF01200FAE74C90010050504B3263
:10244000DC1C002070B5A8B001A8FFF7DFFCE8B9DC
:102450004FF0FF304FF0FF3120ADFFF7C9FC0FCD3B
:102460000B4E06F178040FC42B682360BDF894303E
:10247000A6F88C309DF8983086F89030BDF89A30E8
:10248000A6F89230FFF7BCFCFFF750FF28B070BDF4
:10249000DC1C00202DE9F04FC34CAFB006460D46C2
:1024A0004FF0FF304FF0FF31FFF7A2FC214694229E
:1024B00009A816F0F8F9B4F88E30059394F8903026
:1024C0000493B4F8923094F89170B4F88C9003931C
:1024D000FFF796FCB54B0E934FF07E532293B44A10
:1024E0003B46294630460EF0F1FD041E03DA00207B
:1024F0002FB0BDE8F08FAC42F9D209AF4FF0000821
:1025000057F8040BFEF760FFA5EB040B06EB040A7B
:10251000CDE90001A74A4346594650460EF0D6FD84
:102520000028E4DB8345E2D908F10108B8F1050F82
:102530000444E5D10DF1380A4FF000085AF8040BB5
:10254000FEF742FFA5EB040B3719CDE900019A4ACB
:102550004346594638460EF0B9FD0028C7DB83458F
:10256000C5D908F10108B8F1050F0444E6D10DF111
:10257000880A4FF000085AF8040BFEF725FFA5EB78
:10258000040B3719CDE900018C4A434659463846B9
:102590000EF09CFD0028AADB8345A8D908F10108AC
:1025A000B8F1050F0444E6D10DF14C0A4FF00008D4
:1025B0005AF8040BFEF708FFA5EB040B3719CDE919
:1025C00000017F4A4346594638460EF07FFD0028F9
:1025D0008DDB83458BD908F10108B8F1050F044460
:1025E000E6D12F1B774A4B46394630190EF06EFD67
:1025F0000028FFF67CAF87427FF679AF0444A5EB55
:102600000409059B704A494630190EF05FFD071E0C
:10261000FFF66DAFB9457FF66AAF2744A5EB070813
:10262000049B6A4A4146F0190EF050FD041EFFF665
:102630005EAFA0457FF65BAF3C444FF0000918AF9A
:1026400057F8040BFEF7C0FEA5EB040806EB040ADE
:10265000CDE900015E4A4B46414650460EF036FD3C
:102660000028FFF644AF80457FF641AF09F101092C
:10267000B9F1050F0444E3D11DAF4FF0000957F83D
:10268000040BFEF7A1FEA5EB040806EB040ACDE956
:102690000001504A4B46414650460EF017FD0028B7
:1026A000FFF625AF80457FF622AF09F10109B9F1A8
:1026B000050F0444E3D127AF4FF0000957F8040B8E
:1026C000FEF782FEA5EB040806EB040ACDE9000143
:1026D000414A4B46414650460EF0F8FC0028FFF6B2
:1026E00006AF80457FF603AF09F10109B9F1050F87
:1026F0000444E3D1A5EB0408039B384A4146301952
:102700000EF0E4FC071EFFF6F2AEB8457FF6EFAE22
:1027100008A907A800F004FE0798FEF755FE274415
:10272000F419A5EB0708CDE900012D4A20464146E2
:102730000EF0CCFC041EFFF6DAAEA0457FF6D7AE55
:102740000898FEF741FE3C443719A5EB0408CDE993
:102750000001244A384641460EF0B8FC071EFFF639
:10276000C6AEB8457FF6C3AE2744A5EB07081E4AA0
:102770004CF250334146F0190EF0A8FC041EFFF64F
:10278000B6AEA0457FF6B3AE3C442D1B174A294692
:1027900030190EF09BFC0028FFF6A9AE85427FF6AB
:1027A000A6AE2044A4E600BFDC1C00204A1EEC1F9D
:1027B0001FA901002FA901003BA9010048A90100A0
:1027C00055A9010061A901006AA9010072A90100CF
:1027D0003CA9010049A901007CA9010089A90100C7
:1027E00091A901009CA90100A8A90100B8A90100B4
:1027F00073B500220E466946054610F8013B2BB121
:10280000A3F13004092C01D9072A41D102F10803B0
:102810000DEB03024FF0FF3000234FF0FF3102F8C1
:10282000083CFFF7E5FA2B78002B64D0494968464D
:10283000FEF78CFEA8B348496846FEF787FE90B3C2
:1028400046496846FEF782FE78B345496846FEF77A
:102850007DFE60B343496846FEF778FE48B34249BF
:102860006846FEF773FE30B34049414C6846FEF7B8
:102870006DFE002818BF0024284616F043F80546D0
:10288000DCB96FF01504FFF7BBFA204602B070BD4B
:10289000A3F14104192C98BF203301F8013B013208
:1028A000AAE7344CE8E7344CE6E7344CE4E7344C30
:1028B000E2E7344CE0E7344CDEE70028E1DB0428B3
:1028C000DFD8002130460EF02BFCDFED307AB0EE81
:1028D000C07AB4EE677AF1EE10FAD2D8254B04EB49
:1028E00085059C4285ED000A03D1FFF733FA284B9A
:1028F00018700024C7E727496846FEF727FE0246FE
:1029000038B9014630460EF00DFE1A4BA3F88C0084
:10291000EFE721496846FEF719FE024638B901463D
:1029200030460EF0FFFD134B83F89000E1E71B49A2
:102930006846FEF70BFE04460028A2D10246014677
:1029400030460EF0EFFD0B4BA3F89200144B1C70B9
:10295000CFE700BFB0C60100BDA90100C0A90100BA
:10296000C3B10100A6A70100C1A90100C3A90100CC
:10297000541D0020DC1C0020F01C0020401D002005
:10298000041D0020181D00202C1D0020FFFF7F7F4C
:102990006BBB0020C6A9010063C70100CAA90100E2
:1029A0006ABB002070B504460D461646064815F071
:1029B00076FA30B1324629462046BDE87040FFF72E
:1029C00009BA6FF0120070BD4C900100174A002345
:1029D0004FF0FF31C2F80035C2F808130321C2F8E6
:1029E000F015C2F8F8351A46190101F1804101F5D8
:1029F000E0410133082BC1F81025C1F81425F3D1AB
:102A00000A4BC3F80021D3F80011C3F80421D3F80E
:102A10000411C3F80821D3F80811C3F80C21D3F826
:102A20000C11C3F81421D3F8143170470070004022
:102A30000E4B0F4A19780F4B0F4842EA0141C3F879
:102A400018150821C3F810150621C3F814150078CD
:102A500042EA0042C3F828250522C3F820250022B7
:102A6000C3F82415C3F8F425704700BFD005002033
:102A70000003100000700040CF05002073B5002354
:102A80000D461646ADF80630FFF7A0FF42681E4B14
:102A90001E4C43EA0223C4F818350378C4F81035F5
:102AA0000623C4F81435C4F8F4556B440125C4F862
:102AB0002C364FF47A71C4F830564FF48070C4F855
:102AC000005525600FF0BAFFD0B9656047F230516C
:102AD0004FF482700FF0B2FF05460123A3604FF45C
:102AE0007A714FF48A700FF0A9FF0023C4F8003503
:102AF0001DB9BDF806301BB23360284602B070BD68
:102B00006FF07305E9E700BF000015010070004099
:102B100001480CF085BD00BFA8070020684620F0E2
:102B200007018D462DE9F143504A51480123936432
:102B3000D2F8486502F588325364D2F84435D2F8A9
:102B400040259B1AB3F5C07F34BF1A09172250F8ED
:102B50002210013140F82210464A11688B4288BF8A
:102B60001360454B01225A64444AD3F84415136854
:102B70001160CB1A012B09D941490A68013A1A445C
:102B80000A60404A11688B4288BF13603E4A13684E
:102B9000013313603D4B0022C3F80421D3F8043104
:102BA0003B4B19885A884FF0A0430FB2D3F81085D9
:102BB000D3F810484FEA186303F00C0308F0030041
:102BC000184315B2FFF736F8072881461CD1314B60
:102BD0001B78CBB1304A536801335360234B012239
:102BE000DA642E4AD3F84C35126813449B1BB3FBAE
:102BF000F2F102FB11332A4A11688B4288BF13603D
:102C0000BDE8F143854670472648DFF8A0C0036859
:102C1000002FCCBFC7F38B010021002DC8BFC5F327
:102C20008B0203F1010505604FEA834000F47C004C
:102C30004FEA98284FEA0424DCF800501A4F40EA83
:102C4000086004F4003440EA0400C5F30B0E40EAC7
:102C5000893040EA010047F83E0007EBCE07D8BFB5
:102C6000002201357A60CCF80050B7E700A00040A0
:102C7000701D0020D01D002000A00140D41D0020A8
:102C8000E01D0020DC1D00206C1E002000700040B4
:102C90005CBB0020CE050020E41D00206001002068
:102CA000D81D0020701E00207C1E0020781E0020F1
:102CB000074B0022C3F84021D3F84021D3F8402528
:102CC00002F50072C3F8402502480CF02FBD00BF8A
:102CD00000A001409808002038B5012200210720FB
:102CE00006F014FE404C002201211A2006F00EFED0
:102CF000FFF76CFEFFF79CFE01230022C4F80035AD
:102D0000C4F81021D4F81021E36042F210714FF49E
:102D100088700FF093FE40B13448036813F0060F3B
:102D200003D0334A022110F095FE324B324D01217F
:102D30000020C4F800055960D960D3F8042522F0BA
:102D40000302C3F80425D3F8082542F00302C3F8B0
:102D500008254FF4A072C3F81005C3F8402570226F
:102D6000C3F84425D3F800220A43C3F8002203F530
:102D7000A833224AC3F81025A2F54552C3F81425FA
:102D80001F4AC3F81855C3F81C455160D160D2F8EA
:102D9000044524F003040C43C2F80445D2F8084566
:102DA00044F00304C2F808450832C3F82055C3F8BC
:102DB0002425C2F8FC1F02F6F872403242F8341C97
:102DC000D2F8C41421F00301C2F8C414D2F8C81414
:102DD00041F00301C2F8C814C2F8D004C3F8285562
:102DE000C3F82C2538BD00BF00700040300700201C
:102DF000CDA9010000A000400471004044A10040A2
:102E000000A001402DE9F843DFF8649143484FF0FA
:102E1000FF334FF0FF320CF091FB99F8003003F0D4
:102E2000FF051BB1FFF774FE002063E03C4FFFF786
:102E3000CDFDFFF7FDFD3B4BC7F82C364FF00208E8
:102E4000394BC7F830860124C7F800451A68374B5C
:102E500037481A60374B1D60374B1D60374B1D607C
:102E6000374B1D60374B1D60374B1D60374B602261
:102E700029461D6015F03EFD3548364E0CF0B0FC7D
:102E8000354BDC601C6003F580430822C3F8042541
:102E90004FF40072F460C6F84025C6F84051D6F8E9
:102EA00040214FF48032C6F804231A2006F0FEFCBD
:102EB00034600720C7F8048306F0F8FC3C604FF448
:102EC0007A714FF480700FF0B9FD244BA0B1244803
:102ED00003685B0703D0234A214610F0BBFD07209F
:102EE00006F0F2FC0E4B0022C3F80025FFF710FE9F
:102EF0006FF07300BDE8F8830422C3F80425C3F81B
:102F00000485C3F80445184B1A68184BC3F84025CC
:102F1000DC601C6089F8004084E700BFA80700203F
:102F2000007000405CBB0020781E0020741E002052
:102F3000701D0020701E00206C1E0020E01D00206F
:102F4000DC1D0020D81D0020D41D0020D01D002035
:102F50009808002000A0014000B0014000F00140AE
:102F600030070020EAA901006001002000A0004015
:102F70006CBB00202DE9F041DFF8A08021484FF024
:102F8000FF334FF0FF320CF0D9FA98F800301BB93C
:102F9000BDE8F041FFF7BCBD1B4B1C4D1C4E01248E
:102FA0005C600223C6F808450027C6F808350720EC
:102FB000C5F8083306F088FCC5F81471D5F814314B
:102FC000AC604FF47A714FF48A700FF037FD042330
:102FD000C5F80075C6F8083505F598350823C6F814
:102FE00008354FF48033C5F808331A2006F06CFC1E
:102FF000084B6C605C6088F8007007480CF096FB2A
:10300000C6E700BFA807002000A0004000700040F5
:1030100000F0014000B00140980800206CBB002087
:10302000014B1878704700BF6CBB002002460B466E
:1030300001480CF0AFBB00BF9808002010B50C4B46
:103040000C4A19681468081BB0F5805F0ED96FF43C
:103050002063184420F4FF7323F001032344064C3B
:103060001360A26802EB5022A260C81A10BD00BF14
:10307000781E0020741E0020E41D0020F8B50D46C7
:103080000446FFF7DBFFA842014628BF2946154D3D
:10309000154E2B680020271D81420DD113490A6867
:1030A000D21AB2F5805F124A15D993680133936042
:1030B0000B682B600020F8BD1A18C2F30B0206EB58
:1030C000C20C56F8322044F83020DCF8042047F8CF
:1030D00030200130E0E703442B60136803441360A1
:1030E000E9E700BF741E00207C1E0020781E00202F
:1030F000E41D002010B511498822044615F0D3FBC9
:103100000F4B104901221A64D3F8403523610E4B4E
:103110001B6863610D4B1B68A3610D4B1B68E3616A
:103120000C4B1B6823620C4B1B68636204F1280084
:103130006022BDE8104015F0B6BB00BFE41D0020C2
:1031400000A00140701D00206C1E0020E01D00202A
:10315000DC1D0020D81D0020D01D00202DE9F047E7
:103160001F46A2F5A073B3F5755F06460C4646D818
:10317000DFF89080C8F80020FFF744FE054640B114
:103180004FF4A073C8F800306FF073052846BDE80F
:10319000F0874FF47A7909FB06F60CB315F09EFA26
:1031A000A0FB090309FB0133C00B40EA4344CA46B4
:1031B00015F094FAA0FB0A0309FB0133C20B42EAA3
:1031C0004342121BB24209D3FFF7D4FE4FF4A0735F
:1031D0003846C8F80030FFF78DFFD7E700BFE7E7B4
:1031E00029464FF4004440F2E7304FF47A7200234E
:1031F000E6FB0401FEF790F915F090F9E4E76FF0B3
:103200001505C3E76001002007289DBF024B187019
:1032100000206FF015007047D0050020014B187892
:10322000704700BFD005002007289DBF024B1870D3
:1032300000206FF015007047CF050020014B187873
:10324000704700BFCF050020024B187880F00100C6
:10325000704700BF6CBB002002488822002115F097
:1032600049BB00BFE41D0020024AD3680133D3608C
:10327000704700BFE41D0020014B1870704700BF6D
:10328000CE050020014B1878704700BFCE05002006
:1032900006282DE9F34782460F46904637D8B1B34A
:1032A0004FF0FF331B484FF0FF320CF047F91A4B39
:1032B0001B7803F0FF053BB1FFF72AFC6FF00F040A
:1032C000204602B0BDE8F087144B2E4603EB0A1AE5
:1032D000A94601AA00215046FFF7D0FB044688B951
:1032E000019B01359E1949EBE379AF42F1D1FFF71C
:1032F0000FFC3A46234630464946FEF7BDF8C8F86B
:103300000000DDE7FFF704FC6FF07304D8E76FF00F
:103310001504D5E7A80700206CBB0020549A0100D3
:10332000024B0360024B0B60704700BF0000E1449A
:103330000000A040062873B504460E462FD84FF073
:10334000FF331A484FF0FF320CF0F8F8184B1B7897
:1033500033B1FFF7DDFB6FF00F04204602B070BD04
:10336000144D05EB041501AA08212846FFF786FB3A
:103370000446FFF7CDFBACB9DDED017A95ED027A9D
:10338000F8EEE77A67EE877A9FED0B7A67EE877A39
:1033900095ED037A67EE877AC6ED007ADDE76FF088
:1033A0001504DAE76FF07304D7E700BFA807002021
:1033B0006CBB0020549A01000000003902460B4605
:1033C00001480CF0BBB800BFE407002001480CF036
:1033D00027B900BFE407002030B52DED028B9FED2B
:1033E000168A83B004468DED018A0025F1EE088A25
:1033F000607801A9FFF79EFF002810DBDDED017A60
:103400008DB137EEC88AB0EEC88AB4EEE88AF1EE24
:1034100010FA08D8019B636001232373002003B0D6
:10342000BDEC028B30BD20690135B0EE678A0FF02C
:103430004DFB0C2DDCD1EDE700000000F8B52DEDC3
:10344000068B0446F0EE408AB0EE608AFFF7C4FFB8
:10345000054600286AD1DFED49AA1826B2EE00AA77
:1034600094ED019A78EEC97AB0EEE77AB4EECA7AB2
:10347000F1EE10FA5AD9B5EEC08AF1EE10FA59DD24
:1034800038EE6A7AB4EEC79AF1EE10FA52DDF5EE34
:10349000C07AF1EE10FA4DD56FF01F0167883944FC
:1034A000002961DDFF2961DC89B28F4261D02046AD
:1034B0000FF0D9FA00285FDB20690FF007FB2046E8
:1034C000FFF78AFF002857D16388DB1B2AD0D4ED91
:1034D000016AF0EE007A76EEC96AB0EEE67AB4EEF2
:1034E000E77AF1EE10FA1DDD07EE903AB8EEE77AD2
:1034F000C6EE877AF0EEE76AB6EE007AF4EEC76AB7
:10350000F1EE10FA0EDB9FED1E6AF4EEC66AF1EEE4
:1035100010FA9FBFD4ED026A67EE877A46EE877A8B
:10352000C4ED027A013E9BD16FF07305BDEC068BB2
:103530002846F8BD94ED027AC7EE879AB0EE690A84
:103540000FF0B4F910F11F0F0146A5DB18B12028C8
:10355000A8BF2021A2E7F5EEC09AF1EE10FACCBF89
:1035600001214FF0FF3199E700219EE74FF4807170
:103570009BE76FF02105D9E70546D7E70000A04299
:10358000000048432DE9F0472DED028BDFF89091C4
:10359000B9F8003007EE903AB3F5FA6FF8EE678AA3
:1035A00000AF1ED941F2873293421DD803F5FA735A
:1035B00007EE903AB8EEE78A524EC0B90123B0EE5A
:1035C000480A514833700FF057FA5048B0EE680A75
:1035D0000FF052FA04462046BD46BDEC028BBDE812
:1035E000F0879FED4B8AE7E79FED4A8AE4E7474D76
:1035F0002B7B002B6BD0D5ED017AF4EEE87AF1EE5F
:1036000010FA4CBF012400240120FEF7E3FADFF892
:1036100014A1012180460846FEF768FA9AF80030A6
:103620002BB90220FEF7E8FA02200FF04FFA002C27
:103630004FD0DFED390A3448B0EE480AFFF7FEFEFE
:10364000044610B110F1220F08D12F4B2F48D3EDB3
:10365000010AB0EE680AFFF7F1FE04469AF800305E
:103660001BB94FF0FF30FEF7C7FA44B9264B274885
:10367000D3ED010AB0EE680AFFF7E0FE04464146CA
:103680000120FEF733FA002314F1220F3370A2D188
:103690002248026812F0060F9DD0D5ED017A6988A4
:1036A000B9F800606D468AB0FDEEE77A6A46DFF849
:1036B00078C008910521CDE905C6CDED077A42F81D
:1036C000101F4FF4225102F077FEAD4683E701242C
:1036D0009AE70D4B1A7B8AB1D3ED010A0B48B0EE85
:1036E000680AFFF7ABFE044610B110F1220FB5D106
:1036F000DFED090A0448B0EE480AACE7DFED060A40
:10370000ECE700BF6DBB00206401002078010020C1
:1037100000401C4500E0AB450000000020070020F1
:10372000CC0500206EBB002007AA010008B50021CF
:103730000220FEF7DBF901210320FEF7D7F90C4840
:1037400041880FF090F90B4841880FF08CF9142054
:103750000FF0BCF901210846FEF7C8F9FFF760FC3D
:1037600080F00100BDE80840C0B2FFF70BBF00BF0A
:10377000640100207801002038B5FEF7C7FD05463A
:10378000FEF788FA041E35DBB5F88C3041F288323A
:10379000934228BF1346B3F5487F1B4A38BF4FF406
:1037A00048734FF0FF304FF0FF311380FFF706FEF4
:1037B000FEF7B6FD00BBB5F89210144B032019803C
:1037C0000024FEF77FFA124B214620461C70FEF7BC
:1037D0008DF94FF4404200230E480CF0ABF995F8F8
:1037E00090200D4B022A09D11A70FFF79FFF044663
:1037F000FFF7ECFD204638BD1821DEE701221A70E4
:103800000FF077F9F4E700BFCC05002060BB002083
:103810006EBB002030000020D105002038B5431ECB
:10382000012B044620D8124D4FF0FF304FF0FF31EE
:10383000FFF7C4FD2B78A34214D0022C2C700DD1BD
:10384000FFF774FF0446FEF761FD2B7880F8903097
:10385000FEF7C2FDFFF7BAFD204638BD0FF049F96B
:103860000024F0E70024F5E76FF01504F4E700BF4B
:10387000D105002038B541F28833984228BF184658
:1038800004464FF0FF314FF0FF30FFF797FD104B2C
:10389000104D1B78B4F5487F38BF4FF44874022BA5
:1038A0002C8012D1FFF7BCFB80F00100C0B2FFF703
:1038B00069FE0446FEF72AFD2B88A0F88C30FEF73F
:1038C0008BFDFFF783FD204638BD0024F2E700BFE3
:1038D000D1050020CC050020014B1878704700BFAF
:1038E000D1050020014B1888704700BFCC0500208F
:1038F000014B1878704700BF6EBB002008B54FF031
:10390000FF304FF0FF31FFF759FD074B1B7833B104
:10391000064B1B78022B02D10120FFF733FEBDE8D6
:103920000840FFF753BD00BF6DBB0020D10500204C
:1039300010B5014604460320FEF7C4F908B9014B4F
:103940001C8010BD60BB00202DE9F0472DED028BDF
:10395000DFF81091DFED428AB9F8005082B080465E
:103960000E462827B1EE008A6A4630210020FFF774
:103970008FFC00286CDB009BA8EB030A0AF1020312
:10398000042B6AD907EE90AAB8EEE70A80EE080A7F
:103990000EF08CFF10F10F0F04464EDB48B11028DB
:1039A000A8BF10242C44002C07DC002408E0254686
:1039B000DAE7BAF1000F43DD6C1CFF2C43DCA4B244
:1039C000AC4243D021460320FEF77CF900283FDBC0
:1039D00003200FF07BF801AA30210020FFF758FCEC
:1039E000002835DBDDE900239B1A83EAE372A2EBB2
:1039F000E372012A1ADD651B07EE903A07EE105AB2
:103A0000F8EEE77AB8EEC77AC7EE876AF0EEE67AA4
:103A1000B5EE007AF4EEC77AF1EE10FA06DBF4EEBA
:103A2000687AF1EE10FA98BFB0EE668A013FBED117
:103A3000A9F80040348000200AE06FF00F04B1E7DD
:103A40004FF0FF34AEE74FF48074B9E76FF0210018
:103A500002B0BDEC028BBDE8F0872C46E8E700BF62
:103A60000000C84360BB0020F0B583B000AF04463F
:103A7000FEF750FC38B3FEF749FC90ED0A0A0EF051
:103A800015FFB91DFFF760FF0346C8B90F4802686C
:103A900002F00702022A13D96D468AB0F9886A46F5
:103AA0000B4E07914FF40071ADF820100949CDE994
:103AB000056442F8101F4FF4135102F07DFCAD462F
:103AC0000C37BD46F0BD6420DBE700BF20070020B7
:103AD0003AAA01000400000110B50446FFF7A0FA5D
:103AE00038B9044B1B7823B92046BDE81040FFF7D6
:103AF000BBBF10BD6EBB00200148FFF7EDBF00BF8C
:103B00009DB9010038B54FF0FF3104464FF0FF304A
:103B1000FFF754FC0A4D44B12B7833B9094B1B789D
:103B2000022B02D10848FFF7D7FF214600202C7056
:103B3000FDF7DCFF0446FFF749FC204638BD00BF17
:103B40006EBB0020D10500205EAA010038B50546F5
:103B50000C464FF0FF304FF0FF31FFF72FFC1E4BAC
:103B60001B782B701D4B1B886B801D4B1B782B719A
:103B70001C4B1B786B711C4B1B88EB801B4B5B88B1
:103B80002B811B4B5B886B81FEF778F8194B2877EC
:103B9000AB616B612B61EB60D4B105F10C010220CC
:103BA000FFF7C8FB044698B905F110010320FFF7A1
:103BB000C1FB044660B905F114010420FFF7BAFB0C
:103BC000044628B905F118010520FFF7B3FB0446A8
:103BD000FFF7FCFB204638BDD1050020CC050020B6
:103BE0006EBB00206DBB002060BB00207801002070
:103BF000640100200000C07F08B54B781BB900F0BD
:103C00000BFA002008BD06F01FF8024B6FF085028A
:103C10001A50F6E70C00000008B513464A78212A2E
:103C20000BD1CA880169072A28BF0722083103F18E
:103C30000C0011F0BEFA002008BD06F005F8024B9A
:103C40006FF085021A50F6E70C00000030B54B7893
:103C5000072B87B00C46154608D0082B15D005F069
:103C6000F3FF0D4B6FF085021A500BE0684600F031
:103C7000B5F9E288182A28BF1822694605F10C0018
:103C800011F097FA002007B030BDCA880349132A03
:103C900028BF1322F2E700BF0C00000016D7010076
:103CA000F8B507690B7E16463A680C4692F83D1047
:103CB0009942054616D136B9218A21B1104B1B68AD
:103CC0000BB1E0689847204606F0BEFC012107F1E1
:103CD00014000EF03EFF713602D028460EF049FF68
:103CE0000020F8BD92F836209A42204605D106F011
:103CF000ABFC04480BF01AFDF2E706F0A5FCEFE779
:103D0000809E0020C8080020024B1860024B1960FA
:103D1000704700BF809E00207C9E0020064BBFF3B2
:103D20005B8F1868BFF35B8F10F001001CBF33F886
:103D3000040C00F001007047D401002010B5044BC2
:103D40001A6822B1FFF7EAFFBDE81040104710BD26
:103D50007C9E002038B50369BFF35B8F044603F1F6
:103D6000140050E8003F43F0010340E80032002A0D
:103D7000F7D1BFF35B8F01210EF0EBFE07480BF08C
:103D80002FFD042505480BF0D1FC013DFAD120465A
:103D90000EF0EFFEBDE83840FFF7D0BFC8080020A6
:103DA00008B503694878202808D0222812D005F0E9
:103DB0004BFF0B4B6FF085021A5009E0C9880729A9
:103DC00006D1D268116899609188998192799A7325
:103DD000002008BD4A881A82FFF7B0FFF8E700BF4D
:103DE0000C00000070B50C461F49064691F836508D
:103DF0001E49BFF35B8F0968BFF35B8FC9072DD5E1
:103E00001B480BF0C7FC60BB29461A48224612F03B
:103E100081F8054630B916480BF088FC6FF00B04AA
:103E2000204670BD224631460C3004F03F0411F0AC
:103E3000C0F9B4FA84F46B7E0E48640964F3C303DA
:103E40006B76294612F06AF804460028E8D0284626
:103E500006F0FAFB06480BF069FCE1E76FF07F041F
:103E6000DEE76FF00A04DBE7E0050020D401002064
:103E7000C8080020AC01002037B54FF080520D215A
:103E8000D2F8A830D2F8A42000929BB2424A43480C
:103E9000434D43F440430DF019F94048FDF768FBEA
:103EA0000130400028753F493F4811F0C6FA0446EA
:103EB00088B93E493C4811F0C0FA044658B93C491B
:103EC000394811F0BAFA044628B93748294611F0A2
:103ED000B4FA044638B1374803685B074CD0364A19
:103EE0002346012146E00146344A2F4811F08CFD5B
:103EF000044630B12F4803685D073DD0304A234661
:103F0000EFE702462F492848012311F057FE0446E7
:103F100078B902462C492448012311F04FFE04468B
:103F200038B9024629492048012311F047FE0446CA
:103F300030B12048036859071ED0254A2346D0E7F0
:103F40000123EF22014600931748022311F07FF965
:103F50004FF48171144811F064F9134811F0A0F97D
:103F6000044660B1134B1B685A0705D0194A034633
:103F7000104801210FF077FD204603B030BD0A48FC
:103F800011F0BEF904460028F6D00A4803685B0722
:103F9000F2D0114A2346A4E772AA01006FBB0020A9
:103FA0001802002078020020100900206002002082
:103FB000480200204C0700207BAA010004020020D8
:103FC00092AA0100A4AA0100ACAA0100B5AA0100AE
:103FD000BFAA0100D6AA0100E4AA01000C4B0360AD
:103FE00001220C4B027202224360827200231022D3
:103FF0004372C372037343738373C3730374437451
:104000008274C374037542758375C375704700BFAE
:1040100000100000BCD1010010B50948036803F08E
:104020000703022B03D9074A03210FF013FDBDE854
:104030001040054840F6CD4200230BF07BBD00BF89
:10404000E006002005AB01006000002007B500235A
:10405000CDF803304FF4FF73ADF800308DF8020057
:10406000002200236946034814F012F803B05DF8FB
:1040700004FB00BF4808002038B51E4D41F69A10D9
:104080000021FEF7D3FFFEF7D9FF0446FEF7C8FF75
:10409000002CF3D0B4F5007F01D20028EED1B4F5A6
:1040A000007F2146144828BF4FF40071FEF7E6FF59
:1040B00004460028E2D02B78002BE4D04FF0FF32EA
:1040C0004FF0FF330D480BF039FAE1004FF4005286
:1040D00000230948FFF786FE044608480BF0A0FAC3
:1040E00014B9FFF7C1F8CEE7054A9368013393602E
:1040F000C9E700BF84C30020849E0020340800204C
:1041000084AE0020F8B51E4F1E4C05464618AE4240
:1041100000D1F8BD3B7815F8011B2BBB252903D82E
:10412000194A5256002A04DA184A53680133536078
:10413000EDE763704FF0010321703B70E7D100237E
:104140003B70104912480022002313F0A1FF002801
:10415000DDD01048036813F0060FD8D023780E4A3C
:1041600002210FF080FCD2E76278531C2244DBB2BC
:1041700091702278044963708A569342DFDAC6E769
:104180007CC300207DC3002052D7010084AE0020F4
:1041900048080020280700201FAB0100024A0348FE
:1041A00003210FF057BC00BF42AB010028070020DD
:1041B00008B50A4B1A787AB100221A70FEF7DAFEB7
:1041C000FFF79CFB064B1B6803F00703022B03D988
:1041D000BDE80840FFF7E2BF08BD00BF84C3002070
:1041E00028070020F0B52DED028B744D83B0744884
:1041F0004FF0FF324FF0FF3369460BF03BF90446B6
:104200000028F4D12B6801332B609DF80030112B6E
:1042100020D8052BEBD9063B0B2BE8D801A252F88E
:1042200023F000BF914200008B420000EF410000EC
:10423000EF410000EF410000EF410000CB420000E1
:10424000DB420000EF410000EF410000EF410000C1
:10425000E9420000252B00F0888010D8192B48D0A7
:10426000202BC4D1FFF7A4FF2046FFF74BFC40F6FC
:10427000CD40002114F052F9012001F077FAFE2B15
:10428000B5D19DF80230002BB1D1FFF791FFAEE719
:104290004C4C2378002BAAD1FEF7B4FD03464A48C4
:1042A0000268002B02F0070206DA002A9FD0474A74
:1042B00001210FF0D8FB9AE70123022A237096D937
:1042C000434A03210FF0C6FB91E79DF80200003836
:1042D00018BF0120FFF716FC89E7BDF8020040BABD
:1042E00080B2FFF7C7FA82E79DF80200FFF796FA5F
:1042F0007DE7FFF75DFF37484FF40061FEF7CAF82E
:10430000044638B9304803685B073FF470AF324A5F
:104310000121D7E731482F4F4FF0FF324FF0FF33E5
:104320000BF00CF9B4F5806F264628BF4FF4806679
:1043300000234FF4804231463846FFF753FD0346D1
:1043400078B1AA6820480132AA60026812F0060F0C
:1043500003D0234A02210FF086FB20480BF060F9BE
:1043600045E7A41B3744DDD1F7E79DF80240042C54
:1043700011D8DDF80330DFED1B7A08EE103AB0EE0D
:10438000C87AB4EE677AF1EE10FA04D8B5EEC08AB6
:10439000F1EE10FA09D80C48036813F0060F3FF449
:1043A00026AF114A2346022183E7FDF7AFFF00EB5A
:1043B000840080ED1E8AFEF70FF818E784AE002017
:1043C0004808002084C30020280700204AAB0100D1
:1043D00064AB01007CBB00206EAB01003408002000
:1043E0008FAB0100FFFF7F7FA8AB010008B5034939
:1043F0000348FFF789FC002008BD00BF4D400000C6
:1044000005410000014B1878704700BF84C30020AD
:10441000024A034607CA83E80700704784AE0020BB
:1044200030B403460A460D4881688C687CB90C6834
:104430000CB14D681DB930BC70472B4605E0642AAD
:10444000F9D81946002AF8D0234630BC1847642A08
:10445000F1D81946234630BC184700BF6C900100C4
:10446000F8B5234C237833B300256426FFF740FAD0
:1044700000280CBF00271927FFF7C4FF044600B32C
:10448000B5FBF6F306FB1353312B88BFC3F164036E
:10449000372202FB03F13223B1FBF3F10531C9B23C
:1044A000002238460EF0ADFB0135002140F21F50CE
:1044B00014F034F8DAE7002140F21F5014F02EF81F
:1044C000D0E7FFF72BFC80B9B5FBF6F306FB1353DF
:1044D000312B88BFC3F1640317225A433223B2FB46
:1044E000F3F20232D2B20021DBE71E222146D8E7E6
:1044F00085C3002008B50C4813F0D1FC50B90B4817
:1045000003685B0703D00A4A01210FF0A3FA6FF09A
:10451000120008BD1422104611460EF072FB054B26
:1045200001221A700020F4E76C900100F8060020C8
:10453000EAAB010085C3002008B503490FF03BFD3D
:10454000FFF76AFD002008BD06AC0100F7B50C4678
:10455000642154F8243F134F03F00F024A43120919
:1045600000921B09104A082106460FF009FD00259C
:1045700054F8043F5BB10D4A172D08BF3A46CDE908
:10458000002308210A4A2B4630460FF0F9FC01357A
:10459000182DEDD1074A0821304603B0BDE8F040A0
:1045A0000FF0EEBC25AC010027AC0100C3BA01003E
:1045B00054AC0100C2BA01002DE9F0430129A9B0B1
:1045C00007460E46154625D90022686811460CF0AC
:1045D000A9FF022E804622D02649A868FCF7B6FF24
:1045E000032EB0FA80F44FEA541416D00022E86883
:1045F00011460CF097FF0646FFF704FF814680B195
:104600001D4938460FF0F3FC6FF00F05284629B01E
:10461000BDE8F08300244FF00208A026ECE7002458
:10462000FBE706AB324621464046FEF797FD051EE6
:1046300005DA12492A4638460FF0D9FCE6E70E9B08
:1046400005930D9B04930C9B03930B9B02930A9B76
:104650000B4A0C49CDE900630B4B3846002C08BFD0
:10466000134642460FF0A7FC06A93846FFF76EFF37
:104670004D46CBE76DAC010072AC01005AAF0100B2
:1046800068AC010088AC01005FAC01000129F8B5FD
:1046900005460F46164627D9FFF7B4FE044630B14B
:1046A000284618490FF0A3FC6FF00F00F8BD024632
:1046B000014670680CF036FFC0B2FEF7A5FD002879
:1046C00006DA284610490FF092FC6FF01500EDE76E
:1046D000022F09D022462146B0680CF023FFC0B259
:1046E000FEF7A2FD0028ECDBFEF798FD0446FEF77E
:1046F000A5FD06490346224628460FF05CFC002033
:10470000D4E700BF72AC010009AD01000FAD01009C
:10471000012910B51346044609D9002258681146EC
:104720000CF000FF003818BF0120FEF7A5FDFEF7D2
:10473000A9FD054B054A0649002808BF1A46204630
:104740000FF039FC002010BD5AAD010050AD010042
:104750006AAD01002DE9F041012986B006460D46FB
:10476000144629D90022606811460CF0DBFE022DA8
:10477000074622D0D4F80880254C002554F8041BA5
:104780004046FCF7E3FE60B10135072DF6D1214923
:1047900030460FF02CFC6FF01504204606B0BDE843
:1047A000F081EDB2FFF72EFE48B11B4930460FF005
:1047B0001EFC6FF00F04F0E740270025F2E704AA83
:1047C00039462846FEF764FD044620B905A90520B0
:1047D000FEF7B0FD0446002C05DA104922463046AB
:1047E0000FF005FCD9E7FDF72DFA04460598FCF714
:1047F000EBFD049B0093064B0197CDE90201224695
:1048000053F82530064930460FF0D5FB0024C4E7A5
:104810005C9B010084AD010072AC0100ADAD0100F4
:10482000C1AD01002DE9F04157680E4E0546002448
:1048300056F83410384606EBC408FCF787FE28B952
:1048400098F90400BDE8F041FDF7D6B90134052C14
:10485000EED1284604490FF0CAFB6FF01500BDE801
:10486000F08100BF349B0100F0AD01000129F7B5D4
:104870001346064612D90022586811460CF0DEFD98
:104880000546FFF7BFFD074678B1154930460FF0E2
:10489000AEFB6FF00F04204603B0F0BDFDF736FD10
:1048A00090ED0A0A0EF002F8EAE70DF1060128463B
:1048B000FFF74AF8041E05DA0A49224630460FF08F
:1048C00096FBE8E7FDF722FDBDF80620A0F8922050
:1048D00005492B4630460FF06EFB3C46DBE700BF38
:1048E00072AC01000DAE01001EAE0100F8B513461A
:1048F00000221146054658680CF014FE87B20646A1
:104900003846FFF715F8041E06DA094922462846FC
:104910000FF06DFB2046F8BDFDF7F8FC0549A0F847
:104920009270B2B228460FF046FB0024F2E700BFB7
:104930005AAF010069AE010038B513460022114696
:10494000054658680CF0EEFD003818BF0120FFF74F
:10495000D9F8041E04DA0349224628460FF047FB23
:10496000204638BD5AAF010038B513460022114623
:10497000054658680CF0D6FD80B2FEF77BFF041E9A
:1049800004DA0349224628460FF031FB204638BDA1
:104990005AAF010038B554680F4905462046FCF768
:1049A000D5FDA8B10D492046FCF7D0FD90B10022FD
:1049B000114620460CF0B6FDC0B2FEF72FFF041ED4
:1049C00004DA0749224628460FF011FB204638BD7D
:1049D0000220F2E70120F0E7DDB301001EA701008D
:1049E0005AAF010070B556681B4905463046FCF7C2
:1049F000ADFD50B9FDF7F8FC0028044627DA024661
:104A0000164928460FF0F3FA10E015493046FCF736
:104A10009DFD044660B90EF009F8124A124B134985
:104A2000002818BF1A4628460FF0C5FA204670BD68
:104A30000F493046FCF78AFD10B9FDF703FDDBE7AF
:104A40000C4928460FF0D3FA6FF01504EEE70A4937
:104A500028460FF0B0FAE9E7A5AE01005AAF010011
:104A6000ABAE01009FAE01009BAE0100B1AE0100F4
:104A7000EDB40100BFAE0100D8AE010010B5044690
:104A8000FDF712FA204602490FF095FA002010BDFA
:104A9000DCAE010038B50546FDF748FC041E06DA19
:104AA0000549224628460FF0A2FA204638BD0349A0
:104AB00028460FF080FAF8E7F6AE010007AF0100D4
:104AC00070B50646D2E901011546FDF791FE041EB8
:104AD00005DA064930460FF08AFA204670BD6A684A
:104AE000034930460FF067FA0024F6E70EAF0100E5
:104AF00028AF01002DE9F043012985B007460E4695
:104B0000144610D90022606811460CF00BFD022EED
:104B100005460BD00022A06811460CF003FD0446A8
:104B200034B9264615E0A0240025F9E7A024F7E7CC
:104B3000102CA04628BF4FF0100842466946284670
:104B4000FDF730FF061E08DA1249324638460FF0EC
:104B50004EFA304605B0BDE8F0830F4A2B460821D7
:104B600038460FF00DFA6E464FF0000916F8013B7B
:104B70000A4A0821384609F101090FF001FAC8452F
:104B8000F4D1074A082138460FF0FAF94544A4EB5E
:104B90000804C5E755AF010066AF01006CAF010026
:104BA000C2BA010010B54FF4006104460848FDF791
:104BB00071FC30B9204607490FF019FA6FF0040074
:104BC00010BD2046024A04490FF0F5F90020F7E72E
:104BD00086C3002072AF0100BBAF0100F0B5B5B0D5
:104BE0000446FFF70FFC80F00101C9B205460AA890
:104BF000FEF7ACFF12A8FEF77DFA07A8FFF708FC46
:104C00009DF82820504B5149022A08BF19460A46F0
:104C100020464F490FF0CFF99DF82D204D494E4BBE
:104C20002046002A08BF0B46BDF82A204B490FF04A
:104C3000C2F99DF82C204A4B4A49002A18BF194650
:104C40000A46204648490FF0B6F99DF84420474BE4
:104C50004749002A18BF19460A46204645490FF021
:104C6000AAF9BDF83230BDF82E2043490093204602
:104C7000BDF830300FF09FF9FCF7E4FF3F490246E2
:104C800020460FF098F9FDF745FB3D4A3D4B3E4964
:104C9000002808BF1A4620460FF08DF9002D4DD18F
:104CA0000D98FCF791FB064610980F46FCF78CFB1D
:104CB000CDE904010F98FCF787FBCDE902010E98BE
:104CC000FCF782FB3246CDE900013B462F492046E6
:104CD0000FF071F92E4A159B2E4900932046129B26
:104CE0000FF069F9DDE91667FEF798FA0546FEF759
:104CF000A5FA3B46CDE900503246204626490FF042
:104D00005AF91A9B00932046DDE9182323490FF036
:104D100052F912A92046FFF719FC099B009320467F
:104D2000DDE913231E490FF046F92046DDE907238C
:104D30001C490FF040F9002035B0F0BD1A4920465B
:104D40000FF039F9194AC6E7DDB301001EA70100CB
:104D5000B1AF0100C3BA010081AF0100BFAF0100D4
:104D60009CB8010082B30100D2AF010093AF0100F3
:104D70009BAF0100E0AF0100EEAF01000CB00100FD
:104D8000A2AF0100A6AF01001AB0010029B00100D6
:104D900042AB010084B00100AEB00100F3B00100ED
:104DA00041B1010083B101005DB00100A9AF010074
:104DB0002DE9F0478A4600AF00297AD004680E1F1B
:104DC000361BF50826F0070604EB0608B8F8023093
:104DD00013F0010319D13848026852070DD0E94693
:104DE00088B06A463549CDE9051A032142F8101FFB
:104DF0004FF4C25101F0E0FACD46002383F311884D
:104E0000BFF36F8F0423184602DF294620460DF0BA
:104E10000EFF284434F83030C01A85421AD0264894
:104E2000036859070ED0E94688B06A46244BCDE99D
:104E3000053A032342F8103F00234FF4C25101F01A
:104E4000BBFACD46002383F31188BFF36F8F042391
:104E5000184602DFB8F8023023F00103A8F8023048
:104E6000294620460DF0E3FE05EB000804EBC803DD
:104E70005B88DA0708D4414620460DF021FF424600
:104E8000294620460DF061FFA65BAE1B04EBC6036E
:104E90005B88DB0709D4314620460DF011FF2A4616
:104EA000314620460DF051FF3546294620460DF08B
:104EB000C3FEBD46BDE8F0871C07002042B50100D7
:104EC00019B501002DE9F04F91B08407009302F06D
:104ED00004030293C2F3C20303F10103DDF868A0E7
:104EE000039205460E46059340F09D81041D00285F
:104EF0004AD101F00706341DC6F10806009B0027C1
:104F00005A1E4FF004084FF0FF3301930497B9463F
:104F1000BB4643460DB1009820600598002800F379
:104F2000D78090480099814203D38F488142C0F0D6
:104F3000CF80039911F0020CA4EB050040F0D6805D
:104F4000B9F10F0F00F2CF80002D00F0D68009F1EB
:104F500040010DEB010EC0F3870001990EF8200C03
:104F60000EF8101CBCF1000F00F0C38060F07F0051
:104F70000EF8200C013709F10109C5F108010434CC
:104F800006914FF6DA7E8CE00729B7D86FF01B0048
:104F900011B0BDE8F08F7A285BD84B280FD847288E
:104FA00057D829282ED8252850D052D8202818BFC5
:104FB00023280CBF4FF0010B4FF0000B71E04C3871
:104FC0002E2846D8DFE800F06D4545454545454566
:104FD000454545454845454545454545455645486A
:104FE000485656566D486A456D4518481845457FE0
:104FF0007C48454548457C0000204FF0000B4FF0B1
:10500000040835E02A38C0B2012101FA00F010EAA4
:105010000E0F46D110F0625C2CD110EA010B40D08B
:105020006046013C4444B4FBF8F408FB04F425B1A9
:10503000A3EB050CA444B445A8D8002870D005986B
:10504000013805905AF8040B009063E70199013983
:1050500001914FF0000B24E012F8010C6C2834D1C0
:1050600012F8023C00206C2B8346C8D14FF0080890
:105070004346D6E70AF1070A2AF0070A0734BAECD2
:10508000027B24F0070435B106982044B0423FF675
:105090007DAF84ED007B08344FF0000B4FF0080823
:1050A000434612F8010F002853D0BBF1000F7FF4E4
:1050B00072AF2528F5D1019B013301934FF0010B0D
:1050C0004FF00408ECE7584697E700208346A8E72E
:1050D000039988077FF551AF601B4FF0010CB0F5C5
:1050E000007FFFF42DAF6FF0150051E74FF0000C7B
:1050F000F5E70498013004903DE7BCF1000F01D0C2
:10510000013638E70299023600297FF434AF00985F
:10511000CDE90632FCF72CFADDE9063206442AE72F
:10512000042B08D10AF1040015B1DAF8001021604F
:1051300004348246B5E70AF1070323F0070303F1BD
:10514000080A1DB193ED007B84ED007B0834082331
:10515000A7E7631BB3F5806FC5D23DB9A6F108047C
:10516000E01815E7BC8E0100E4D70100029A286020
:105170009B082B709DF81030AAB1EB70AF702FB167
:1051800008A80022C5F1010C91450ED1C5F101031B
:105190000DF120084FF0000A01930DF1300BD145BD
:1051A00012D1601BF4E66B70E8E710F8013B1906BA
:1051B00008D50CEB040EB64503F07F033FF6E6AED0
:1051C00004F8013B0132DFE71FB198F90020002A03
:1051D00017DB029BD3B11AF80B2004F8012B002235
:1051E000019B18191044B0423FF6D0AE98F8000069
:1051F00004F8010B00990392204613F054FB039A24
:1052000014440AF1010A08F10108C8E798F80020DF
:1052100055F822300093029B45F822300098FCF7A5
:10522000A7F9421CDCE76FF00D00B1E62DE9F04F65
:1052300097B000AFC7E90A3205468A4649B90378F4
:105240004678807800EB83002844564524D8A0EBAC
:10525000050AD7F8803095F80280D7F8804003F02F
:105260000103FB61EB787B62B8F1000F0CBF0024F7
:1052700004F001041BB1D7F880309A0715D4A4B903
:10528000FB6A1BB1BA6A51462846984756463046D3
:105290005C37BD46BDE8F08F441C2046FCF768F93A
:1052A000013020440AF1010ACFE7D7F88030C3F378
:1052B000C0033B622B78BB619B003B616B687B61E9
:1052C000BB6905EB830BFB6A002B7BD15646D844A8
:1052D000BCB11C461BF8013B55F82300FCF748F90C
:1052E000D7F88430013043B1D7F88830A34282BF69
:1052F000D7F8843023F814000134C3450644E9D1BB
:10530000D846D7F8803013F0050F0CBF4FF0020BD2
:105310004FF0010B4FF000097B6A9945B7D298F81E
:10532000013055F823A0B14B9A4508F10208C0F0AE
:105330005081AF4B3A6A9A452CBF002301232AB310
:1053400018F8021C7869FB620DF045FEFB6AE8B1B3
:10535000A848036813F0060F14D0EA468AB06A46DC
:10536000A54B05937B69CDE906314FF40073ADF889
:105370002030A24B42F8103F00234FF4125101F0AD
:105380001BF8D546023E09F10109C5E723B1FB69C7
:1053900033B9A6EB0B06F6E7D7F880309B07F2D5BA
:1053A0005046FCF7E5F8D7F884304BB1D7F8883091
:1053B0009C423FBFD7F88420431C22F814300134AC
:1053C0000644E0E7002C69D1B8F1000F6CD0D7F8A3
:1053D00080305E076BD5C14607F14800424659460A
:1053E00013F061FA0BEB0803FB6000220233796AC9
:1053F0008A425ED3D7F8802095F801B0F969920708
:1054000004EB0B03DBB254BF4FEA59020022002920
:1054100040F0A780D7F8801011F0040F14BF494660
:1054200000216B70A970EA703969BA6AFB6A284674
:105430009847061EFFF62BAFBB692B707B6AEB709B
:105440004946BA6AFB6A85F801B085F8028007F11F
:1054500048009847B0F10009C0F2B7803B697A6A0A
:10546000786A03EB4201FB68BA6A414403EB4000EF
:10547000AAEB0101FB6A98470028C0F2A880B1445A
:1054800009EB00064FF0000B07F1380AA3456AD379
:105490000021BA6AFB6A08469847F8E6444607F1D5
:1054A00038004FF0000999E74446C1469AE7A14603
:1054B00098E713F8016C13F8021C55F82600B96040
:1054C0004A498842C0F08B8049498842396A2CBFDA
:1054D0004FF0000B4FF0010B41B1B9687869C7E993
:1054E00000320DF078FDD7E90032F0B9BBF1000FC2
:1054F0001ED0F96949B1611C04F1280007F130049C
:10550000041904F8206CCCB20FE0D7F880104807DB
:105510000BD509F1280007F1300C09F1010100EB6E
:105520000C0909F8106C5FFA81F9013202335EE769
:10553000D7F880108907DED409F1280107F1300C73
:105540008C44B9680CF8101C09F1010007F15801EE
:1055500051FA80F009F102095FFA89F900F8106C3C
:10556000E3E700215DE71BF80A3087F8373055F88C
:105570002390D7F884302BB3D7F888309B4521D2BD
:10558000D7F8843033F81B80BA6AFB6A012107F12F
:105590003700984700281ADB0644B8F1000F06D1FF
:1055A0004846FBF7E5FF00F101081FFA88F8BA6AE0
:1055B000FB6A414648469847002808DB06440BF141
:1055C000010B63E74FF00008DEE74E465FE6064654
:1055D0005DE63B6A002B3FF4DFAE0023B0E6396A9C
:1055E0000029A5D04FF0000B77E700BFBC8E01006B
:1055F000E4D70100D80600206FB5010004000001C7
:1056000030B50446EFF31185402383F31288BFF3CE
:105610006F8F044B0FCB84E80F0085F31188BFF325
:105620006F8F30BDD80C002001281FB50C4605D067
:10563000042822D06FF0150004B010BD13F04EF80E
:10564000174AC30BC0F30E00A0FB0202C00B43EAD3
:10565000414340EA4240C90BC4E90031A0606846BA
:10566000FFF7CEFF694620460DF0D2FC18B90D4B6E
:105670000FCB84E80F000020DEE713F02FF8084A74
:10568000C30BC0F30E00A0FB0202C00B43EA414370
:1056900040EA4240C90BC4E90031A060EBE700BF1B
:1056A00000CA9A3B1096010001287FB50C4633D101
:1056B0008A681B4B9A422FD813F010F8C20B42EAAB
:1056C000414252424FEAD13363EB4303CDE9002319
:1056D000144AC0F30E00A0FB0202C30B43EA42438C
:1056E0005B426846029300F0E3F8214668460DF0FD
:1056F0008FFCEFF31186402383F31288BFF36F8F83
:105700009DE80F00084C84E80F0086F31188BFF372
:105710006F8F002004B070BD6FF01500FAE700BF76
:10572000FFC99A3B00CA9A3BD80C0020014B186075
:10573000704700BF9002002080B505460E46174610
:1057400098460AF05BFE034604F07EFADFF81890F4
:10575000044649F80030424630463946A84754F8D6
:10576000090004F0EDF900BF0800000008B5044688
:10577000EFF31183402383F31288BFF36F8FEFF3AE
:10578000108372B608F002FC204604F09FFF034825
:105790000DF070FC0FF0A5FCFCE700BF23B6010084
:1057A0002DE9F84344690569C76840F26C73E11755
:1057B0000135E41841F10001022D8CBF00230123C3
:1057C000E41A61F100010029064607F1FF3751DABA
:1057D0006FF4C77020184FF4C8724FF0000361F1E6
:1057E0000001FBF749FE264B03FB0044D6E900838A
:1057F000B6684FEAE37C4FF03C0E99466346C6FB21
:105800000E93A9FB0EC60EFB0366A30840F26D1EA5
:10581000032D0EFB043302463B4434BF09206FF0D6
:10582000020064270544B4FBF7F499201B1B154CB8
:1058300045431CEB080C4FF0050005F10205B5FBD4
:10584000F0F5A2FB04202B4404FB010146EBE876B3
:1058500098180D4A41F1000380180C4A63F10003C7
:10586000A0FB020102FB031110EB0C0041EB06014F
:10587000BDE8F8834FF4C87200232046B1E700BFAB
:1058800070FEFFFFB13A02009405F5FF8051010060
:1058900010B5FFF785FF024604F0D6F90B46034921
:1058A000002444501046194610BD00BF0C000000F3
:1058B00070B5204B82689A4216DDD0E900160129A6
:1058C00076F1000503F1010392FBF3F34FEAE37471
:1058D0001DDAC91844EB0604C0E90014164901FB9F
:1058E00003238360012070BD002AFBDAD0E9004168
:1058F0000029124EA3EB0203B3FBF6F310DA01F119
:1059000000459C4275F100050ADA0020EBE7CD4323
:105910009D426FF00045A5EB0605A541D9DAF4E7F5
:10592000E41A61F1000106FB0322C0E90041826034
:10593000D8E700BFFFC99A3B003665C400CA9A3B4E
:1059400008B500F0B7F80A4941610A490122C0E9E7
:1059500000220A6008490A60084A00231360084AC6
:1059600003611360C0E90233064A136008BD00BF3B
:10597000C3BA0100B0020020AC02002098AE0020A3
:1059800094AE002090AE00202DE9F0478146884675
:10599000174600F08FF8C36804461BB943691A78AC
:1059A000002A3ED10023E36063684B4558F823206A
:1059B00008DB314B6361204600F060F84FF0FF30A8
:1059C000BDE8F087511C616192F800A0BAF12D0F7B
:1059D000EFD1951C65615678A6602D2E04D1927882
:1059E00072B901336360E4E756B9234D65615146EE
:1059F000384612F09BFF0028DDD0C4F808A05646B8
:105A00003146384612F092FF3A2E00D070B92B780A
:105A100013B9636801336360204600F02FF83F201C
:105A2000CEE75D1C45611E788660E9E743783A2B36
:105A30000BD0002323612B7813B9636801336360B3
:105A4000204600F01BF8A068BAE72B780A4A33B961
:105A5000636801339945636004DD58F82350C4E955
:105A60000452EAE762613D783A2D2046D5D100F034
:105A700005F82846A4E700BFC3BA0100084A016838
:105A80001160084A41681160074A81681160074A3D
:105A9000C168074B116002691A6004F01DBD00BFA8
:105AA000B0020020AC02002098AE002094AE00208E
:105AB00090AE002000487047940200202DE9F04786
:105AC000058B0446280717460CD501290CBF45F065
:105AD000100545F02005258387F31188BFF36F8FEC
:105AE000BDE8F087022905F0070540F094802046C4
:105AF0000DF053FD052864D801A353F820F000BF32
:105B0000D95A0000175C0000C35B0000855B0000F1
:105B10009F5B0000B15B000001F007035A1F012AE0
:105B20001FD8002221F00701062BD4F8008089B28B
:105B3000C4E9002209D1434603E0628B013262834B
:105B40001B68002BF9D141F00201218320460DF0A2
:105B500024FD4FF0000900286DD041F02001218381
:105B600069E0042B0AD121F0070189B22183204684
:105B70000DF013FD10B141F0200121834FF000081A
:105B8000C14658E02369D3F80090238B23F0070324
:105B900043F0060323834FF0000846464BE0236999
:105BA000D3F80490238B23F0070343F00403F1E7B9
:105BB0002369D3F80890238B23F0070343F00503F0
:105BC000E8E74FF00008C146E7E7012243F0080389
:105BD000238387F31188BFF36F8F002A3BD1B8F17D
:105BE000000F4AD1B9F1000F02D02D492046C84715
:105BF000EFF31187402383F31288BFF36F8F238B5A
:105C000023F008039BB22383D9063FD523F010026B
:105C1000228303F007056669218B002EBFF67CAF57
:105C20000023D4F8008021F00701C4E9003341F0DB
:105C3000010121839946238B03F0070AAA4502D06C
:105C4000A268002AC1D1B8F1000F02D1B9F1000F4A
:105C5000DAD00022BAE7A1680029C0D00D68002977
:105C6000BDD04F68334652462046B8471DB12B6819
:105C700029461D46F3E72B46FAE74146334652468E
:105C80002046D8F800800DF0B4FCA8E79A067FF50E
:105C900023AF23F02002228303F0070527E700BF8C
:105CA0001F3601002DE9F047DFF85480044607460F
:105CB0004FF0010994FAA4F5B5FA85F509FA05F350
:105CC0002E0108EB05156FEA030A24EA03042B7B77
:105CD00063B158F806301B696BB9464403227368F8
:105CE0002846196807EA0A070DF030FE002CE1D1BA
:105CF0003846BDE8F087284698470028F6D1ECE7FB
:105D00006C94010010B51049104888B0002212F0C0
:105D10002DFD4FF400320023CDE9062300240E238D
:105D2000CDE90334CDE90144094B0A4900944FF40D
:105D3000407209480AF06CF80849074809F09EFFCC
:105D4000204608B010BD00BF615D0000F0110020CA
:105D5000C160000080E10020E80C002057B601007F
:105D6000014809F0E3BC00BFB80800202DE9F04766
:105D7000804621480F460DF0C1FD0646002833D06D
:105D800000252846BDE8F087237B83B12368DB68C4
:105D90000BB120469847636883F8069023681B6917
:105DA000D3B963680322196820460DF0CFFD013690
:105DB00010345445E8D3B8F1000FE2D0002DDFD005
:105DC0002846FFF76FFF0546002FF7D000214FF45C
:105DD000A47012F0A3FBF1E7204698470028E0D01A
:105DE00009FA06F31D43E2E7044CDFF814A0054668
:105DF0004FF00109DDE700BFACAE00206C9401005C
:105E00007C94010008B5034608462BB1044A136090
:105E100000F03CFD002008BD6FF01500FBE700BF5F
:105E2000B402002010B5044C237813B9034809F0DC
:105E30007DFC0123237010BD86CB0020B808002014
:105E400010B504460B480DF059FD5CB1BFF35B8FF4
:105E5000094B53E8001F013943E80012002AF8D12A
:105E6000BFF35B8F05480AF04BFE0548BDE81040C4
:105E700009F05CBCA4AE0020A8AE0020F011002008
:105E8000B8080020064BBFF35B8F002253E8000FD9
:105E900043E800210029F9D1BFF35B8F704700BFB1
:105EA000A4AE002070B5FFF7EDFF084C084E054684
:105EB000B44200D370BD63685B792BB123685B6823
:105EC00013B12946204698471034F1E76C9401003D
:105ED0007C94010010B5044C044920460DF0D7F91C
:105EE000034B1C6010BD00BF98060020D09D010030
:105EF0009CAE00200E4A0F48002310B513700E4AC6
:105F000013600E4A4FF400411360FFF77BFFFFF769
:105F1000E1FF00F081F90A4B0A4918468B4200D391
:105F200010BD1A1A5C681211013222711033F5E7A4
:105F300087CB0020F9380100A4AE0020A8AE0020D5
:105F40006C9401007C94010001460022014800236A
:105F50000DF0BEB99806002001480DF055BA00BFFB
:105F600098060020024B014618680DF0A8BA00BF41
:105F70009CAE002001480DF0DDBA00BF980600205D
:105F80002DE9F041374B1B78002B68D0FFF7E4FF79
:105F9000044600285FD1344B344D1B68002B19DDBB
:105FA00012F09CFB4FF47A76A0FB063206FB01212F
:105FB000D5E90020DB0B43EA41439B1A4FEAD1317C
:105FC00040F2E93261EB0001934271F1000101D32B
:105FD000FFF768FFD5E9003213F57A7342F100024A
:105FE000C5E90032002C3AD0BDE8F041FFF7C2BF4E
:105FF0006B685B793BB121784B0717D52B6821463D
:106000001B682846984710354545F1D32046FFF7D1
:10601000A9FFBFF35B8F164B53E8001F013943E81C
:106020000012002AF8D1BFF35B8FB4E72046268820
:10603000C1F3C20700F09EFAC6F382160246002E94
:10604000DCD00028DADB01233946284600F08EF93F
:10605000B042D8D3D2E7074DDFF81C80D4E7002048
:10606000BDE8F08186CB0020A4AE0020E81100201E
:10607000A8AE00206C9401007C94010070B50D4D19
:10608000297861B90120FFF771FE0B4C0B4EB44229
:1060900006D3FFF775FF0028FBD101232B7070BDDD
:1060A00063685B791BB1236820469B68984710346E
:1060B000EDE700BF87CB00206C9401007C940100C9
:1060C00000212DE9F8430846FFF750FE044648B387
:1060D00040F267684FF0000903F0B6FD1A4B1B4A07
:1060E0001B58136033B11A4B1B68092B02DD19488A
:1060F00009F01CFB184F002544B12046FFF7D2FDE4
:10610000044618B94FF0FF384FF0FF39FFF738FF5A
:10611000064628B9B5B90F4842464B4609F03AFB46
:106120003546E9E74FF0FF384FF0FF39D4E72B68E9
:106130009B691BB100221146284698471035BD4285
:10614000F5D3E8E7054DFAE708000000A0AE00200F
:10615000A8AE0020B80800207C9401006C940100D7
:1061600013B518480DF0CAFB174B1B7873B1EFF34A
:106170001184402383F31288BFF36F8FFFF700FF72
:1061800084F31188BFF36F8F02B010BD0F4B1B68F3
:10619000002BF9D050B900220023CDE900230C4890
:1061A0004FF4004200230AF073FCEDE70928EBD11D
:1061B00007480AF0A5FC074802B0BDE8104009F006
:1061C000B5BA00BFA8AE002087CB0020A0AE00204B
:1061D000F0110020B808002010B5064B1B680446DB
:1061E00098472146A06004480DF0EFF8BDE8104044
:1061F000FFF7B6BFB402002098060020044A054B02
:106200009B1AB1EBD30F34BF52F831000020704716
:10621000749301006C940100084B094A09489B1AC9
:10622000DB080021994200D17047026822F0070282
:1062300042F0030240F8042B0131F3E76C940100B3
:1062400074930100D4060020F8B50B4F0B4BDB1BF9
:106250000646DD080024AC4203D14FF0FF3420464F
:10626000F8BD57F8340020B13146FBF76FF900282C
:10627000F5D00134EFE700BF749301006C94010086
:1062800000282DE9F047884615461F461DDADFF83D
:10629000A890254E4FF0000AA6EB09063609544691
:1062A000B24509F1100902D12046BDE8F08759F83E
:1062B0000C0C3B4600792A464146FFF7E1FF844239
:1062C00038BF04460AF1010AEAE7184B184AD21A05
:1062D000B5EBD20F26D203EBC5031C79BC4228BF15
:1062E0003C46144EC0B200EB400056F82530072261
:1062F000824023EA020304F0070282401343002194
:10630000032223FA02F000F00700814202F10302A7
:1063100038BF01461E2AF4D123F007030B4346F889
:106320002530C1E70024DCE77C9401007493010070
:106330006C940100D40600206C940100F8B5094D5E
:10634000094BED1A06460F46ED080024AC4200D377
:10635000F8BD002122B23B46304601340DF0EEFA82
:10636000A4B2F3E76C9401007493010070B141682A
:10637000097973B1002A17DBCBB20C4951F822001E
:1063800003EB4303D84000F0070070474FF0FF31A4
:10639000EFE707490748401AB2EBD00F3ABF01EBCD
:1063A000C20108791846704704207047D4060020BF
:1063B000749301006C9401002DE9F04F8FB004AF8D
:1063C000C1F34A26B8600D4690467B600C0D002E46
:1063D00065D04FF000090A234FF0040B07F1140AAF
:1063E000FE60C7E90799C7F824900093CDF808B07C
:1063F000CDF804A007F11C03F9684A464046FEF7B1
:1064000015FFB0F5006F034620D32948036813F049
:10641000060F17D06C468AB0D8F8041004AB254D8F
:10642000C3E9055140F2FF71D9611A464FF400717A
:106430001984214B42F8103F4FF412514B46FFF79D
:10644000BBFFA5462C37BD46BDE8F08FC0F30A065A
:1064500004F11700184420F0070080083B60FFF7A4
:1064600073FD66F35325044680B13B68134A00F17F
:106470001001C7E90839F961CDE901AB0A2300939E
:10648000F96807F11C034046FEF7D0FE66F353257A
:106490007B68B9682A4620460DF08CFAD2E704F1F1
:1064A000170020F007008008FFF74EFD0446EDE7D7
:1064B000FC0600206CB601000400000187390100D1
:1064C0002DE9F04F87B0DDE9127ADDE9106B054662
:1064D000884614469946DFB11021CDF800A03B460E
:1064E0005A460020CDF814A0FEF7ECFCB0F5006F82
:1064F00001460FD31D48036813F0060F32D01C4A23
:1065000040F2FF73022107B0BDE8F04F0DF0ABBAC7
:106510003946384604F0070305F00704E40044EA6E
:10652000831444EA402444EA065406F11700084460
:1065300020F0070080080391FFF706FD054640B1F3
:106540003FB10399CDF800A03B465A461030FEF704
:10655000B9FC4B4622464146284607B0BDE8F04FFD
:106560000DF028BA07B0BDE8F08F00BFFC06002090
:10657000ABB60100406820B1034BC01A40F38F0056
:1065800070474FF0FF307047D40600200EB403B5BB
:1065900003AB014653F8042B0448019303F0E6FCD7
:1065A00002B05DF804EB03B0704700BFC93A0100C8
:1065B000CA0605D48B064CBF02490349FFF7E6BF64
:1065C000704700BFC2BA0100E3B601002DE9F04FE9
:1065D00089B09846159B0693DDE916A39DF8509067
:1065E000189F059204460D460493B9F1000F00F080
:1065F000AE8007F4807307930DF09EF907F0020B4D
:106600000246002872D077492046FFF7BFFF0646B2
:10661000BBF1000F08D017F0440F69D172492A4628
:106620002046FFF7B3FF064407F0010353B16F4B59
:106630006F4953F829206F4B2046002A08BF1A469D
:10664000FFF7A4FF07F48073002B07F0080318BFBF
:106650004FF00008002B77D0674B684953F829208A
:106660002046FFF793FF0546059B2BB164491A4668
:106670002046FFF78BFF0544B8F1000F05D06149B4
:1066800042462046FFF782FF05445F483544069B9B
:106690001BB15E4922460CF06DFC049B002B00F000
:1066A0008C80049B102B28BF102339462046984627
:1066B000FFF77EFF0026B54250DC002633461AF86D
:1066C000032053492046FFF761FF0136102E4BD0BF
:1066D000710703D14F492046FFF758FF464533461F
:1066E000EDD34D492046FFF751FFEEE706468FE711
:1066F0004A4B1868002896D0494B4FF47A7B1B68A8
:10670000B5FBF3F54FF46163B5FBF0F100FB1155F8
:106710000BFB05F54FF03C0CB1FBF3F203FB121140
:10672000B5FBF0FEB1FBFCF300FB1E550CFB131197
:106730000BFB05F50091B5FBF0F53A49CDE901E514
:106740002046FFF723FF6EE707F008058CE7B8F156
:10675000010F0CBF2C4834484D4698E72D49204680
:10676000FFF714FF0136A6E7304920460026FFF761
:106770000DFF33461AF803202D49A2F120035F2BA9
:1067800028BF2E222046FFF701FF0136102E0DD024
:10679000720703D11F492046FFF7F8FEB045334684
:1067A000E8D81C492046FFF7F1FEEEE7049BB3EB67
:1067B0000803C24404937FF474AFB9F1000F0AD008
:1067C000FB0704D50B4A0A492046FFF7DFFE39468E
:1067D0002046FFF7EDFE204609B0BDE8F04F0DF072
:1067E00066B900BFC9C40100EBB60100E49D010019
:1067F000A5A70100E6B60100F89D010010B7010051
:1068000016B701001AB70100C93A01006D9F0000D8
:106810001FB7010027B7010025B70100B4AE002063
:10682000B0AE0020F4B60100FF3A010029B7010024
:10683000ADC4010073B542F20F738B4228BF0B4603
:1068400005680F4A0446052168460AF03FFC636864
:106850000C495B6806460B2228460DF01AF963685E
:106860003246694628465B680DF013F963680649AD
:106870005B681B2228460DF00CF902B070BD00BF0A
:1068800075A8010094D7010078D70100074A0021BC
:106890000123904206D8064A01B901231360054B33
:1068A0001860704740085B000121F2E740420F008A
:1068B000B0AE0020B4AE0020014B03600020704752
:1068C0000C9E010010B5044610F072FD034902460B
:1068D00020460DF070FB002010BD00BF62B7010024
:1068E00037B5134600220192044601AA58680A21CE
:1068F00001F0ECFD019D95B920EAE0744FF4004CE5
:10690000294640F2E7304FF47A720023E4FB0C0191
:10691000FAF702FE11F002FE284603B030BD2A4607
:10692000024920460DF063FB019DF5E78EB701009B
:1069300008B5034A03490DF03EFB002008BD00BF27
:106940007EB8010084B80100F7B51746002305465C
:1069500001AA0A21B868019301F0B8FD1749C6B22F
:1069600028460DF036FB019C44B1224614492846C6
:106970000DF03DFB019C204603B0F0BD042E09D96B
:106980001049324628460DF032FB28460DF064FBD4
:106990000124F0E77868FFF757FC021E07DA7A68EF
:1069A000094928460DF023FB6FF01504E3E7334651
:1069B00012B2214620460CF0C1FFDCE7AFB801005F
:1069C00015B901003CB9010053B9010007B5002316
:1069D0000090694604488DF8043009F067FE9DF880
:1069E000040003B05DF804FB973B010038B5044692
:1069F000EFF31185402383F31288BFF36F8F07F005
:106A0000BBFA024685F31188BFF36F8F0649204613
:106A10000DF0D1FA204605490DF0CDFA0448214683
:106A200009F05EFE002038BDE5B9010004BA01009E
:106A3000356A000070B58EB004460D46D0F8A060EF
:106A400011F080FC034603F0FFF8214A1158214A57
:106A50002148002B18BF1A460092204A23468C4238
:106A600018BF024628461E490DF0A5FAD4E90A23AC
:106A7000CDE90023284694F90E30A28919490DF07A
:106A80009AFA06A92022204609F008F9A36E1649B1
:106A9000024628460DF08FFA05A9204611F060FC49
:106AA000024628B1114928460DF085FA0EB070BD96
:106AB000059B6422F11A4A430091B2FBF6F20C499D
:106AC000CDE90162284632460DF075FAEEE700BFC7
:106AD000080000000EBA010027B701008ACF0100AC
:106AE00011BA01001DBA010049BA010060BA0100E3
:106AF0008DBA010030B591B008AD044620220021C6
:106B0000284611F0F7FE1A222021284611F0F2FE45
:106B10002146104809F0E4FD07AA4FF400610E4831
:106B200011F012FC079A0095C2F5006164234B43F3
:106B3000DB0A05934FF40063CDE90132064ACDE943
:106B40000313204605490023803A0DF034FA002053
:106B500011B030BD616B000000F50020DEBA01000D
:106B600070B50446D0F8A06088B00D4607A911F0B2
:106B7000F7FB024628B10F4928460DF01CFA08B071
:106B800070BD204611F0DEFB079B0096F11ACDE99F
:106B90000131094B64224A43002818BF0346B2FB67
:106BA000F6F20649CDE90362284622460DF003FAC3
:106BB000E5E700BF60BA01000EBA010027BB010083
:106BC00038B5134605461022586800210AF0AAFC81
:106BD0000446FFF7FBFE38B90E49224628460DF061
:106BE00006FA6FF0150038BD03F02EF80A4B1B585B
:106BF0009C4204D1094928460DF0F9F9F1E72046F5
:106C000009F01EFA2846064922460DF0D4F9002064
:106C1000E9E700BF8BBB010008000000A6BB010034
:106C2000CEBB010038B51346054610225868002136
:106C30000AF078FC0446FFF7C9FE38B90E4922462F
:106C400028460DF0D4F96FF0150038BD02F0FCFFB6
:106C50000A4B1B589C4204D1094928460DF0C7F93C
:106C6000F1E7204611F0CBFB2846064922460DF0FD
:106C7000A2F90020E9E700BF8BBB0100080000007B
:106C800005BC01002BBC010038B513460546102297
:106C9000586800210AF046FC0446FFF797FE38B911
:106CA0000E49224628460DF0A2F96FF0150038BDB6
:106CB00002F0CAFF0A4B1B589C4204D109492846DE
:106CC0000DF095F9F1E7204602F03AFF2846064913
:106CD00022460DF070F90020E9E700BF8BBB0100F0
:106CE0000800000066BC01008BBC010010B50C461A
:106CF00000210DF01AFC00B10068034A2060002357
:106D0000C4E90123E36010BDA6BD010010B50C4627
:106D100000210DF00EFC00B10068034A2060002342
:106D2000C4E90123E36010BDA6BD010070B50546AE
:106D3000506814460DF001FC064640B962681049DF
:106D400028460DF054F96FF01204204670BD11F082
:106D5000A6F830B162680B4928460DF01EF90024F0
:106D6000F3E7304611F092F86268044628B1034612
:106D7000054928460DF03BF9E7E70449ECE700BF79
:106D8000C3BC0100D8BC0100FABC010027BD010052
:106D90002DE9F04F8FB0044601A88846914608F0CF
:106DA000D3F8019F2D4A07EB4017082120460DF02C
:106DB000E7F8019EBE4203D300200FB0BDE8F08F7C
:106DC00035680DB12B7833B9254A3346302102A8F6
:106DD0000AF07CF902ADB8F1020F07D1D9F804101E
:106DE000284611F0E1FD08B92036E3E71D4A2B469D
:106DF000082120460DF0C4F8304611F050F81A4A28
:106E00001A4B0821002808BF1346194A20460DF0E6
:106E1000B7F8F369002BE7D01D68002DE4D02B688C
:106E2000002BE1D0134A082120460DF0A9F8AB460B
:106E30004FF0000A2B68534505D80F4A0821204619
:106E40000DF09EF8D0E75BF8043F0C4A082120467D
:106E50000DF096F80AF1010AECE700BF5ABD0100F7
:106E600064BD010069BD010051BD01004BBD0100C1
:106E7000D1BC01006EBD0100C2BA0100A4A701008F
:106E8000F7B513783A2B06460F46154614D1541C15
:106E900023783A2B28D101340A2201A920460AF08E
:106EA000CDFA019A3860A242034617D01078A8B9EB
:106EB0003C2B15D915490EE00A2201A928460AF0F3
:106EC000BDFA019CB860AC4208D023783A2B05D1BA
:106ED000172807D90E4930460DF089F86FF01500D4
:106EE00003B0F0BD0134D3E70A2201A920460AF01D
:106EF000A5FA019B7860A342F0D01A783A2AEDD126
:106F00003B2801D90349E6E75C1CC5E70EBE01003A
:106F1000F0BD0100FEBD01002DE9F04194B00D4629
:106F2000044606A901201746FEF77EFB0BA906A81A
:106F30000AF01EF8032D55D17D680A2205A92846BE
:106F40000AF07CFA059EB542804615D032782D2A8B
:106F500012D101360A2205A930460AF06FFA059BC4
:106F60009E4209D01A782D2A06D1451E0B2D0CD928
:106F70002E4920460DF03BF820460DF06DF86FF0DD
:106F80001505284614B0BDE8F0815E1C0A2205A94B
:106F900030460AF053FA059B9E42EDD01B78002B39
:106FA000EAD1431E1E2B01D92149E2E7A8F26C73F6
:106FB000CDE90F53BA680E900BA92046FFF760FF8A
:106FC0000028D9D10BA8FEF763FCB1F1FF3F08BF41
:106FD000B0F1FF3FCDE9060108D1164920460DF07A
:106FE00006F8CCE7022DC7D17A68E5E700230893BD
:106FF000012006A9FEF758FB054628B102460E49B6
:1070000020460CF0F4FFBAE70B9B03930C9B029312
:107010000D9B01930E9B109A00930F9B0749013320
:1070200002F26C7220460CF0C6FFAAE71EBE0100F9
:107030002DBE01003ABE010063BE01007ABE010010
:1070400010B592B0044604A90120FEF7EDFA09A993
:1070500004A809F08DFF099B03930A9B02930B9BE5
:1070600001930C9B0E9A00930D9B0549204601331A
:1070700002F26C720CF09FFF002012B010BD00BF36
:107080007ABE01002DE9F0411446884607461022D9
:10709000606800210AF046FAB8F1020F06461CD9D2
:1070A000A0680A2200210AF03DFAC5B21F492A460B
:1070B00038460CF080FFB8F1030F1DD8102D0ED00C
:1070C000202D0FD0082D0FD13278D2B218490023CD
:1070D00038460CF070FF00200CE02025E6E73288EF
:1070E00092B2F3E73268F1E7384612490CF063FFD9
:1070F0006FF01500BDE8F081E068102200210AF071
:1071000077FA0B4602460C49044638460CF053FF0A
:10711000102D06D0202D07D0082DE5D1E4B2347013
:10712000D9E7A4B23480D6E73460D4E7C9BE010001
:10713000F4BE0100DEBE010007BF01002DE9F047EB
:1071400086B000230193534B91460122074688469F
:107150001A60FEF7F5FB4FF0FF3520262C464E4A0D
:1071600049464046FEF710FC431C06D1691C41D13C
:107170004A4938460CF03BFF17E073281AD07728AD
:1071800028D0612811D1DFF830A101AADAF8000077
:10719000102101F09BF9019B0546002BDFD0DAF8A6
:1071A00000203F4938460CF022FF6FF0150006B072
:1071B000BDE8F087DFF800A101AADAF8000000219D
:1071C00001F084F9019B0446002BC8D0DAF80020B6
:1071D0003449E7E7DFF8E0A001AADAF8000000216F
:1071E00001F074F9019B0646002BB8D0DAF80020B4
:1071F0002D49D7E7621C01D12C49BAE75FFA86F81E
:10720000A8F10803DBB2182BC6F3C40604D8284A39
:1072100022FA03F3DB0723D42649424638460CF012
:10722000CAFEC2E7B8F1100F21D0B8F1200F24D068
:10723000B8F1080F01D10A781A703144334442186A
:10724000102AEFD9102CA14628BF4FF0100929466B
:107250004B4602AA384601F033F81035A4EB090476
:10726000B4B1A642EED802AB2946701BE7E70A8804
:1072700092B21A70120A5A70DFE70A681A70C2F3E3
:10728000072C120C9A70120A83F801C0DA70D4E746
:1072900020468CE7AC02002057BF01005EBF010012
:1072A0001DBF010030BF010043BF01007BBF0100D3
:1072B0000101000195BF010090AE002070B50E4E97
:1072C000044633780D4629B123B1BDE870400B491F
:1072D0000CF08DBE83F0010333702BB108492046BA
:1072E0000CF069FE01233370294620460022BDE8D8
:1072F00070400CF0CBBE00BF88CB0020AFBF0100B8
:10730000EABF01002DE9F041DFF80C813B4E054654
:107310000C468F18A74201D1BDE8F08198F80020F3
:1073200014F8013B182A22D1112B20D1344C3549B5
:1073300022680026284688F800600CF03CFE2846AB
:107340003146FFF7BBFF304B18780028E4D12F4AB5
:1073500023681168042B2EDC08B12360116013F040
:1073600003012FD1126813681BBA1360D4E7A3F18D
:107370003002092A88F8003004D923F02002413A6B
:10738000052A04D83168224A5354013131603368E8
:10739000022BBFD110221E4800210AF0C3F81D4A5B
:1073A000136803F8010B1360154A13680133136067
:1073B00000233360AEE7086800BA41F8040B043BD1
:1073C0000120C7E75B4203F0030358BF594202297B
:1073D00004D1126813885BBA9BB2C6E703299BD11C
:1073E000106802681104C2F3074301F47F010B43E4
:1073F00002F47F42134303608EE700BFB8AE002063
:10740000BCAE002014C001008ACB0020C0AE00201A
:107410008BCB0020C4AE002089CB00202DE9F8439F
:107420000D462749274E00230B60274933708046BD
:107430000B601746012DB94657F8044F1DD9234953
:107440000222204611F07FFA70B9A378003B18BFE2
:1074500001231C441E490222204611F074FA28B967
:1074600001233370013DE5E70023F2E71749204689
:10747000FAF76CF8C0B909F1040900221146D9F8ED
:1074800004000AF04FF8134B002211461860D9F897
:1074900004000AF047F8104B104918604046FFF707
:1074A0000DFF0020BDE8F88323782D2BE5D163780C
:1074B000002BE2D00A49224640460CF07CFDD1E781
:1074C000B8AE00208ACB0020BCAE00202EC0010048
:1074D00031C00100C4AE0020C0AE00200573000022
:1074E00034C0010007B5094810F0D9FC58B1042395
:1074F00000930649064801233A2200F035FF002098
:1075000003B05DF804FB6FF01200F9E7CC8F0100C7
:107510007C94010038B54468C4E90012A360446853
:107520002346402253F8405B63626263002304F108
:107530003802C4E90423C4E90A33C4E90633082243
:1075400023632262C4F8B830AB682BB11B6C1BB14B
:107550000949224628469847AB681B6A0BB1284662
:1075600098470649002204F1800011F0FFF8C4F8A2
:10757000B440002038BD00BF81750000AB3C010065
:107580002DE9F04F054685B00C468368DB6B03B1EF
:107590009847AB68DB6A002B34D1DFF838A14FF095
:1075A000000804F12409218E238D626B5B1A9BB2C3
:1075B000D31A934204F1280B28BF1346594603AA55
:1075C00048460CF0F5F80746002838D0AB68039918
:1075D0001B697BB30246284698470646002818BF19
:1075E00048F001083246594648460CF017F90EB1EA
:1075F000BE42D8D0B8F1000F08D0D4E90131002044
:10760000984703E0284698470028C6D1AB68DB6955
:1076100053BB28460CF0F1FA68BB28460CF0D6FAAA
:1076200040F6CD420023CDE9002304F1800009F0AB
:107630002FFA1DE06FF057064FF00108D2E7DAF895
:10764000003013F0060F04D0214A022150460CF0FE
:1076500001FAAB681B69002BCCD001220DF10B01A4
:10766000284698470646C2E7284698470028D0D1C2
:1076700005B0BDE8F08F628BE38A9B1A226A9BB249
:10768000934204F1100704F11A0828BF134641463B
:1076900003AA38460CF08CF8064698B1AB680399FB
:1076A000DB6863B1024628469847024641463846A1
:1076B0000CF0B4F8D4E9013101209847D8E76FF015
:1076C0005702F3E728460CF081FAC4F8B860F1E7F6
:1076D00096C101003807002010B5816804461831B2
:1076E00001F080F9A168034A20461831BDE8104036
:1076F00001F018B9D8C1010038B58368D3F88032D9
:10770000DB0504461DD4C0690DF06CFA606803689F
:107710005B689847054620B9E0680DF064FCA368F3
:107720001D75A3685B6C13B1294620469847A36872
:1077300002F08AFA0022C3F8A022034B185802F084
:10774000FFF96FF00F05ECE70800000001490CF0AD
:10775000E5BA00BFC2BA01002DE9F04FA7B0044658
:107760005422002111A811F0C5F80023CDE90533FA
:10777000A36820465C3302930CF0FAFF20460CF01D
:107780003DFF10B96069FFF7E1FFA06814220021F6
:10779000183011F0AFF820460CF08CFEA168E068BC
:1077A000B1F854205C3100260DF0E2FB20460DF0CC
:1077B00043FC4FF0FF38B246039611AFB34635464F
:1077C000B146DDE90532012A6BD0132B6CD8B8F134
:1077D000000F2AD1BBF1000F0AD020460DF04DFC5E
:1077E000A26814235C3211A90DEB03000CF002FD1A
:1077F000B9F1000F0CD099F81130FE2B08D1059B80
:1078000026AA02EB830252F8542C0AB101330593E5
:10781000A068436A002B40F0B580C6B1C369B3428B
:107820002BD00D9600F1180522E0029A022339466A
:1078300006A80CF0DFFC06997A680292034631B183
:1078400001290AD148B16A4A20460DF040F86FF08C
:107850000705284627B0BDE8F08F059B002B32D0E6
:10786000386801F0EFF898B166B1A5680D96183543
:107870000CAE0FCE0FC533682B602046FFF72CFFF0
:107880000125E6E75B4A012120460DF020F8DEE7FE
:10789000059BC3B13A682946204601F073FA0228D5
:1078A00009D1059B132B95D9069B022B92D1524BE4
:1078B000524A0121C8E7032805D0059B01330593EF
:1078C0004FF0010B7DE7039B2BB9396807AA4846A7
:1078D0000CF067FD0546043708F1FF38A5B3EB68E7
:1078E000BBF1000F08D0FBB120460CF041FF204651
:1078F0000CF09BFE424AC6E7B3B1A368DDF814A0C2
:10790000AE4603F1180CBEE80F00ACE80F00DEF83D
:107910000030CCF80030AB6833B96B7CFE2B04BF71
:1079200095F8108008F1FF38D5F804C0BCF1000FBD
:1079300008D0AE46BEE80F000CAE0FC6DEF8003031
:1079400033606646A94603E0059B63B101230393B8
:10795000B8F1000F03D1069B022B7FF432AF059BD9
:10796000013305932DE7A368DB6A13B1DB68002BB5
:10797000ECD1244B0093244A119B012120460CF0AA
:10798000A6FFE3E7059D90F82830A5EB0A05BBB1FB
:1079900090F829104FF6FF72FF2918BF0A469D4242
:1079A00002D313449D420BD98369184A0121204612
:1079B0000CF08DFF2046FFF78FFE6FF0150548E7AE
:1079C00001210CF0CAF9A0680CF0BBF9A36811AA58
:1079D00029465B6A02EB8A02204698470546A06862
:1079E0000CF0B3F9A06800210CF0B7F931E700BF43
:1079F000E6C10100FAC101005BC20100BBAF01009A
:107A000018C2010047C2010039C501007FC2010050
:107A1000F7B5044680680D46817D002949D1D0F82C
:107A200080325A0504D50CF0A3F9E0680DF072FA23
:107A3000E368DB6873B9002D3BD0A66806F15C07EC
:107A400038460CF078F9002835D0394606F5AE7086
:107A5000F9F786FDA268E0680DF106035C3229465D
:107A60000DF05BFA58B9A06800F5AE715C30F9F71B
:107A700077FDA0685C300CF05EF9ADF8060020469A
:107A80000CF06FFEA368D3F87C329B0603D50B493C
:107A900060690CF043F9204600F07EFDA268BDF855
:107AA0000630A2F85630A2682046A2F854300CF0F6
:107AB000BCFD03B0F0BD86F85C01CBE73096010059
:107AC00010B5836802221A7583689B6C0446BBB9A3
:107AD0000CF0FBF88368D3F88032DB040BD503216C
:107AE000084B094A0CF0F3FEA0686FF4805100F5D2
:107AF00020700CF004F92046BDE8104000F0D0BE24
:107B000010BD00BF9AC20100A5A701002DE9F04FEA
:107B1000B1B0002304460993A36860689E6C0268B4
:107B200015691EB3DF6C102209AB1BA9A847099B7E
:107B3000CBB10121A0680CF010F9A0680CF001F99C
:107B40003B46099A1BA92046B047A0680CF0FDF8F7
:107B5000A06800210CF001F9A3689B6C002BDBD11D
:107B60002046FFF7ADFF31B0BDE8F08F09AB012231
:107B70000DF12301A847099B002BF4D09DF9231098
:107B80009DF82330A2680029C6DB517D032900F24D
:107B90001C83DFE811F004009002B3021A030D2BDE
:107BA00043D00A2B41D0B2F88012092B21F0FF01FB
:107BB000A2F880126DD028D8002B00F00281082B8B
:107BC00000F0EC81A268D2F87C12890740F1F980BC
:107BD000013B162B00F2F580DFE813F0E002FF0115
:107BE0000302FB01DA021C02F300F300F300F300CE
:107BF00020022402F3003902F3003E02F300F300F6
:107C0000F30040025002F30065021B2B3DD07F2B96
:107C100000F0D181A3F120025E2AD3D80121A0680F
:107C20000CF0A6F89DF82310BBE0D2F88012C9B280
:107C300021B1D2F88012C9B28B42C3D1B2F88012FE
:107C400063F30701A2F88012A568AB7D012B06D172
:107C50006069FFF77BFDA36802229A7583E7B5F898
:107C6000541061B928460CF083F8E0680DF052F921
:107C70006069FFF76BFD2046FFF722FF4CE72046C7
:107C8000FFF76AFDC5F8A402F5E7A36801225A755B
:107C900097E0A068D0F87C329B0740F192800121E8
:107CA0000CF066F8A068857D002D40F08A80B0F861
:107CB0005430FF2B00F08580B0F8562000F15C01B5
:107CC00000F5AE7010F0EFFDA368B3F85620134432
:107CD0001BA983F85C51A268142302F5AE720BA8AD
:107CE0000CF088FA0B9914296BD830AB03EB8103A5
:107CF00043F8545CA368B3F85620002A00F067826A
:107D0000134493F85B30202B00F0658221B1093BCE
:107D1000042B4BD9012948D100250A950A9B30AA8A
:107D200002EB8303002653F854AC50460CF003F8E2
:107D3000B34681463746B04616AA4146284600F06B
:107D40008BFB0346002840D1012E67D10A9B30AA45
:107D500002EB830353F8540C0BF0EDFFA2680646C8
:107D600018323946284600F077FB056828460BF0A4
:107D7000E2FF864205D0821B92B2A91920460CF080
:107D8000EDFDA068B0F85630034493F85C30202B2A
:107D900033D0093B042B30D9D0F87C32DF0731D403
:107DA0002021204600F044FD0BE0013900200CABFF
:107DB000009301900AAB1BAA0CF01EFB054600289D
:107DC000ACD160690CF06FF9A6E61B6803934A46D4
:107DD0005146184610F0B7FD60B9039B1846F9F7F5
:107DE000C7FB584538BF58461FFA80FB002E08BF16
:107DF0004746013608F101089EE7012120460CF0B4
:107E000048FCDEE700210BF0BEFF2021204600F0F9
:107E10000FFDA06801210BF0B6FFD2E70490D0D986
:107E20000A9A30AB03EB8202B94652F8543C0393F2
:107E300018460BF080FFA268049B0690A2F8403021
:107E40000496A26849461832284600F005FB039BB9
:107E5000D0F800A0D4F8088009F10109002B38D02F
:107E6000BAF1000F38D0069A1946504610F06BFD53
:107E70000028E6D19B480BF05EFFB8F83A2000EBF3
:107E80000B0189B2121A504692FBF1F292B205919F
:107E900007920BF050FF0599079A091A8BB2B8F8B0
:107EA00040100593481CA8F84000B1FBF2F002FB1B
:107EB000101189B200295ED18A4B8B4ACDF800A0FF
:107EC000062120460CF003FD0599204600F04EFBEC
:107ED00005E0BAF1000FCDD10023A8F84030049B93
:107EE000013B0493ADD16069FFF730FC204600F000
:107EF000D7FC0A9B30AA02EB830307F1010953F870
:107F0000540C0BF018FF394611AA8046284600F0A1
:107F1000A3FA0746A0683968FF2200F5AE7010F09A
:107F200024FD3B6803934FF6FF77BA4616AA4946ED
:107F3000284609F1010B00F08FFA18B3A168036815
:107F400001F25B11002211F801EF985C704503D13A
:107F500010B101325245F6D1B8F1000F01D04245BF
:107F600007DBBA4206F1FF36A8BF3A46012E97B2A8
:107F700008D0D946DAE75D4A5346062120460CF080
:107F8000A6FCA1E7002F3FF41CAF0399A7EB080262
:107F900092B2414420460CF0E1FC12E7A068D0F810
:107FA0007C329E077FF50DAF01210BF0E1FE2046EC
:107FB0000CF0F5FC05E7A068D0F87C329D077FF552
:107FC00000AF01210BF0D4FEA368D3F87C32180770
:107FD000EDD420460CF0C4FCF3E620460CF0D1FBB7
:107FE000EFE620460CF0C4FB20460CF007FB10B96E
:107FF0006069FFF7ABFBA06801210BF0B9FEA36835
:108000009A7D012A02D103229A75DAE62046FFF70B
:1080100057FDD6E620460CF0BDFBD2E620460CF01C
:10802000C4FBCEE6D2F87C329F0603D530496069A6
:108030000BF074FEA368D3F87C329E0603D52D495D
:1080400060690BF06BFE204600F02AFCB9E60021C7
:108050002046FFF7DDFCB4E60121F9E7E06983681B
:108060001B79012B02D10CF0BDFDAAE6022B7FF497
:10807000A8AE126D21460CF09EFDA2E620460CF043
:1080800070FB20460BF021FE0121A0680BF070FE72
:10809000A368D3F87C329D067FF593AE16496069DC
:1080A0000BF03CFE8DE6204600F0F0FAA0680121BE
:1080B0000BF05EFE85E65B2B02D10223537580E652
:1080C000D2F87C22900706D5622B07D14FF0FF3102
:1080D00020460CF007FBA3680022D8E5662BFAD1F6
:1080E0000121F5E726B70100DEC20100A5A70100C6
:1080F000359601003A960100309601000021517535
:10810000A268D2F87C1289077FF506AD313B1B2BA4
:108110003FF657AE01A151F823F000BF998100004E
:10812000A5810000B98100008D810000C37D0000A1
:10813000C37D0000C37D0000C37D0000C37D00003F
:10814000C37D0000C37D0000C37D0000C37D00002F
:10815000C37D0000C37D0000C37D00005980000086
:108160004F80000015800000DB7F0000C37D000011
:1081700091810000C37D00009D810000C37D00004F
:10818000C37D0000C37D0000A98100000323537557
:1081900020460CF0EDFA14E60323537520460CF04C
:1081A000E0FA0EE603235375A068D0F87C1201F0C4
:1081B000010181F001012EE603235375A368D3F872
:1081C0007C329B077FF5FDAD03E7002376E70029AE
:1081D0007FF4A0ADA0E500297FF4E8AD9CE500BFE9
:1081E000F7B504468068154600F52070002937D0A1
:1081F0004FF480410BF074FDA3681D65606803684F
:1082000000219B68984780BB20460BF045FE60BB71
:108210004FF0FF364FF0FF37A06800F521700022C5
:108220000721CDE9006710F01BFBA0680BF08DFD66
:108230000F4A042120460BF013FE0E4A012120466E
:108240000BF00EFE20460C4A02210BF009FE60687E
:1082500003685B6903B19847A0680BF072FDDBE728
:108260006FF480410BF04BFDC6E703B0F0BD00BFDB
:10827000F97600002F3E0100D33D010010B50B49F7
:1082800004460BF098FE204609490BF094FE204668
:1082900008490BF090FE204607490BF08CFE204663
:1082A000064A002100F03EFB002010BDE4C20100A0
:1082B00022C3010081C30100D5C3010070C40100C5
:1082C000F8B516460A46214904461F460BF073FED0
:1082D0000025AF420ED9725D1D4920460BF06BFEA2
:1082E0000135102D0BD06A07F3D11A4920460BF047
:1082F00062FEEEE7184920460BF05DFEF0E71749F5
:1083000020460BF058FE0025BD4213D2725D144981
:10831000A2F120035F2B28BF2E2220460BF04BFE3C
:108320000135102D0BD06B07EED10A4920460BF01A
:1083300042FEE9E7074920460BF03DFEF0E7204604
:108340000849BDE8F8400BF036BE00BF86C4010006
:108350001FB7010027B7010025B7010029B70100A9
:10836000ADC401008DC401002DE9F04104468068D0
:10837000D0F8A06288B0884615461F46002E50D11E
:108380004FF42A72314610F0B5FAA06800F521705A
:1083900010F05AFAA06800F52470012211460FF07F
:1083A00031FFA3691E60A0684FF4007100F52070D2
:1083B0000BF096FCA36850225A87A36818221A87EC
:1083C000216820460BF021FEA368174A66F3820558
:1083D000C3F87C526068036841461D682346A8477D
:1083E0000546D0B9A36801221A75D4E90A01002212
:1083F0000023CDE906230E2303930E9B0495CDE9BC
:1084000001730094094B4FF4006207F001FDA3686B
:10841000C3F8A002616A07F031FC284608B0BDE845
:10842000F0816FF07705F8E7A53D0100E1810000DC
:1084300010B5044613460A460146064801F096FD6B
:1084400023691B7923B12046BDE810400BF02BBEF9
:1084500010BD00BFBF40010038B50B46154648B9F6
:108460001449154A521AB3EB920F05D251F8235012
:10847000284638BD84680CB90025F9E70F4A9442B4
:108480000AD30F4A944207D21846226829469047D9
:108490002B68002BECD1EFE70A4A944202D30A4A38
:1084A000944205D3246814225343E518E358F0E7B7
:1084B0000133F8E7AC940100DC9401000896010058
:1084C00010960100DC94010008960100F7B50378CE
:1084D0002D2B0446154605D16FF015032B600020A7
:1084E00003B0F0BD01F0B0FB0B4F00230646C351B3
:1084F0000A46204601A909F015F8F359222B02D1AA
:108500006FF02103EAE7002BE6D1019BA342E3D001
:108510001B78002BE4D0DFE70C0000008368D3F861
:108520007C329B0603D5024940690CF048B870477D
:108530004096010001490CF042B800BFC2BA0100E8
:108540000A1E0DDC0ED042238168D1F87C12890608
:1085500008D5002A04494069B8BF52420CF02FB830
:108560004123F1E7704700BFA9C401000A1E0DDCDA
:108570000ED044238168D1F87C12890608D5002AE0
:1085800004494069B8BF52420CF019B84323F1E7DF
:10859000704700BFA9C401002DE9F0478468054673
:1085A00004F15C00F8F7E4FF002294F83C8087B205
:1085B0009146668FA6EB0806BE4209DB002F21DD3F
:1085C0005C32686910492244BDE8F0470BF0F7BF00
:1085D000164434445C3294F85CA084F85C90AB6838
:1085E0000A4968691A440BF0EAFFAB683344324623
:1085F00083F85CA0AC68638FA3EB0803FF1A4FF00D
:108600000008D6E7BDE8F087A5A70100BBAF0100D1
:1086100008290A4617D8836893F83E10914212D071
:1086200083F83E208368082AD3F87C3205D0990667
:1086300009D5054940690BF0C2BF9B0603D5034924
:1086400040690BF0BCBF7047B0C401004596010003
:1086500038B50D4609780446FFF7DAFF6A78072A2D
:1086600011D8A36893F83F1091420CD083F83F20B3
:10867000A368D3F87C329B0605D560690249BDE842
:1086800038400BF09CBF38BDB9C40100F8B5836811
:10869000B3F854200446002A55D0B3F856100029E8
:1086A00051D05B3103F15C050B441846A84206D358
:1086B000014611F80169202E3CD0A8423CD286B276
:1086C0009DB2AB1B9BB2591C471CD21A01443846C1
:1086D00010F0F7F8A268B2F85430711B13FA81F366
:1086E000A2F85430A368B3F854201344002283F84E
:1086F0005C2009B220460BF0CCFFA368D3F87C3293
:108700009A0603D5104960690BF059FF3B460F4AA2
:10871000082120460CF0DBF82046FFF7FFFEA36897
:10872000D3F87C329B060ED560690949BDE8F84054
:108730000BF045BF0846B9E7014611F80169202E44
:10874000BDD00846B9E7F8BD4A960100A5A70100CB
:108750004E9601002DE9F04704460F4690460AB1B7
:10876000FFF7DCFEA668D6F87C32B6F856505B07F9
:1087700023D505F15C003044F8F7FAFE0546B5B99B
:10878000A368B3F85420A3F85620A0680BF024FF88
:1087900030B1B8F1000F00D017B16069FFF7CAFE21
:1087A0007942204609B2BDE8F0470BF072BF1D497F
:1087B00060690BF004FF013DE1E73046F8F7D8FEB1
:1087C000B6F85490738F19FA80F915FA80F0B0FB5F
:1087D000F3F2B9FBF3F39A42AA461AD04845A368CC
:1087E000CEDA5A8FB0FBF2F302FB1303451C13B928
:1087F0006069FFF79FFEA3680B4A5344204693F835
:108800005C300AF1010608210CF061F8B2462846F6
:10881000E4E75C35054A7319082120460CF057F847
:10882000AEE700BF8ACF0100ADC40100A5A70100DB
:1088300013B583688DF80710D3F87C220446D0075F
:1088400025D5B3F85610B3F854208A421FD0481CDF
:10885000A3F856000B449DF8072083F85C20A3681A
:10886000D3F87C12890710D5D3F87C3260690B49A4
:1088700013F0040F18BF2A220BF0A1FE20460BF0C4
:10888000BDFE10B16069FFF755FE02B010BD0122B8
:108890000DF1070120460CF027F8F6E7ADC4010002
:1088A00010B583689A7D04461AB9094A02210CF072
:1088B0000EF8A368D3F87C329B0707D52046FFF754
:1088C0006BFE2046BDE810400BF0BEBE10BD00BFE1
:1088D000A5A7010001490CF009BA00BFC2BA010006
:1088E000F8B50F465168054616461C4611B11A46A2
:1088F0000CF009FAB3688BB121462846FFF736FE23
:10890000074A08213B4628460BF0E1FFB168E21D0B
:1089100021B12846BDE8F8400CF0F5B9F8BD00BF1C
:10892000C2C401002DE9F0430E46002189B004467F
:1089300017460D4603AA304601F10108FFF78CFDEA
:1089400088B96DB127B13A46082120460BF0BFFF28
:10895000002103AA304601F10108FFF77DFD60B94F
:1089600009B0BDE8F083006810B1F8F701FE80B2ED
:10897000854238BF05464146DCE7D0F80090B9F1A2
:10898000000F0FD099F8003063B14768124B134ABB
:10899000CDE90059082120460BF099FF27B96069FD
:1089A000FFF798FF4146D4E70B4B0D4A20460821BC
:1089B0000BF08DFF38460CF087F9AB1D9BB228B148
:1089C0003A4649462046FFF78BFFEBE71A46394601
:1089D00020460CF098F9E5E7A4D70100CDC40100CA
:1089E0001AB70100F7B50F6805460E46D7B13846ED
:1089F000F8F7BEFD84B2114B009308213B46284690
:108A00000F4A0BF064FF716808460CF05DF9E31C37
:108A10009BB248B10A463168284603B0BDE8F04031
:108A2000FFF75EBF3C46E6E731B11A46284603B081
:108A3000BDE8F0400CF067B903B0F0BDA0D701006D
:108A4000DFC2010010B507490446F8F77FFD38B1D1
:108A500005492046F8F77AFDB0FA80F0400910BDCC
:108A60000120FCE7D4C40100D7C4010010B583681D
:108A7000D3F87C329B06044603D5064940690CF0C6
:108A8000AEF9A36850225A87A36818221A870020DB
:108A900010BD00BF5296010008B5836902491A68EB
:108AA0000BF089FA002008BDDEC40100F7B50C49BF
:108AB0000C4C0D4E05460BF07EFA0022B44202F13A
:108AC000010702D3002003B0F0BD636A0093A368DE
:108AD000064992B228460BF06EFA30343A46EDE77A
:108AE000EEC401007C940100AC94010006C50100B5
:108AF00008B502490BF089FA002008BDC3BA01008D
:108B000037B504460025A268E0680DF1060302F5BA
:108B1000AE7201210CF001FABDF80600A36840B165
:108B20002A46064903F5AE7320460BF044FA013598
:108B3000E9E783F85C0103B030BD00BF17C5010051
:108B400010B504460BF09AFA0349024620460BF092
:108B500032FA002010BD00BF2AC00100022907B56B
:108B60000BD15368009312680B4B0C490BF03FFA82
:108B70006FF0150003B05DF804FB8368084AD3F872
:108B80007C32084913F0020F074B18BF1A460BF04E
:108B900012FA0020EEE700BF21C5010036C5010032
:108BA00082B301003FC501009CB8010010B5836885
:108BB000D3F87C329A06044603D5074940690CF085
:108BC0000EF9A368D3F87C329B0603D5034960698C
:108BD0000CF005F9002010BD599601005E960100C9
:108BE000F0B5012985B004460BD053680093126894
:108BF0005E4B5F490BF0FBF96FF01505284605B099
:108C0000F0BD8368D3F87C329A0603D55949406990
:108C10000CF0E5F86FF0F9012046FFF791FCFA211E
:108C20002046FFF7A3FCA06800254FF48072294678
:108C300000F5AE708DF80B500FF05CFE4E49606988
:108C40000CF0CDF860690BF02EFA4FF47A7660687C
:108C5000036801221F690DF10B0103ABB847039BA9
:108C60000BBB013E4FF47A70B6B20FF0F3F8002E52
:108C7000EDD16FF08505A368D3F87C329B0603D550
:108C80003E4960690CF0ABF8002DB7D0A3683C49B1
:108C900050225A87A36818221A8720460BF099F9A8
:108CA0006FF00705AAE79DF80B20A3681B2A4FD099
:108CB00093F85C111B29CAD1522A49D15A190023B1
:108CC00082F85C31A66896F85D215B2A27D106F20E
:108CD0005D15022215F8010F11463B2802F1010231
:108CE00092B21FD1FF29C4D001F5AE7116FA81F1FD
:108CF000002011F8015FFDB9FA28074686F85C519B
:108D000028BFFA27FA2B1A46A16828BFFA220028A2
:108D1000AFD0002BADD04F87A3681A87ABE786F89A
:108D20005C31A6E703EB8303303800EB4300B2F578
:108D3000807F83B2CED19CE7013200EB800092B2FB
:108D4000303D05EB4005B2F5807FA8B2D1D190E768
:108D50002B440135ADB2092D83F85C217FF677AF46
:108D6000A368002283F85C2183E700BF21C50100CE
:108D700036C5010064960100A7D70100689601007E
:108D800050C501002DE9F04F074689B015468946C8
:108D900021B110460CF03CF900285BD1032455E0CA
:108DA0005C463CE029460AF5AE700FF0FDFD064634
:108DB000002854D0F8F7DCFB82B2601C0132314647
:108DC00030440FF07EFD2246594630460FF06BFDD1
:108DD0004FF020033355BAF8583001331C44AAF839
:108DE000584008F10108002401994B1C03AA484689
:108DF0000193FFF731FB0646E8B1316800222846AF
:108E00000CF0A3F90028EFD1D6F800B0D7F808A0ED
:108E1000BBF1000FC4D05846F8F7AAFB84B2BAF8E9
:108E200058302344FF2BBDDD0E4A2B460321384624
:108E30000BF04DFD0124B8F1000F07D0B8682A46A9
:108E400000F1580100F5AE700BF084FA204609B02D
:108E5000BDE8F08F4FF0000841460224C5E7022428
:108E6000E9E700BF47CA010008B504480AF002F963
:108E700003480AF0FFF8002008BD00BF99CA0100AE
:108E8000CECA0100014807F01BBF00BFC8A2010005
:108E900038B5044618B90F4B0F485B6898476168AE
:108EA000B1F5683F10D0B1F5680F0DD00B4DA94258
:108EB0000AD011F46861206807D0014608480FF015
:108EC00097F800232360656038BD14220FF012FD6F
:108ED000F9E700BF4C050020FBCA01002C5F5CA92C
:108EE000C8B6002008B520B34368B3F5683F10D179
:108EF00001220368BFF35B8F53E8001F002903D1F1
:108F000043E800200028F7D1BFF35B8F0DD100208C
:108F100008BD094A93420AD000684FF0FF324FF073
:108F2000FF3306F00BFB0028F1D00448F0E70448BB
:108F3000EEE76FF4E040EBE72C5F5CA9E98FFFFF01
:108F4000EA8FFFFF08B5D8B14368B3F5683F10D189
:108F500000220368BFF35B8F53E8001F012903D190
:108F600043E800200028F7D1BFF35B8F0BD100202E
:108F700008BD074A934208D0006806F051FBF6E7A7
:108F80006FF4E040F4E70348F2E70348F0E700BF7E
:108F90002C5F5CA9E98FFFFFEA8FFFFF10B5044645
:108FA00018B91D4B1D485B6898476368B3F5683F67
:108FB0002FD0B3F5680F2CD0194A934219D12368EA
:108FC00003BB18484FF0FF324FF0FF33214606F045
:108FD000BDF908B923681BB90F4B13485B68984764
:108FE0002068142200210FF085FC4FF46863636051
:108FF00008E0B3F5680F0DD83A2B03D040F6BA62FB
:109000009342DED120680FF052F8636843F03A03D0
:10901000636010BD054AF3E74C050020FBCA010060
:109020002C5F5CA9C8B6002021CB01003A00003AB1
:1090300008B506490648402314220EF0CCFFBDE8CF
:1090400008400449044807F0ADBE00BFC8B1002085
:10905000C8B60020D0A20100E4A2010008B5034870
:10906000034A0021121A0CF01CF808BDD809002090
:10907000CCCB00200748084A084908B5121A0CF062
:1090800012F80748074A0849BDE80840121A0CF0D0
:109090000AB800BF00000020D4090020E4D7010076
:1090A0000000002000000020E4D701002DE9F04F6F
:1090B00083B0814600AF0C4600297AD0484D2B681A
:1090C000580736D06E468AB0D1E90001A3686A46D7
:1090D000DFF820C14FF00508CDE905C0CDE9071341
:1090E00042F8108F00234FF421512846FDF764F910
:1090F0002B685907B5461CD08AB0D4E903016369CF
:109100006A46DFF8F4C0CDE90713CDE905C042F89F
:10911000108F00234FF421512846FDF74DF92B689D
:109120005A07B54605D0E3692E4A012128460AF0C0
:109130009AFCDFF8C8A0A04600264FF00A0B2B6867
:109140005B071FD0C7F804D08EB0D8E908C0D8E9B3
:109150000A136A46CDF81CC006F1010CCDE908C01F
:10916000B01CCDE90A01F11CCDE905A6CDE90C132F
:1091700042F810BF1A48002345F24001FDF71CF9E0
:10918000D7F804D00436102E08F11008D7D12B6878
:1091900058070ED0236E0121134A11480AF063FCD0
:1091A0002B68590705D0A369104A0D4801210AF020
:1091B0005AFCB9F1010F0AD1EFF3058308480268A0
:1091C000520704D00A4A103B49460AF04CFC21469B
:1091D000484605F0D7FE0C37BD46BDE8F08F00BF0E
:1091E00018070020ACCB0100FECB01000DCC010024
:1091F0003BCC01004ECB01007DCB0100BBCB01007D
:1092000030BFFFF7FDBF00BF2DE9F0410B4EDFF887
:10921000348006EB0807CC1B054632460849204639
:109220000FF041FBA01942460021083C0FF062FB01
:10923000C5F8AC4007F10800BDE8F081000000006F
:10924000109601000800000010B52D4C23685A0745
:1092500003D02C4920460BF033FF2B4B9B6A9B011C
:109260004BD52368580703D0284925480BF028FF21
:109270001E20254B9B6AD90107D523685A0703D0C6
:1092800023491F480BF01CFF1F201F4B9B6A1B0329
:1092900007D52368580703D01E4919480BF010FF63
:1092A0002120194B9B6A590307D523685A0703D01D
:1092B000194913480BF004FF2220134B9B6A9B03B0
:1092C00007D52368590703D014490D480BF0F8FE61
:1092D00023200D4B9B6ADA0307D523685B0703D075
:1092E0000F4907480BF0ECFE2420074A936A6FEA07
:1092F00003436FEA1343936210BD1D20B9E700BF1B
:10930000180700204ECC010000ED00E066CC010003
:1093100079CC010093CC0100B1CC0100D6CC010086
:10932000F0CC0100F8B5374C23685B0706460D46C4
:1093300003D0354920460BF0C3FE344B9B6ADF0453
:1093400051D52368580703D031492E480BF0B8FE99
:1093500017202E4B9B6A190507D523685A0703D09F
:109360002C4928480BF0ACFE1820284FBB6A9B05FF
:1093700019D52368580703D0274922480BF0A0FECF
:10938000BB6BBA6A11040DD52268520704D0234A78
:109390001C4801210AF067FB26B11C4A936A23F49A
:1093A000004393621920194B9B6A5B0507D523681C
:1093B0005F0703D01A4913480BF082FE1A20134BA3
:1093C0009A6AD60511D52368590703D015490D4867
:1093D0000BF076FE1B200D4A936A43F47F439362A1
:1093E00000232B70F8BD1620B3E79B6A9A04F2D5D0
:1093F00023685B0703D00C4902480BF061FE1C2078
:10940000E9E700BF180700201BCD010000ED00E0D8
:1094100031CD010042CD010055CD01006ECD0100DE
:1094200083CD01009ECD0100B6CD01002DE9F047AE
:10943000454D2B68894659078046174603D0434956
:1094400028460BF03DFE424B9B6ADA0639D52B6865
:109450005B0703D03F493C480BF032FE11243C4BE4
:109460009B6A1E0707D52B68580703D03A49364830
:109470000BF026FE1224DFF8D8A0DAF8283099077E
:1094800021D52B685A0703D034492F480BF018FE1A
:10949000DAF83460DAF828301B0651D52B685C07FF
:1094A00005D02F4A2848334601210AF0DCFAB9F1E9
:1094B000000F04D0264A936A23F08003936213249A
:1094C00003E01024CBE76FF01506214B9B6AD80709
:1094D00007D52B68590703D022491B480BF0F0FD34
:1094E00014241B4B9B6A9A0607D52B685B0703D095
:1094F0001D4915480BF0E4FD1524154B9A6AD50655
:1095000002D49A6A90070AD55B68190507D54146C7
:10951000304600F097FA10B180F3098802240C4B12
:109520009A6A920642BF5A6A22F400525A629A6AB2
:1095300042F0FF029A6200233B702046BDE8F087AC
:109540006FF01506BBE700BF18070020E5CD01004E
:1095500000ED00E0FBCD010042CD01002ECE010068
:1095600046CE01005CCE0100B6CD01002DE9F041F0
:10957000724B9CB0D3F8048000AF0546C8F30804D2
:10958000002686F31188BFF36F8F02F07F43B3F19B
:109590007F4F0AD102F00C03082B15D168480368ED
:1095A000590702D067490BF08BFD00263546002392
:1095B000FB71E31E092B00F29D80DFE803F00A8FA8
:1095C000928B9B9B9B9B9B9512074CBF0D46012644
:1095D000EDE75B4C23685B0703D05B4920460BF04B
:1095E0006FFD0023FB71554BDA6A900708D523689D
:1095F000590703D0554952480BF062FD002437E06B
:10960000DA6A002A04DA23685A07F7D05049F2E7E9
:10961000DB6A5B00F2D52368580703D04D49484800
:109620000BF04EFD454BA9695A6942F480725A61AC
:10963000BFF34F8FBFF36F8F31F8022C596921F4BC
:1096400080715961BFF34F8FBFF36F8F02F47F4179
:10965000B1F55F4F28D1D2B2022A25D1236859072C
:1096600005D02B683C4A364801210AF0FCF92C68E9
:10967000FB79ABB96822294607F108000FF013F90E
:109680007B6A002E57D0C3F3080222B96FEA532336
:109690006FEA43237B6207F108012046FFF706FDCE
:1096A0007037BD46BDE8F0819A6AD2B22AB1FA1D80
:1096B00001212846FFF7BAFE0EE09A6A12F47F4FA6
:1096C00004D0F91D0120FFF72DFE05E09B6AB3F5DC
:1096D000803F93D3FFF7B8FD0446C9E7FA1D002188
:1096E000E7E7F91D0020EEE7154803685A0785D023
:1096F0001A4981E7124803685B073FF47FAF184AB5
:10970000184B18F4F87FE8468AB008BF13466A463B
:109710001549CDE905134FF40073ADF82030103C26
:10972000124B079442F8103F00234FF41151FCF7FD
:1097300043FEC54662E76FF30803ABE700ED00E0C8
:1097400018070020A9CE0100D4CE0100EBCE010005
:109750000CCF01001ACF010039CF010055CF010015
:109760007BCE010090CE010079CF01000400000102
:10977000044B5A6942F010025A615A6922F00802F9
:109780005A61704700ED00E0EFF30880EFF30981C4
:1097900001B57246FFF7EAFE01BD00BF002080F36D
:1097A0001488BFF36F8F134880F3088804F020FCFF
:1097B000002011490860BFF34F8F00F033F84020BC
:1097C00080F311880D484FF0AA014FF408620BF0A6
:1097D00068FC0A484FF40861401880F30988EFF3E9
:1097E00014800221084380F31488BFF36F8F00F0C8
:1097F000B5F80000000F012094ED00E080F4002097
:109800000749D1F890200023C2F30722184693425B
:1098100000DB7047C1F89830C1F8A0000133F6E7CB
:1098200000ED00E008B572B6002383F31388FFF75C
:10983000E7FF144B4FF0FF32C3F88020C3F88420B9
:10984000C3F88820C3F88C20C3F89020C3F8942074
:10985000C3F89820C3F89C20C3F88021C3F8842162
:10986000C3F88821C3F88C21C3F89021C3F8942150
:10987000C3F89821C3F89C2162B6BFF34F8FBFF3A2
:109880006F8F08BD00E100E01EF0040F0CBFEFF386
:109890000880EFF30980816911F8021C0229FFD0CA
:1098A00001B572460BF001FC01BD00BF40B20028BB
:1098B00007DB044A4109012300F01F00834042F8FE
:1098C0002130704700E100E040B200280CDB430982
:1098D000064900F01F0020330122824041F8232076
:1098E000BFF34F8FBFF36F8F704700BF00E100E001
:1098F000054B420900F01F0053F82220012303FA10
:1099000000F01040704700BF00E100E040B2D30714
:1099100054BF023100210028ACBF00F16040074A6B
:109920004FEA4113ACBF00F5614000F00F00DBB21D
:10993000B4BF135480F80033704700BF14ED00E04B
:10994000044B054A23F07F039360BFF34F8FBFF3AF
:109950006F8F70470010000000ED00E008B5FFF7C2
:10996000EFFF104BD3F8882022F47002C3F8882050
:10997000D3F8882042F4A002C3F888204FF0404278
:10998000C3F83422BFF34F8FBFF36F8F0023E1EE94
:10999000103AFFF763FBFFF76DFB00F037F905F0B6
:1099A0002BFC00BF00ED00E0818941F002018181C4
:1099B0004FF47D41C0F8F81042F8203C009B42F87B
:1099C0001C3C0A49019B42F8183C029B42F8143C9B
:1099D00021F001014FF0807342F8043C42F8081C6A
:1099E0000023203A0265C0F8B030704739570000B4
:1099F000838913F0020F124B03D190F8F920D2069D
:109A000011D45A6B42F080425A63D0F8F8301907EB
:109A10005CBF43F00803C0F8F830838943F00203C9
:109A20008381802070475A6B22F080425A63D0F8BD
:109A3000F8301A0744BF23F00803C0F8F830F0E705
:109A400000EF00E00A4A0346906878B113F1160F60
:109A5000D0F89C0005D0A0F18002934205D3834248
:109A600003D2814228BF002070470020704700BF0A
:109A7000F8BA0020104B9B6883421AD1EFF305809F
:109A8000B8B9EFF31181402282F31288BFF36F8FD0
:109A90009A8922F002029A81EFF3148323F00403DF
:109AA00083F31488BFF36F8F81F31188BFF36F8F37
:109AB00070476FF015007047F8BA002008B51546DA
:109AC0000E460022E1EE102AEFF3148222F0040287
:109AD00082F31488BFF36F8FBFF36F8F0B4A0C4B69
:109AE0009060D0F8AC201A6000F0C0F82C4686F3E5
:109AF00009880020034B98472046002100220023BC
:109B0000014C2047D550010039570000F8BA002019
:109B1000E4B60020014B10221A61704700ED00E00E
:109B2000054B9A699B689A421FBF044A536843F0E9
:109B300080535360704700BFF8BA002000ED00E08A
:109B4000084B9B6883420BD1EFF3058343B1064B6F
:109B50005A6842F080525A605A6A22F400425A62AD
:109B600006F052BCF8BA002000ED00E024498A68F3
:109B700082F8F9E04FF030001044EFF3098C80E8F0
:109B8000F01F1EF0100F03D102F1B80080EC108A14
:109B9000402080F31288BFF36F8F1A4F4FF000669A
:109BA0008A698A603E60D2F8AC00174C206092F956
:109BB000F9E0D2F8B0000023C2F8B03080F3118889
:109BC0001EF0100F03D00023E1EE103A03E002F183
:109BD000B80090EC108AEFF3148323F0040383F3AE
:109BE0001488BFF36F8F04B5104600F03FF8BDE84E
:109BF000044002F1300090E8F01F8CF309887047B0
:109C0000F8BA002004ED00E0E4B600200448002388
:109C10004021C2180133302B82F80013F9D170476C
:109C200000E100E008B5EFF30583064A103B02EBC4
:109C3000C30152F8330049688847BDE80840FFF780
:109C40006FBF00BF8C9001000148006870470000A2
:109C5000E4B60020024B034A0348012100F096B805
:109C60000000042000000020F4A2010010B504460A
:109C7000FFF7BEFED4F89C2003460548D21AC0E97F
:109C80000023044B8360BDE81040012100F088B838
:109C9000E8B6002000000B1508B503461148D0F8BF
:109CA0009020C2F30722013A93420AD90E48026873
:109CB000520703D00D4A012109F0D5FE6FF01500BF
:109CC00008BDC0F898300A6822F01F021A4342F01B
:109CD0001002C0F89C208A6842F00102C0F8A0205F
:109CE0001846EDE700ED00E00807002090CF0100E6
:109CF000F0B50E4685B01F4604460025B54210DA81
:109D0000606828B3AFB1431E18420DD012480368F3
:109D10005B0704D0114A2B46012109F0A4FE6FF025
:109D20001502104605B0F0BD7F28EFD921680B421F
:109D3000ECD1236801930BF0E5F9A36801A9034373
:109D4000D0B20393FFF7A8FF10F1160FE7D0421C23
:109D500001350C34D2E700BF08070020B6CF010060
:109D6000044B0522C3F89420BFF34F8FBFF36F8FCE
:109D7000704700BF00ED00E0BFF35F8F024B002291
:109D8000C3F89420704700BF00ED00E010B5034C0D
:109D900001232278FFF7ACFF207010BDABCB002071
:109DA00008B50B4A00231278FFF7A2FF10F1160F37
:109DB00007D0084A0021D2F89030C3F30723984215
:109DC00000DB08BDC2F89800C2F8A0100130F2E72D
:109DD000ABCB002000ED00E02DE9F0435D485E498B
:109DE000D0F890300C68C3F307239C4285B000F292
:109DF000AE80FFF7C1FF49680022944201F10C01D7
:109E00001AD1564F564D3C706846FCF755FD554CDF
:109E1000554E81464FF00008C14520D13B784D4951
:109E20000020D1F89020C2F307229342C0F289802B
:109E3000FFF796FF002050E0C0F8982051F80C3C46
:109E400023F01F03134343F01003C0F89C3051F874
:109E5000043C43F00103C0F8A0300132CDE7009884
:109E600000EB08114FEA081CCB682340B3F5000F44
:109E700049D00BD8B3F5001F32D0B3F5800F37D0DF
:109E8000B3F5801F14D008F10108C5E7B3F1007FD6
:109E900042D0B3F1805F48D0B3F1807FF3D150F866
:109EA0000C3088684A680BF02DF940F0887009E0A2
:109EB00050F80C3088684A680BF024F940F088505C
:109EC00040F43020039001A93878CDE90123FFF751
:109ED000E3FE002831DA6FF0150005B0BDE8F0832D
:109EE00050F80C3088684A680BF00CF93043E9E709
:109EF00050F80C3088684A680BF004F940F0C060F4
:109F000040F40030DEE750F80C3088684A680BF007
:109F1000F9F840F08270D5E750F80C3088684A684C
:109F20000BF0F0F840F48020CCE750F80C30886853
:109F30004A680BF0E7F82843C4E73B7801333B70ED
:109F4000A1E7C1F89830C1F8A000013369E74FF0EC
:109F5000FF30C2E700ED00E000A30100ABCB002022
:109F6000000002110000F0FF00000811F0B587B0FA
:109F700007460E4614460021102268461D460EF084
:109F8000B9FC02238DF802302A46054B0193214685
:109F90006846CDE9047607F047FC07B0F0BD00BF86
:109FA0002551010008B5024B1B689847002008BDE9
:109FB000F4B60020034B044A1860937843F0020380
:109FC00093707047F4B60020F802002008B50649E7
:109FD000064821F00701C1F1005202F5802208F085
:109FE00088FF002008BD00BF3BC80120F8B6002054
:109FF0002DE9F04F91B01D461A9B06460C4693463C
:10A00000002B00F04B82B146294619F8010B0BF0EA
:10A0100094F8024620780BF090F83F2A07465FFA42
:10A0200080F821D006DC92B12A2A32D0D2B2424541
:10A030002DD01EE05B2A7DD05C2AF7D1EB07F6D449
:10A0400070780BF07AF806F10209C2B2EFE7E80681
:10A0500002D5B8F12F0F03D0B8F1000218BF0122CA
:10A06000104611B0BDE8F08F18B12F2803D1A90711
:10A070000DD50122F4E72E2809D16A0707D55C45E2
:10A08000F7D0AB0703D514F8013C2F2BF1D00134E6
:10A090002CE070780BF051F8C1B22A2918D02E2F7D
:10A0A00009D16F0707D55C45E3D0AE0703D514F897
:10A0B000013C2F2BDDD079B915F00202D0D0ED068E
:10A0C00000F1EE812F2120460EF030FC021EC5E784
:10A0D00019F8010F2946DDE72F2909D1A80707D56F
:10A0E00020460EF023FC04460028C2D04E468AE7E4
:10A0F0001A9B05F0020A5F1E2646B8F1000FB8D081
:10A100005A4600972B4621464846FFF771FF024604
:10A110000028A5D0307829460BF00FF82F2804F13D
:10A12000010404D1BAF1000FA3D12646E8E75FFA93
:10A1300080F8E1E700289CD02F2848D1AA0798D4BE
:10A140007378212B01D05E2B4FD1B31C05930123D3
:10A150002946384606930AF0F0FFC3B20493A0F1F3
:10A160004103192B099394BF002301230F93A0F1FE
:10A1700020035E2B94BF002301230E93A0F1610303
:10A18000192B089394BF002301230D93A0F1210301
:10A190005D2B0B9394BF002301230C93A0F130039C
:10A1A000092B079394BF002301230A93059B039374
:10A1B00006460022039B1B785D2B1ED1059B03994D
:10A1C0008B4222D2069B01F1010993425EE72E28C1
:10A1D000B6D16B07B4D55C453FF44BAFA807AFD5FC
:10A1E00014F8013C2F2BABD143E7CDF8149000239A
:10A1F000AEE70122CDF80CA0DCE7002B00F04C818B
:10A200002F2B38D1A9073FF534AFDDF80CA0294634
:10A210001AF8010B0AF091FF039949782D29C3B26E
:10A2200040F0348103998978002900F02F815D295D
:10A2300000F02C8103985C2900F1020A04D1E9079F
:10A240005CBF014601F1030A1AF8010B039329468A
:10A250000AF073FF002800F01F8115F0080F039B20
:10A2600040F00E8104999942C0B2C3D3814298BF95
:10A2700042F00102BEE703995C2B497805D1EB0758
:10A28000C3D4039B01330393BFE75B2BBDD13A29B2
:10A29000BBD1039B0020991C03468A4611F801CBD1
:10A2A000BCF1000F46D17F497F4FBB4208BF8842B7
:10A2B00000F0DB80814277EB03015AD37B49A7F59D
:10A2C00010276FF4817C6744BB4208BF884200F0CE
:10A2D000BA80814277EB030137D37549A7F5003780
:10A2E000A7F50177BB4208BF884200F09A8001F1D0
:10A2F000C16107F57F4701F50031F137BB4208BF67
:10A30000884200F09880DFF8CCC101F1E06101F5EE
:10A310000031634508BF88427FF477AF26F0200301
:10A32000413B192B7FF665AF079B092B98BF42F085
:10A3300001025FE711F802ECBEF15D0FB3D01B0222
:10A3400043EA10634CEA0020A7E75A495A4FBB4240
:10A3500008BF884200F08E8007F1E047574907F5B3
:10A360007437F6378B4208BFB8427FF44EAF0C9B70
:10A370007CE05349534FBB4208BF88426BD08142B7
:10A3800077EB030129D35049A7F53F37A7F5FC77B1
:10A39000BB4208BF88426FD007F1C6474B4907F55B
:10A3A000713707F57D778B4208BFB8427FF42DAF38
:10A3B0000B9B0E2B7FF61DAFA6F13A03062B7FF603
:10A3C00018AFA6F15B03052B7FF613AFA6F17B0355
:10A3D000032B98BF42F001020CE732493C4FBB42CD
:10A3E00008BF88424AD007F1F04701F18061A7F524
:10A3F00088176FF4E16C01F500316744BB4208BF78
:10A4000088427FF402AF079B092B7FF6F2AE099BCF
:10A41000052B7FF6EEAE089B052B98BF42F001029C
:10A42000E8E6099B192B7FF6E4AE089B192B98BF31
:10A4300042F00102DEE6202E3FF4DBAE092E08BF1B
:10A4400042F00102D6E61F2E7FF7D3AE7F2E08BF63
:10A4500042F00102CEE6202E3FF4CBAEA6F1090376
:10A46000042B98BF42F00102C4E60D9B83F0010368
:10A470001A43BFE60A9BF9E70E9BF7E70F9BF5E748
:10A48000A0F14101192998BF2030EBE604999942C7
:10A4900008BF42F00102ADE65B22C8E50322DFE51A
:10A4A0000A46DDE55D3A7265776F6C005D3A6C7265
:10A4B0005D3A61685D3A746967696400617267005A
:10A4C0005D3A6563617073005D3A746E6E7570001D
:10A4D000707075006E6C6100064B02681A60064B66
:10A4E00042681A60054B82681A60054B02691A605F
:10A4F000704700BF0CB7002008B7002004B7002049
:10A5000010B7002070B54169867A0B4D044659B1E9
:10A51000437ADB0706D4242303FB0653DB691B685D
:10A520009B689847002363612420214600FB065066
:10A53000BDE870400DF04ABEEC080020024B24221A
:10A5400002FB0030704700BFEC0800202DE9F0430B
:10A5500085B005466846039190461C460EF0C0F84B
:10A56000DDE90067EFF31189402383F31288BFF31D
:10A570006F8F6B8A002B41D02A8A9A4225D90022FC
:10A580000023284605F09CF80446F0B189F31188B1
:10A59000BFF36F8F039B002B41D032463B4668468A
:10A5A0000EF0C3F8A27A264B242101FB0233204689
:10A5B000DB691B6803A91D68DDE90023A84760610A
:10A5C00070BB2046FFF79EFF24E0698A4B1E6B821A
:10A5D00089F31188BFF36F8F2B7D2A8A2C6A1B3376
:10A5E00023F00303521A02FB0344154B154AEB1ADE
:10A5F0009B105343A3722B7DE372CBE789F3118841
:10A60000BFF36F8F23464246284605F059F80446AB
:10A610000028BFD10024204605B0BDE8F083636167
:10A62000012300252381039B6382E27A656029462A
:10A6300004F118000EF05EF963692582E360EAE731
:10A64000EC080020398EE338F8B5124D002424269A
:10A6500000B9F8BD00F108024768BFF35B8F52E80C
:10A66000003F591E42E8001CBCF1000FF7D1BFF3B8
:10A670005B8FDBB2012BECD1837AC46006FB035302
:10A6800044609B6913B198473846E1E7FFF73AFF0A
:10A69000FAE700BFEC080020024B0122C3F8402576
:10A6A0000020704700E0014048B1054B054A1B6897
:10A6B000B3FBF2F35843044B43F0010318477047D0
:10A6C0003805002040420F0070960100BFF34F8F05
:10A6D0000549064BCA6802F4E0621343CB60BFF33E
:10A6E0004F8F00BFFDE700BF00ED00E00400FA055A
:10A6F0002DE9F04190F8283003F01F03012B0446A8
:10A700000F4600F128062FD0022B18D08BB394F8F7
:10A71000291020460AF037FE024678B330460AF088
:10A720001CFF1D4D002834D113693BB33A46314616
:10A73000204698470346FFF787FA2B5024E0818D87
:10A74000C9B20BF001FA05460028E0D030460AF005
:10A7500004FF024668688368CAB99B6873B13A46C9
:10A760003146BDE8F0411847818DC9B20BF0D3F9ED
:10A77000E9E790F829100BF00AFAE4E7FFF764FA2A
:10A78000054B6FF085021A500020BDE8F081DB68B0
:10A79000E4E7D368C9E700BF0C0000002DE9F04FE3
:10A7A0000B7E33F0800893B004460D46164640F009
:10A7B0008E847AB10846FFF747FF6B7EDF0703D42C
:10A7C0009E0711D52B7E7BB9204613B0BDE8F04F14
:10A7D0000AF0EFBE4A7E00F12809900708D5802BC9
:10A7E0000CD12846FFF730FF404613B0BDE8F08F8C
:10A7F000910700F02784002B40F02484D2072FD546
:10A800002B8A082B40F00684EA681368A362536819
:10A81000C9F80430294600200AF0B9FC054610B1F9
:10A82000FFF712FFEFE048460AF097FEE28D70B99D
:10A83000B2B12946A0690CF0C5F90146002800F024
:10A840002D84204613B0BDE8F04F0BF026BB3AB183
:10A85000114620460BF01CFB0546002800F01E8424
:10A86000FFF7F2F994F82880B14F002318F0600F39
:10A87000C351C8F3411307D0032B40F0BD81FFF74C
:10A88000E3F96FF0850337E048460AF066FE94F876
:10A890002930002840F04E81013B0A2BEFD801A25D
:10A8A00052F823F01BAA00007FA80000A7AA00000E
:10A8B0007FA80000D1A800007FA800007FA80000AA
:10A8C0007FA8000041A900007FA80000A3A9000004
:10A8D000618D7F29D3D8A38D002BD0D1E38D002BA0
:10A8E000CDD118F01F0FCAD194F83030022B05D10A
:10A8F000FFF7AAF94FF0FF333B5076E0A0690369F8
:10A9000093F880301B0707D5C9B20AF088FE80464D
:10A9100028B1002D6CD167E7012384F8393094F811
:10A920003030012B0AD1638D43B984F83030FFF702
:10A930008BF93B58002B00F0858056E00123F4E7AB
:10A9400020460AF069FC628DFF2A014697D8E38D04
:10A95000002B94D194F82830D80690D194F8303058
:10A96000002BC5D02AB1D2B220460AF0FAFF002847
:10A97000BED0618D94F838308B42D8D0C9B2204611
:10A980000AF0F6FF80460028C3D1628D002A14BF6A
:10A990000223012384F83030052120460BF008FB08
:10A9A000C5E708F01F08B8F1010F7FF468AFE38D29
:10A9B000002B7FF464AF628DFF2A3FF660AFA18D5C
:10A9C000FF293FF65CAF94F83030022B90D1D2B221
:10A9D000C9B220460BF0DFF910F1020F804640F0BB
:10A9E0001081FFF731F947F8008065B14FF000089A
:10A9F0002846FFF729FEB8F1000F7FF4F5AEFFF708
:10AA000023F93B58F3B148460AF0A7FD0346A06975
:10AA1000002B00F04F83802155E3E38D002B7FF462
:10AA20002EAF94F83030002B3FF462AF012BA18D94
:10AA300002D100297FF45CAF18F01F080CD0B8F1E8
:10AA4000020F16D0E38D002B40F0D78220460AF08B
:10AA50009AFD0028D7D1B7E600297FF449AF638D6E
:10AA6000012BEFD194F86C3061F3C30384F86C30A0
:10AA7000E8E7B4F82AA0BAF1000FE3D15FFA81F851
:10AA8000414620460BF07AFA0346FFF7DDF83B50CB
:10AA9000013302D14FF0FF383BE752464146204692
:10AAA0000AF061FD43E7E38D002B7FF4E8AE628D91
:10AAB000A38D022A5FFA83FA11D108F01F085AEA1F
:10AAC00008087FF4DCAEA0690122190A0AF084FDAF
:10AAD00000287FF4D4AE012384F8393027E794F8B6
:10AAE000301000293FF404AF012902D1002B7FF47C
:10AAF000FFAE18F01F0811D0B8F1020FA2D1002A42
:10AB0000A0D1514620460BF024FA0346FFF79CF8EB
:10AB10003B500133BED001225146C0E7002B7FF4E9
:10AB2000E7AE012A8ED194F86C3043F008039DE71C
:10AB30000C0000000A2B3FF6A2AE01A252F823F04F
:10AB40006DAB00007FA800007FA800007FA8000078
:10AB50007FA800007FA80000E7AB00007FA80000EE
:10AB600077AF00007FA80000A1AF0000E38D022BAB
:10AB70007FF485AE94F83030002B3FF4B9AE012B52
:10AB8000A18D02D100297FF4B3AE18F01F0811D0B7
:10AB9000B8F1020F1CD04FF0000805F10C0A504626
:10ABA0000AF0D3FCE38D984218D2FFF74DF86FF00E
:10ABB0000B03A1E600297FF49BAE94F86C304FEABA
:10ABC000930808F00208C3F3001348EA0308E4E717
:10ABD000C9B220460BF0E1F98046DEE74146504617
:10ABE0000AF0F8FAA3E6B4F82AA018F01F0F4FEA0B
:10ABF0001A235FFA8AFA09D029462046FFF778FD22
:10AC00008046B8F1000F7FF484AE90E6013B0E2B36
:10AC10003FF635AE01A252F823F000BF59AC000058
:10AC200099AC000043AD00007FA800007FA80000A1
:10AC30003BAD00003BAD00007FA800007FA80000F6
:10AC40007FA800007FA800007FA800007FA8000068
:10AC50007FA8000085AE000005F10C0840460AF010
:10AC600074FC83462046B4F82EA00AF0D5FA20B131
:10AC700001287FF404AE616F00E0216F002900F02D
:10AC80002A820A78DA4528BFDA46524528BF52465A
:10AC900040460AF08EFA4AE620460AF0BDFA0AF16A
:10ACA000010201900146D2B220460AF034FE8046ED
:10ACB00000283FF4E4AD05F10C0AD0F804B050468A
:10ACC0000AF043FC9BF80020824228BF0246594606
:10ACD00050460AF06EFAD8F80CB0BBF1000F09D15B
:10ACE000298AE38D99427FF622AEC91A50460AF0AE
:10ACF0007BFA1CE6DBF8040083681B6B13B9DBF8F6
:10AD000000B0EAE7019998470028F8D0A0F10408BC
:10AD100058F8041F0029F2D00A78002AEFD05046D4
:10AD2000CDE902210AF011FC029A0399904238BF42
:10AD300082B250460AF03DFAEAE720460AF06CFA81
:10AD40009DE55246032120460AF05DFB824600281D
:10AD50003FF495AD0AF0F4FBB4F82EB09AF8153034
:10AD6000C8B99AF814808DF828808DF82930DAF85F
:10AD7000103005F10C0A1B88ADF82A3050460AF055
:10AD8000E4FBC3455A4628BF4246824228BF0246DA
:10AD90000AA950467DE7DAF808208DF81530C14B36
:10ADA0001340C14A4FF0000893428DF8148058D1E7
:10ADB000102106A80CF01BFA021EFFF660AD0AA9CE
:10ADC000102ADFF8ECE20DF1180C084628BF10221B
:10ADD000424501F1020133D8920002325FFA82F853
:10ADE0008DF81480034605F10C0A504602930AF0D0
:10ADF000ACFBD845424628BF5A46904228BF104671
:10AE000002288346804628BF4FF0020B5A46A8EB23
:10AE10000B0805A950460AF0CCF94FEA58030193F4
:10AE2000029B9B4603EB5802934521D118F0010F7A
:10AE30003FF47DAD019A995C50460AF0C3F976E57E
:10AE40001CF8013B4FEA131A03F00F031EF80AA087
:10AE50001EF8033001F802AC01F8013C08F10108CA
:10AE6000B6E79AF81480DAF810308DF81480BAE753
:10AE70001BF8011B5046CDE902320AF0ABF9DDE9BF
:10AE80000232D1E720460AF0C7F938B101282CD0A8
:10AE9000FEF7DAFE6FF085033B5048E5236F002B89
:10AEA00000F019815B88B3F5007FF1D97F4B0A93DD
:10AEB00000238DF82C30E36C04F14C0B9B4508BF4C
:10AEC0000023BDF82A10A3B15A7D0F2A08D11A7D9C
:10AED0000A44ADF82A209DF82C2001328DF82C2050
:10AEE000226D934203D01B68EBE7636FD7E7BDF891
:10AEF0002A10019105F10C0A50460AF026FBB4F81D
:10AF00002E800199884528BF8846804528BF804605
:10AF10004246052A28BF05220AA9504601920AF096
:10AF200048F9019AB8EB02083FF401ADE36C5B45C8
:10AF30003FF4FDAC002B3FF4FAAC5A7D0F2A14D13C
:10AF40001A7D19690193424528BF424650460AF0CE
:10AF500030F9019B1A7D424594BFA8EB0208A8EB8B
:10AF60000808B8F1000F3FF4E2AC226D93423FF4C1
:10AF7000DEAC1B68DEE794F83030002B3FF4B8AC51
:10AF8000E38D012B7FF47BAC05F10C0840460AF001
:10AF9000DCFA00283FF409AE94F8381040464CE73C
:10AFA00008F01F08B8F1010F7FF4A2AC20460AF0A8
:10AFB000C6FC00283FF49CACB4F82CA0BAF1FF0FFB
:10AFC0003FF65DAC43681B795345FFF458AC5FFA1C
:10AFD0008AF30F2B3FF653ACE38D012B7FF44FAC7C
:10AFE00005F10C0840460AF0B0FA00283FF4DDAD48
:10AFF00004EB0A0393F83A10D0E748460AF0ADFA9A
:10B0000018B92846FFF720FB20E5294620460AF01C
:10B0100044FF08B1284603E4A069036993F880104F
:10B0200011F004017FF4D0AB0BF0E0FD05460028E1
:10B030003FF4E9AC014620460AF02FFF00283FF418
:10B04000C3ABE7E752077FF5DEAC002B3FF4C9AB9B
:10B050002846FFF7F9FA94F83930002B3FF4C4ABD7
:10B0600094F82930052B05D1618DA069C9B20AF089
:10B07000D6FA064694F82930032B09D1638D022BAA
:10B0800006D1A18DA0690022090A0AF0A5FA064698
:10B09000002384F83930B046FFF7A6BB6FF00B06EB
:10B0A000B1E400BF00FF020000030200050F05002D
:10B0B000ACD70100E38D002B3FF4ADAC16F10C01D1
:10B0C00018BF0121C9010BF0B7FCFFF77DBB6FF082
:10B0D0000408FFF789BB6FF015081AE40B78062BFC
:10B0E00010B414D10369D3F89C20EFF311844023EA
:10B0F00083F31288BFF36F8F4B6800201860506A8B
:10B1000060B9C2E9083384F31188BFF36F8F054833
:10B110005DF8044B002200230CF0BABF03605362B9
:10B12000F1E700BF700800202DE9FF4140264FF0F5
:10B13000FF335E484FF0FF3201A904F09BF9039BF7
:10B140001B69D3F89C40236A93B1EFF3118286F315
:10B150001288BFF36F8F216A29B1606A0B6823627E
:10B16000814208BF636282F31188BFF36F8FC9B950
:10B170009DF80430062BDAD0072BD8D801A252F85C
:10B1800023F000BFD7B10000CBB10000F7B1000041
:10B19000DDB100001BB2000011B200002FB10000B1
:10B1A000A5B200000B7ED1F81E205D06204609D115
:10B1B000FFF7F4FA02460028C5D0072120460AF01E
:10B1C000F7FEC0E70AF0B7FCF4E7002201212046B1
:10B1D0000AF0EEFEABE700221146F8E794F86C3077
:10B1E00043F0040301A984F86C3020460AF03FFACA
:10B1F00000220321EBE794F86C3023F0040301A94B
:10B2000084F86C3020460AF032FA00220221DEE790
:10B2100001A920460AF02BFA89E794F86C30A76957
:10B2200023F0040384F86C30D7F808803B69BFF33F
:10B230005B8FD3F8A030BFF35B8F9A072FD5D8F878
:10B240003C3038469847D8F8243000213846984793
:10B25000D8F84030054638469847ADB929462046CB
:10B260000AF086FB054678B9A0690BF0DEFC831E68
:10B270005842584194F86C3084F8305023F06803F9
:10B2800043EA401384F86C300022042120460AF07F
:10B290008FFE002D3FF44BAF2A46072197E74FF072
:10B2A000FF35F1E7029A062191E700BF7008002000
:10B2B00030B589B000220023CDE9062300246FF0C9
:10B2C0000703CDE90334CDE901441A4B1A49009430
:10B2D0004FF48062194804F09BFD1949174804F0A7
:10B2E000CDFC184B18498B4207D3184B1849002046
:10B2F0008B4210D3002009B030BD03F11402BFF31C
:10B300005B8F52E8000F42E80045002DF9D1BFF3F2
:10B310005B8F1833E7E703F11402BFF35B8F52E84A
:10B32000004F42E80005002DF9D1BFF35B8F1833C1
:10B33000DEE700BF29B1000080ED0020E815002005
:10B34000F8AA01008C090020D4090020D4090020AB
:10B35000D409002038B502460949054680690BF03A
:10B36000CAFC044648B985F8380028460AF0D6F9E0
:10B37000044610B1A8690BF0F1FC204638BD00BFAF
:10B38000DDB0000070B5084C084E0546B44202D34B
:10B390000024204670BD636828461968F6F7D6F881
:10B3A0000028F6D01834F1E78C090020D4090020D9
:10B3B00070B50646EFF31181402383F31288BFF383
:10B3C0006F8F1B4D2A6881F31188BFF36F8F52680E
:10B3D00092F86C20D20705D4BDE8704021220023EA
:10B3E00004F0DCBBEFF3118283F31288BFF36F8F9D
:10B3F0002C682CB1696823682B608C4208BF6B6095
:10B4000082F31188BFF36F8F44B1606804F10801C3
:10B41000C3699847074821460CF0EAFD2B6833B111
:10B4200030460022BDE87040002304F083BB70BDAD
:10B4300014B700205007002030B585B0CDE90012C8
:10B44000054600221448002303A903F07FFF0246AB
:10B45000E8B9039BDDE900015D60083383E8030080
:10B46000EFF31180402383F31288BFF36F8F039BA8
:10B470001A600A4A516861B9C2E9003380F3118841
:10B48000BFF36F8F06480022002304F053FB05B082
:10B4900030BD0B605360F1E75007002014B7002067
:10B4A0009000002038B54B78046945682069202B4E
:10B4B00008D0222B19D0FEF7C7FB114B6FF0850285
:10B4C0001A5010E0CB88072BF5D1D3681A68426078
:10B4D0009A8802819B7983720AF08BFD22460821AB
:10B4E00028460AF073FD002038BD4B888381C3F3E2
:10B4F000400203F001030276437622460921EFE77A
:10B500000C00000008B513464A78212A14D133B93B
:10B51000FEF79AFB0B4B6FF00B021A500AE0CA8839
:10B5200001690969072A28BF0722043103F10C00C9
:10B5300009F03FFE002008BDFEF786FB014B6FF0CF
:10B540008502EAE70C00000073B504698DF8071066
:10B550004025EFF3118685F31288BFF36F8F012228
:10B56000E06B0DF1070108F072F986F31188BFF363
:10B570006F8F012810D00CF0DFFEA8B10E4BBFF387
:10B580005B8F012253E8001F002903D143E800200C
:10B590000028F7D1BFF35B8F2122002304F148007C
:10B5A00004F0C8FA02B070BDA37E002BE6D00021E3
:10B5B00021200CF0B3FFCCE71CB7002038B505699B
:10B5C0000E49EB6B0024C3E90144DC606B6B05F1B1
:10B5D0004800C3E90144DC600CF095FE05F17800F9
:10B5E00007490CF064FE074905F124000CF05FFEEA
:10B5F00028460AF0FEFC204638BD00BFC1610100AC
:10B600000B6501005D64010030B50D4DC0430A4477
:10B61000914201D1C04330BD11F8013B83EA0004DF
:10B6200004F00F0455F8244084EA101080EA131344
:10B6300003F00F0355F8233083EA1010E8E700BF4A
:10B6400040A30100F8B5036900AF0C4603F1A00563
:10B65000BFF35B8FD3F8A030BFF35B8FC3F38003DE
:10B6600099421CD11A48036813F0060F17D0194AE3
:10B67000194B6E4688B0002918BF13466A46174911
:10B68000CDE905134FF40073ADF81C30144B42F8AC
:10B69000103F00234FF4E451FAF78EFEB546BFF396
:10B6A0005B8F5CB155E8003F43F0040345E800328E
:10B6B000002AF7D1BFF35B8FBD46F8BD55E8003FC8
:10B6C00023F0040345E80032002AF3D0F6E700BF78
:10B6D000440700204FD101003EBC010019D00100F9
:10B6E000030000012DE9F0470546D0F808A089467F
:10B6F00090461F460BF04FF80446F0B1067DF10767
:10B700000CD51A4803685A0704D0237E184A012131
:10B7100008F0A9F96FF07700BDE8F0873B46424694
:10B7200049460AF0F2FF58B9104803685B0704D095
:10B73000237E104A012108F096F96FF01200EBE722
:10B740009DF8203084F8198026F006066783237759
:10B750002675DAF81830214628469847227DB0FA37
:10B7600080F35B0963F300022275D5E744070020EC
:10B770002BD0010045D0010070B5054686680BF05E
:10B780000AF80446E8B1037DDA070BD40E480368D3
:10B790005B0704D0237E0D4A012108F064F96FF0A5
:10B7A000770070BD0146F3692846984738B1237D7C
:10B7B00003F00103227D63F300022275F1E70346E3
:10B7C000F8E76FF01200ECE74407002067D00100B3
:10B7D000F8B587680546FB6B0C46984728690AF060
:10B7E000C8FFF8B1214628460AF0D5FF0646E0B169
:10B7F000037D9B070AD00E48036803F00703022B62
:10B8000004D9337E0B4A032108F02DF9346824B1A2
:10B81000BB68314628469847044628463B6C984703
:10B820002046F8BD4FF0FF34F7E76FF01204F4E75D
:10B830004407002082D001002DE9F341D0F80880B0
:10B840001746D8F83C3005460E4698470D4800226A
:10B8500000233946FEF77AFE044688B90A48036891
:10B860005B0705D0094A00963B46012108F005F91F
:10B870002846D8F840309847204602B0BDE8F0810D
:10B880000676F5E7EC08002044070020A3D001006D
:10B8900010F0080F0B4B42B20CD100F00F00002A41
:10B8A0004FF0140202FB0033B4BFD3F80806D3F8FC
:10B8B00008077047002AB4BFD3F8A806D3F8A80732
:10B8C000704700BF00700240F8B50246EFF31181E7
:10B8D000402383F31288BFF36F8F00F008050BF04D
:10B8E00076FA0124844057066FEA04061BD0D5B9C6
:10B8F000174F3B6823FA00F0C00714D533403B6074
:10B9000053B2DB4322F08000DB0F00F2DA301B0180
:10B9100003EB40030F48C0F80038D0F8043843F078
:10B920000203C0F804380C4803683340036035B99B
:10B930000A480368120654BF334023430360054B93
:10B94000C3F86C4481F31188BFF36F8FF8BD00BF5B
:10B9500078B70020007002407CB7002080B700203C
:10B96000EFF31180402383F31288BFF36F8F0A4BEC
:10B97000D3F8001C032261B949F27531C3F8001CE9
:10B98000C3F8142DC3F8001C80F31188BFF36F8F28
:10B990007047C3F8142DF7E700E00640EFF311807D
:10B9A000402383F31288BFF36F8F0A4BD3F8001C38
:10B9B00061B949F27532C3F8002CC3F8141DC3F8FD
:10B9C000002C80F31188BFF36F8F70470022C3F8FB
:10B9D000142DF6E700E0064070B502460BF0F7F9CB
:10B9E000EFF31185402383F31288BFF36F8F531E4B
:10B9F0000124062B04FA00F40FD80E4E0E4B3168CA
:10BA00001B680B43C34013F0010306D10B4802F53A
:10BA10009472214340F822303160094A136823436D
:10BA20001360084B8022C3F8042185F31188BFF30B
:10BA30006F8F70BD78B7002080B700200070024083
:10BA40007CB7002000E100E0F8B50306044623D4EB
:10BA500010F0080720D100F00F02920002F180429E
:10BA600002F51C32D2F84434B3B1EFF3118640230F
:10BA700083F31288BFF36F8F0BF0A9F9084DC2F85A
:10BA8000A074012303FA00F12B6823EA01032B6061
:10BA900086F31188BFF36F8F024BC3F81845F8BDCA
:10BAA00080B700200070024010B591F91800154BC6
:10BAB0000A7E0028B4BFD3F81045D3F8144502F02D
:10BAC0000F020123934023420DD10E4A0028B5BF37
:10BAD000D2F81005D2F8140503430343B4BFC2F8EB
:10BAE0001035C2F814350B7E1A0709D4054AC2F87E
:10BAF0000C3543F48073C2F80C35087EFFF7A4FFC1
:10BB0000002010BD007002400B7E064A13F07F0F2C
:10BB10000BBF012343F480735365C2F8183500202E
:10BB2000704700BF0070024070B506460D460AF02F
:10BB300032FE04460AF038FE28BB20460AF057FEC3
:10BB400008B3802D16D1437E9A0744BF0E4A157064
:10BB50005B070FD50D4B1B7813B90D4B01221A65EE
:10BB600020460AF040FE002201463046BDE8704003
:10BB70000AF056BE2846FFF72FFF20460121BDE8F8
:10BB800070400AF015BE70BDAECB0020B3CB0020D4
:10BB90000070024070B506460C460AF0FCFD0546F2
:10BBA0000AF002FE20BB28460AF021FE0146F8B149
:10BBB000ACB9437ED8071BD49A0704D50D4B1C7033
:10BBC0000D4B0122DA644B7E5B0708D50B4B1B78CB
:10BBD00073B130460022BDE870400AF021BE204615
:10BBE000FFF7FAFE28460121BDE870400AF0E0BDEB
:10BBF00070BD00BFAECB002000700240B4CB00206F
:10BC000008B50848036803F00703022B03D9064A66
:10BC100003210BF0E4F80BF03CFF02F0B7FD00202D
:10BC200008BD00BF48070020D1D0010010B544680E
:10BC3000206801F033F9124B1860124B1B782BB1BE
:10BC4000114B0022186811460AF0DEFD0022012186
:10BC50002720FDF75BFE201D02F066FD04F10800C1
:10BC600002F0A0FD0BF00EFF0848036803F0070385
:10BC7000022B03D9064A03210BF0B1F8002010BDB6
:10BC800030B70020B0CB002084B700204807002048
:10BC9000DAD00100012810B503461AD002280AD0D4
:10BCA00000BB154B0246014618680AF0ADFD134B68
:10BCB00001221A700CE0124B124C00221A70124B27
:10BCC000C4F800332720FDF7F1FD0123C4F8043543
:10BCD00010BD094B0022014618680AF095FD074B7C
:10BCE0000022E6E7094802685207F1D0084ABDE899
:10BCF0001040012107F0B7BE84B70020B0CB002070
:10BD0000AFCB002000700240FDFFDF01480700209C
:10BD1000E6D00100014601480CF09BBDD808002088
:10BD200008B5054B1970054B1B7813B10420FFF7BC
:10BD3000F1FF002008BD00BFB1CB0020B2CB002036
:10BD400010B50469087E0D4A0BF041F8012303FA8F
:10BD500000F013680343136004F08CFA4020FFF7EF
:10BD6000D9FF4FF0FF324FF0FF3304F18401044854
:10BD700003F054FF04F092FA002010BD74B70020C5
:10BD8000E40800202DE9F04F554FD0F810803B68B3
:10BD900003F00703022B89B0064604D9514A032158
:10BDA00038460BF01CF8504B1E6008F184000CF074
:10BDB0007EF900220023CDE9062300246FF007035B
:10BDC000CDE90334CDE90144484B494900964FF48D
:10BDD0000072484804F01CF8DFF83C914649454899
:10BDE00003F04CFFD9F81020444B134043F4820376
:10BDF00043F04003C9F81030CA4689F81840494654
:10BE000030460AF0DAFC3E4B3E4A054690B13B68AC
:10BE10005B0704D03C4A324801210AF0E0FF284683
:10BE200009B0BDE8F08F016919401143016109F1C2
:10BE30002009E2E70134092C10D00AEB4410082C49
:10BE4000817C41F040018174EDD1DAF810112F4866
:10BE500008402F490143CAF81011E8E7DFF8BC9009
:10BE60002C4BD9F81020264C134043F4041343F014
:10BE70004003C9F810308246CB466AF07F0289F849
:10BE80001820494630460AF098FC1E4B054600280B
:10BE9000BDD10AF1010ABAF1090F18D00BEB4A1112
:10BEA000BAF1080F8A7C42F020028A7408D1DBF8CC
:10BEB000102116491140164A0A43CBF8102103E01D
:10BEC0000A6922401A430A6109F12009D5E798F866
:10BED000803023F0720343F0720388F880309EE7CD
:10BEE00048070020FDD0010084B70020C9BF000032
:10BEF00000F20020E816002005D101000000BEFF7E
:10BF00000000F9FF400006000ED101000000F7FF1D
:10BF1000FF0108000000DEFFA8B8002088B700205D
:10BF200010B50C46204611460AF063FC207E0AF04C
:10BF30004EFF014603480AF054FF0120FFF7EAFED6
:10BF4000002010BDCCB9002008B5064A0B7EC2F80F
:10BF50000C3543F48073C2F80C35087EFFF774FD8E
:10BF6000002008BD0070024010B50C7E4FF0FF327B
:10BF70004FF0FF33114803F00DFC2046FFF7A4FCFF
:10BF800004F00F02012393400D4A14F0800F14BFF8
:10BF9000D2F81015D2F814156FEA030315BF0B4041
:10BFA0000B40C2F81035C2F81435044803F0BEFB4C
:10BFB000044B8022C3F80421002010BDA8080020F3
:10BFC0000070024000E100E02DE9F04FC34E85B063
:10BFD00004464FF0FF334FF0FF32CDE900234FF01E
:10BFE000FF310022BE480CF03BFCBD484FF0FF3152
:10BFF0000CF032FC050707463BD5336803F0070316
:10C00000022B04D9B74A032130460AF0E8FE4FF06C
:10C01000FF324FF0FF33B44803F0BCFBEFF3118164
:10C02000402383F31288BFF36F8FB04B1B7883B12B
:10C03000AF4BD3F8002412F400720AD10120C3F8E8
:10C040002C05D3F82C05D3F80004800548BFC3F8AD
:10C050002C2581F31188BFF36F8FA34803F066FB93
:10C0600001212046FFF7EEFA0022032120460AF0C4
:10C07000CBFBFB0612D5336803F00703022B04D970
:10C080009C4A032130460AF0AAFE00212046FFF711
:10C09000D9FA0022022120460AF0B6FBBD0612D5CD
:10C0A000336803F00703022B04D9934A0321304677
:10C0B0000AF095FE00212046FFF7C4FA0022022173
:10C0C00020460AF0A1FBB80764D4F90710D5BFF3E6
:10C0D0005B8F8A4B002253E8008F43E80021002940
:10C0E000F9D1BFF35B8F0125B8F1000F40F0CA8092
:10C0F000790737D5824B4FF0000E83F800E07C4B78
:10C10000D3F880245FFA82FC8DF808C0D3F8840449
:10C11000C0B28DF80900D3F88824D3F88C1442EA11
:10C12000012292B2ADF80A20D3F89014D3F89454B7
:10C1300041EA0521ADF80C10D3F89814D3F89C54BB
:10C1400041EA052189B26F4DADF80E10BCF1000F28
:10C1500040F0B180052840F0AE8001232B7000290B
:10C1600000F0B5807B067FF534AF206984304FF056
:10C17000FF324FF0FF3303F0E1F9634D29680029E6
:10C1800040F0E380614803F00FFD2069843003F044
:10C1900047FA1EE75E4BBFF35B8F002253E8008F28
:10C1A00043E800210029F9D1BFF35B8F4FF0010A6A
:10C1B000B8F1000F89D098FAA8F3B3FA83F30F2BE4
:10C1C0001D46C6BFA3F11005EDB245F080050AFA81
:10C1D00003F32A0628EA03082946204633D50AF045
:10C1E000DAFA83460AF0FFFA814668B933685B07DA
:10C1F00005D0484A2B460121304607F034FC294639
:10C200002046FFF791FCD3E7002158460AF0D0FA08
:10C210000022494620460AF003FB802DEFD1384B1F
:10C2200083F800A0324B0021C3F850A020460AF04A
:10C23000B2FA0AF0D8FA01460028E0D000222046DF
:10C240000AF0EEFADBE70AF0A6FA83460AF0CBFA28
:10C25000814668B93368580705D02F4A2B4601211B
:10C26000304607F000FC29462046FFF793FC9FE785
:10C27000584600210AF09CFA0022494620460AF05E
:10C28000CFFAF0E798FAA8F3B3FA83F30F2B194625
:10C29000C6BFA3F11001C9B241F0800105FA03F352
:10C2A0000A0628EA0308204602D5FFF73DFC1BE7F3
:10C2B000FFF770FC18E7194985F800E0D3F87024FF
:10C2C000097891422ED1164B00221A7038E002F004
:10C2D0007F02ADF80A20ADF80C10F4E74807002003
:10C2E000D80800202AD10100A8080020AFCB0020E8
:10C2F0000070024041D1010057D10100CCB90020AB
:10C30000B4CB0020B3CB002074B70020E408002099
:10C31000C8B900206FD1010088D10100B1CB002045
:10C32000B2CB0020284901220A702A704FF4A06283
:10C33000ADF80820D3F87034ADF80A30CDF80CE031
:10C3400002A920460AF093FA0CE791FAA1F7B7FA8E
:10C3500087F70F2F3946C6BFA7F11001C9B241F0C8
:10C36000800120460AF017FA804690F818904FF0A6
:10C37000FF324FF0FF33154803F00CFA4846FFF741
:10C38000A3FA124803F0D2F9114B8022C3F804211A
:10C39000414620460AF05CFA002140460AF008FABD
:10C3A000BFF35B8F0123BB400A4ADB4352E8000F17
:10C3B000184042E800010029F8D1BFF35B8F2A68DA
:10C3C00013402B60DAE600BFB2CB0020A8080020A3
:10C3D00000E100E0C8B900204FF08053D3F83031BD
:10C3E000082B02BF024B0022C3F81C2C704700BF71
:10C3F000007002402DE9F04105464FF0FF324FF04A
:10C40000FF33444803F0C6F9434B8022C3F884212C
:10C410002720FDF76DFAA8B1404F414B3C681B68DF
:10C420006FF30F041C434FF00108002C3AD13D4E2E
:10C4300040F2FF133B602720C6F80445FDF744FA9D
:10C44000C6F80043384A13788BB1364B0021C3F845
:10C4500008110121C3F80026C3F804165960D3F867
:10C4600008110029FBD00021C3F8081111702D4BD1
:10C470000024C3F80045FFF7AFFF264803F056F944
:10C4800021462846FFF778F908B3284803685A0779
:10C4900003D0274A01210AF0A2FC6FF004052846C8
:10C4A000BDE8F08194FAA4F6B6FA86F60F2E33466C
:10C4B000C6BFA6F11003D8B243F08000010701D433
:10C4C000FFF702FA08FA06F624EA0604ADE7284662
:10C4D0008021FFF751F905460028D6D1154B1649A2
:10C4E0001E68304607F02BF910F1780F044603D18F
:10C4F000304607F000F90446002CD0DA0B480368F8
:10C500005B0704D00D4A2346012107F0ACFA25460B
:10C51000C5E700BFA808002000E100E080B70020C8
:10C520007CB7002000700240ACCB00204807002000
:10C53000A5D1010030B7002020B70020C8D10100EC
:10C540002DE9F04FAF4BDFF8FCA2D3F85421AE4FEA
:10C5500087B00AB30022C3F85421D3F80423910210
:10C560001AD5D3F8C034002B14BF4FF001224FF47A
:10C570008072A64B9B683BB99AF800000AF027FC32
:10C580000123834022EA03023B681343A04A3B6035
:10C59000136823F0012313609A4BD3F8604134B140
:10C5A0000022C3F86021D3F86C44C3F86C44D3F87C
:10C5B00028214AB10022C3F82821964B18780AF0A6
:10C5C00006FC012383401C439AF800509AF900802E
:10C5D0002A0700F11081B8F1000FB4BF8E4B8F4BCA
:10C5E00005F00F02920013441A684AB300221A6041
:10C5F0002846FFF74DF98A4B1A7800F001005040A9
:10C600001870FFF7E9FE874B28461A680AF0DFFB2F
:10C61000C240D307064600F12781B8F1000F80F22F
:10C620001381882D00F01081794A01231168B340ED
:10C630000B43136081238AF80030744803F076F8C6
:10C640008CB13B68724ADFF8EC9124F001210B4376
:10C650003B60136823EA01031360A4B24FF00108A2
:10C66000002C40F00781674AD2F80031A3B10023C3
:10C67000C2F800316C486D4A1370036803F0070379
:10C68000022B03D96A4A03210AF0A9FB694B002255
:10C69000186804210AF0B8F85A4BD3F858212AB385
:10C6A0000022C3F85821D3F80044C3F80044E5053C
:10C6B00005D55E4B012208201A70FFF72BFBA00561
:10C6C00005D55A4B002210201A70FFF723FB610595
:10C6D0000CD5564B1A784AB100221A70494B0122E8
:10C6E000C3F8082520209A65FFF714FB454BDFF8B7
:10C6F00034B1D3F85C31F3B1444B9B681BB99AF861
:10C7000000305A0617D03F4B0022C3F85C21DBF8FB
:10C7100000303F4A23F00113CBF800303B6823F48C
:10C72000803343F001033B601368042023F00113BE
:10C730001360FFF7EFFADBF800403B681C4000F0A5
:10C740003581304BD3F82C95B9F1000F40F02E8194
:10C750002E480022002303F01DF8002840F0268117
:10C7600014F001230CBF94FAA4F393FAA3F3B3FAE1
:10C7700083F30293029B9DF808400F2BC8BF103C27
:10C780002C4BCCBFE4B244F08004186821460AF078
:10C7900002F803900AF02BF863B2049304F0080344
:10C7A000059363B2002B064680F29B80039B058AAB
:10C7B0005B8BD0F80C80C3F30A039D4240F28B8060
:10C7C0001D46002608F06043B3F1005F06D04146E5
:10C7D0001948DFF864802A460CF065F8002E00F056
:10C7E000B580029B01229A40DBF8003023EA020365
:10C7F000CBF80030AAE0114B114A33EA280328BFD6
:10C800001346F1E60070024080B70020A80800201F
:10C8100078B70020AECB0020087102403071024092
:10C82000ACCB00207CB7002048070020AFCB002015
:10C83000DFD1010084B7002034B7002050710240DE
:10C840002C710240ADCB0020654831460AF0C9FA90
:10C850000220FFF75FFAB8F1000FFFF6E5AE013DE9
:10C86000062D7FF6E1AEE5E6002DF4D15D4B012209
:10C87000DA64DFE694FAA4F5B5FA85F508FA05F36B
:10C8800045F080052946D9F8000024EA030409F0A0
:10C8900082FF09F0ACFF06462846FEF7F9FF014685
:10C8A00006F10C0008F0A7FC338A002B7FF4D8AE09
:10C8B000304609F0A0FF18B1304609F0A0FFCFE6DE
:10C8C00028460AF084FA014645480AF08AFA02200E
:10C8D000FFF720FAC4E609F08EFF80F00106F6B2F9
:10C8E00070E704F008023F4B002A62D0D3F8C0344E
:10C8F00013F4803F08BF9946328AF368758A03EBC8
:10C900000208AD1A72699B1AED1A4D4556D2364887
:10C9100003685B0705D0354A00954B46012107F0B7
:10C92000ACF8294606F10C0008F03DFC039B5B8B3C
:10C93000C3F30A034B457FF454AFF2687169738AFD
:10C94000521A9B1A328A93423FF44BAF4FF08053F6
:10C950000121D3F83031082B02BF224B8222C3F8C9
:10C960001C2C029B3A688AF8004001FA03F322EA81
:10C9700003023A6004F008021A4B0ABB049A04F05E
:10C980000F04002A4FF0140202FB0432A9BF0A343C
:10C9900003EB8403C2F80087C2F80457AFBF43F823
:10C9A0002410C2F80086C2F80456596007B0BDE8EA
:10C9B000F08F04F5947253F822909DE74D46B0E74E
:10C9C000049A002AB5BFC3F8A086C3F8A087C3F8AD
:10C9D000A456C3F8A457B4BF59629964E6E700BFF0
:10C9E000C8B900200070024048070020E5D10100CE
:10C9F00010B5EFF31184402383F31288BFF36F8FD8
:10CA0000164B1B7803F0FF02CBB11549D1F82C353A
:10CA100013B30023C1F82C354FF08053D3F83031D5
:10CA2000082B0CD10F4BD3F8000CC02188B949F268
:10CA30007530C3F8000CC3F8141CC3F8000C84F361
:10CA40001188BFF36F8F002A0CBF6FF00A0000201F
:10CA500010BDC3F8141CF2E71A46F0E7AFCB002074
:10CA60000070024000E0064073B5002200921146BB
:10CA700040230446FEF736FE024660B16348036871
:10CA80005C0703D0624A01210AF0A9F96FF004049F
:10CA9000204602B070BD0090402320468021FEF762
:10CAA00021FE04460028E9D15A495B4B4860C86022
:10CAB000012618688E6006F0D3FD051E0ADA534879
:10CAC0000368590704D0554A2B46314606F0CBFF80
:10CAD0002C46DDE7EFF31185402383F31288BFF383
:10CAE0006F8F4F4B4FF40062C3F800240AF061F9D6
:10CAF00008B1FEF735FF4FF08053D3F83031082BE3
:10CB000018D1EFF31180402383F31288BFF36F8FA6
:10CB1000444BD3F8001CC022002970D149F2753172
:10CB2000C3F8001CC3F8142CC3F8001C80F3118850
:10CB3000BFF36F8F3A4B0122C3F80025D3F80024CE
:10CB40001205FBD54FF40062C3F800244FF0805368
:10CB5000D3F83031082B17D1EFF31180402383F342
:10CB60001288BFF36F8F2F4BD3F8001C002949D1D7
:10CB700049F27532C3F8002CC3F8141CC3F8002C1A
:10CB800080F31188BFF36F8F0AF013F930B1FEF70D
:10CB900005FF0AF00EF908B1FEF7E2FE4FF08053F0
:10CBA000D3F83031082B1E4B0AD140F2E372C3F8A0
:10CBB00000284022C3F80428BFF36F8FBFF34F8FC4
:10CBC0008022C3F81C250122C3F83025164B40F201
:10CBD000FF121A60154B00211960154B1960154B97
:10CBE0001970FFF7F9FB144B19700AF0E2F808B15D
:10CBF000FEF7D4FE85F31188BFF36F8F48E7C3F8C3
:10CC0000142C93E70022C3F8142CB9E7480700203E
:10CC100004D2010020B7002030B7002026D2010046
:10CC20000070024000E0064080B700207CB7002082
:10CC300078B70020ACCB0020AECB0020084B70B5FD
:10CC4000C31A0D4607499B10044659430648402223
:10CC50000AF00DF92B4601462046BDE87040184702
:10CC6000E4B90020B76DDBB66C8F010073B50C4CD6
:10CC70000C4A4023041B00930D460B460A49A4109E
:10CC80006143064609480AF01EF9014628B13046BC
:10CC90002B4602B0BDE87040184702B070BD00BF1F
:10CCA000E4B90020336F0100B76DDBB66C8F010073
:10CCB0000022F8B5012105461046FCF727FE104872
:10CCC00001F090FA0446B8B901F0ACFA2F690D49A9
:10CCD000384606F0B2FC031E09DB01263E642D69CE
:10CCE000084905F11C0006F0A8FC031E02DA1C46E8
:10CCF0002046F8BDEE64FBE76FF00404F8E700BFE0
:10CD000081CE0000FCA301001FB500220123CDE964
:10CD100002236C46074A6B46CDE900440AF002F94B
:10CD200028B94FF480420023684602F033FD04B076
:10CD300010BD00BF476F010008B50AF0D6FB0649D9
:10CD4000064806F0FCFC783004D1BDE808400348F2
:10CD500006F0D1BC08BD00BF34BA0020E4B9002001
:10CD600008B50649064800234B60CB6001238B6061
:10CD700006F076FCBDE8084001F0EEBA34BA0020B7
:10CD8000E4B9002010B5EFF31184402383F3128837
:10CD9000BFF36F8F074A136823F00201DB071160AE
:10CDA00002D401200AF068FB84F31188BFF36F8F6F
:10CDB00010BD00BF44BA002030B4104B0C2202FB5F
:10CDC000003301460020D3E90E529863EFF311803F
:10CDD000402484F31288BFF36F8F1C6C04F0C004EE
:10CDE00044F002041C6480F31188BFF36F8F1DB1FF
:10CDF0002B46034830BC184730BC7047E4B90020CC
:10CE00006C8F010010B4EFF31180402282F312887E
:10CE1000BFF36F8F18490B6843F0020413F001034E
:10CE20000C601AD04FF08043D3F80C14D3F80C34B4
:10CE300013F0010311D0EFF3118182F31288BFF3D5
:10CE40006F8F0E4A136C03F0C00343F002031364A8
:10CE500081F31188BFF36F8F012380F31188BFF333
:10CE60006F8F23B15DF8044B0020FFF7A5BF5DF87D
:10CE7000044B01200AF0F8BA44BA0020E4B90020BB
:10CE800010B1012804D07047034B1B6C5B0701D124
:10CE9000FFF792BF704700BFE4B90020024AC3B257
:10CEA0001C2000FB03207047E4B9002038B524495A
:10CEB000BFF35B8F0446012251E8003F41E80020A8
:10CEC0000028F9D1BFF35B8F33B91E491E484B6070
:10CED000CB608A6006F0C4FB631E012B1DD80BF0EB
:10CEE0002BFAD8B1EFF31183402282F31288BFF3FB
:10CEF0006F8F01204FF08041D1F81854D1F81824D9
:10CF0000ED03F9D502F00302022A01D0012CF3D17E
:10CF100078B183F31188BFF36F8F38BD0B4B1B784B
:10CF2000002BDFD04FF080430222C3F808230346D2
:10CF3000E0E74FF080430222C3F80423EDE700BF8F
:10CF4000E0B90020D0B9002000BA0020C7CB0020F3
:10CF500008B507480AF0A3FF38B10648FDF72AF8DC
:10CF60000448F8F7E3FB002008BD6FF01200FBE770
:10CF7000CC8F010079CF00000A2838B5074D044650
:10CF800004D1AB680D215B6828469847AB6803481D
:10CF90005B68E1B29847204638BD00BFCC8F0100E6
:10CFA00008B5054803685B0703D0044A012106F071
:10CFB00051FD6FF0150008BDE80600209FD201006A
:10CFC0002DE9F04707468A4616461D46002B3AD003
:10CFD000D0F80490D9F80820CB1893420DD91B48FB
:10CFE000036813F0060F03D0194A022106F032FD40
:10CFF0006FF015042046BDE8F087D0F810804FF0A0
:10D00000FF324FF0FF33404602F098FAD9F818404B
:10D010002B46324651463846A047041E0CDA0B48D0
:10D0200003685B0704D00B4A2346012106F01BFD71
:10D03000404609F0A0FFDDE72D1B2644A244E5D1C0
:10D04000404609F098FF0024D4E700BFE80600201E
:10D05000BBD20100E0D201002DE9F047D0F80490E6
:10D060001D4699F8113007468A4616466BB124488A
:10D07000036813F0060F03D0224A022106F0EAFCEF
:10D080006FF00C042046BDE8F087B5B3D9F808204E
:10D090004B1993420BD91A48036813F0060F03D0BB
:10D0A000194A022106F0D6FC6FF01504EAE7D0F821
:10D0B00010804FF0FF324FF0FF33404602F03EFA4F
:10D0C000D9F81C402B46324651463846A047041E2C
:10D0D0000CDA0B4803685B0704D00C4A2346012195
:10D0E00006F0C1FC404609F046FFCBE72D1B264465
:10D0F000A244E5D1404609F03EFF0024C2E700BF4C
:10D10000E8060020FFD2010024D301004AD3010029
:10D110002DE9F043476840F20636D0063B7C87B0E5
:10D1200002EA060654BFC2F3401C4FF0030C01F0A4
:10D130001F05B6F5837F144645EA43158DF803C0F5
:10D1400044D00DD8062E16D005D8A6B1022E3FD059
:10D150006FF0150037E0B6F5807FF9D101260AE0BF
:10D1600040F20222964235D0B6F5407F34D0B6F573
:10D17000007FEDD10226220330D57A6801238B404F
:10D18000C2F80835B868A0BB05F01F036D092DD0A3
:10D19000012D77D13E4A02EB8302C4F30043D2F85B
:10D1A000001783F00103C4F3404444EA430421F42C
:10D1B000E16144EA8C0421F0070144EA06230B43B1
:10D1C000C2F80037002007B0BDE8F0830726D2E799
:10D1D0000426D0E70526CEE70326CCE7630341BF4C
:10D1E00001237A688B40C2F80C35CBE74FF0A042A0
:10D1F000D1E70DF1020229460AF0AEFB14F4403FDC
:10D2000080460CD1B86829460AF0DBFBB8F1000F64
:10D21000D8D19DF80210B86801F08EF9D2E74FF02E
:10D22000000901ABCDE90199CDE90439CDF80C90A5
:10D23000B86803AA29460AF064FA4845C2DB14F428
:10D24000003314D0C4F300449DF803308DF80E3041
:10D2500084F001048DF80C608DF80D40B8684B46E1
:10D2600003AA29460AF000FB0028CFDAAAE7CDE995
:10D2700004330DF103030393B86803AA29460AF0A7
:10D2800040FAF1E703F5E07350F82330FFDE00BF0A
:10D2900000030050420970B5034602D0012A17D09E
:10D2A00070BD0D4E326951680029F9D003F01F039B
:10D2B00001250C689D400029F2D08A682A4002D0DE
:10D2C0004B68304698472CB1236821461C46F2E74C
:10D2D000024EE7E72346F8E7AC8F01008C8F010090
:10D2E00038B54568A86890B10AF065FB014670B989
:10D2F000A8680AF044FB044658B902460649A868E3
:10D300000AF027FB224605210620FCF7FFFA002041
:10D3100038BD6FF00400FBE795D20000F0B544681B
:10D320001646A068227C01F01F0587B045EA421529
:10D3300000286DD0B6F5001F04D129460AF094FBF1
:10D34000002056E06268607CC2F8240501AA002033
:10D35000B6F5800F0190506037D1B3F1007F14BF54
:10D36000052304238DF804300023CDE9042303931F
:10D37000E36823FA01F111F001010DF103073AD13D
:10D38000B6F1A07F37D105F01F036A0903F5E073FA
:10D3900026D0012A3FD1214A52F82330DB072AD474
:10D3A000A0683A4629460AF0D7FA16301BD00297F1
:10D3B000A06803AA29460AF0A4F9002819DBA0688E
:10D3C000012229460AF0FFFABAE7B3F1C06F05D08F
:10D3D000B3F1007F14BF01230223C3E70323C1E796
:10D3E0004FF0A042D8E7A068394601F0ABF800281A
:10D3F000DDDA07B0F0BDA0683A4629460AF0ACFA7B
:10D400000028D5D19DF80310A06801F095F8CFE76A
:10D410006FF08500EDE751F82330FFDE0003005088
:10D42000044A054B9362054A1A6001210022032039
:10D43000FCF76CBAE804002074BA00200030004009
:10D440002DE9F04F89B002AFD0F810A0BB6043685F
:10D450003A61D3F820B09B8A7B614FF0FF324FF0E6
:10D46000FF3305460C4609F0FFFE0AF13C03FB6062
:10D47000002300220AF13C00002602F08BF933461B
:10D480003A69964201D3002348E0207A010700F16F
:10D49000A1803A69D4F800E0013696420BD28207A7
:10D4A00009D4227D80EA020C0CF0010C02F0040287
:10D4B0005CEA020C24D0002B3AD10EF06042B2F1AB
:10D4C000005F38D1D4F80080A3884FF00009BA6813
:10D4D000CAF85080217A00922846424600F0ACF803
:10D4E000031E1BDB4FF48042F868002302F052F960
:10D4F000002850D0284609F0CEFE6FF073030DE0EF
:10D500004FF001086268796903EB020C8C452ED953
:10D51000334801684C0710D16FF01B0328467B612C
:10D5200009F0A6FE7B691C371846BD46BDE8F08FA2
:10D530004FF00008E6E79846E4E76C468CB02E68AA
:10D5400002A9DFF8A4C0CA61C1E905C37B690A4624
:10D55000C1E9083640F203530B85224B42F8103FD5
:10D5600000234FF45151F8F727FFA546D4E7C10730
:10D5700006D40BEB030071467B600BF094F97B68DB
:10D5800062681A4493B2B8F1000F0CD1002B99D005
:10D590009946D8469BE7DAF84C30002B1DDB237AFE
:10D5A000DB0702D400230C346AE7C345FAD12346D3
:10D5B0000AE0A9EB0201D8687B601FFA81F918FA2A
:10D5C00081F10BF070F97B685A689145A3F10C0367
:10D5D000EFD2E7E76FF08503A0E76FF004039DE764
:10D5E000F006002006000001B6D3010008B5CA0706
:10D5F00043680DD4C1F3420101290CD0022912D095
:10D600000B4803685B0703D00A4A012106F022FA9F
:10D610006FF0150006E09B6A1B684FF0CC72C3F8F0
:10D620002425002008BD9B6A4FF0C8621B68F6E7FE
:10D63000F0060020A1D40100F0B589B047680C467F
:10D640001646002112220DF10E001D460BF052F974
:10D6500004F001038DF80C30BDF838308DF80D3032
:10D66000BB8C0495AB4206960DD20C48026852075B
:10D6700005D00B4A009301212B4606F0FEF96FF00E
:10D680001B0009B0F0BDC4F3400282F00102B86A89
:10D69000520103A901F0C8F9F3E700BFF00600202A
:10D6A000B3D40100B0B5456800AFAB6904469847F4
:10D6B000E869012109F0E0FD2A69A86A23462946A4
:10D6C0000AF090FB00281BDA104803685B0713D0B0
:10D6D00023686C4688B06A460D49CDE905134FF4BE
:10D6E0000073ADF81C300B4B42F8103F00234FF491
:10D6F000E251F8F761FEA5466FF00400BD46B0BDEB
:10D70000204609F0E0FD0020F8E700BFF006002009
:10D71000FAD40100030000012DE9F04145682B68AF
:10D7200000AF0246002B35D11B480168490711D0D4
:10D730006C4688B011686A46184DC2E905514FF42D
:10D7400000719183164942F8101F4FF4E251F8F727
:10D7500033FEA5466FF01200BD46BDE8F081D5F856
:10D760000480260158F806000AF099FB034658B9D0
:10D77000094802685207EDD058F806206C4688B078
:10D7800011686A46074DD8E701342B689C42E6DBF6
:10D790000020E1E70024F8E7F40600201AD5010094
:10D7A0000300000145D50100036803F01F025B0977
:10D7B000026004D0012B034818BF002070474FF0CF
:10D7C000A0407047000300502DE9F04F424F85B054
:10D7D0009346064600EB810140F2FF19B14203D1A6
:10D7E000002005B0BDE8F08F3368C3F3C72818F0F8
:10D7F0000808C3F3C322C3F3080467D137481B0EDC
:10D800000B3B855C4C4508BF4FF0FF340E2B60D8B6
:10D81000DFE803F008115F5F5F5F5F5F5F5F5F14CA
:10D820004A4D5000CBF8084505B90625631C39D090
:10D830004FF0000A16E0CBF80C45F5E7CBF8604551
:10D840007388621C03F001032CD0039403A8A3BBCC
:10D85000FFF7AAFF039B012202FA03F3C0F80C357D
:10D860004FF0010A3368019303F40040002803A835
:10D870000CBFD0464FF0010A0394FFF795FF039CBD
:10D88000019B00EB8400C3F3412CD0F800472B022E
:10D8900043EA8C0343EA08033C40234343EA4A0338
:10D8A000C0F80037043699E7CBF86445C8E7CBF8F1
:10D8B0006845C5E7CBF86C45C2E7FFF775FF039BEA
:10D8C000012202FA03F3C0F80835C9E76FF015002A
:10D8D00087E76FF0850084E7F0F8FCFFBDD7010013
:10D8E000036803F01F025B09026004D0012B0348A8
:10D8F00018BF002070474FF0A04070470003005051
:10D90000F0B5044683B0002200AF01211C20FBF7D4
:10D91000FDFF23692F4A616818460AF037F9051E92
:10D920001BDA2D4803685B0713D023686C4688B068
:10D930006A462A49CDE905134FF40073ADF81C304F
:10D94000274B42F8103F00234FF4E251F8F734FD23
:10D95000A54628460C37BD46F0BD636825691E6B99
:10D960003A1D0021304609F0FDFC002805DB7B68EC
:10D97000326819791868FFF727FF00210E462B68D7
:10D9800006F5AC7253F82230002B0EDB381D7B609D
:10D99000FFF7A6FF7A68D0F80435D34013F00103EF
:10D9A0001CBF0123B3400B43D9B20136042EE6D18C
:10D9B000002201256368186A05FA02F30B40B3FAE6
:10D9C00083F35B09DB0320F812300132042AF1D122
:10D9D0000025BEE78B7301002C070020FAD401005C
:10D9E000030000012DE9F743064647680469BDF8C6
:10D9F000280003290D4600F0010909D951480368A0
:10DA0000590722D0504A2B46012106F02CF81CE081
:10DA1000B97D012908BF5B084FF0010108BF52081A
:10DA200001FA05FC002B69D09A426AD9A0698242AA
:10DA300020D094F81CE03EEA0C0E0BD0414803685D
:10DA40005A0702D0414A06F005F86FF0150003B0FE
:10DA5000BDE8F0831146B1F5004F41D2A26184F8D0
:10DA60001DE0226897F81680C2F80CE5C2F804851C
:10DA7000C2F80815627F23FA02F292B2012170689F
:10DA800089F00108D0F820E042EAC8322EF81520CB
:10DA90005FFA8CF8002940D1226805F5AC7552F880
:10DAA0002520002A0DDB003B18BF01234B450192C6
:10DAB00001A82AD1FFF714FF019A01239340C0F86F
:10DAC0000C35217F21EA0801217761B3A37F8BBB4D
:10DAD0001023012207F1200120460AF069F827E00F
:10DAE0000EF1010EBEF1080F4FEA5101B3D11548F6
:10DAF00003685B07A9D01346154A85E719461A46FD
:10DB0000BDE7002147F6FF72B9E7FFF7E9FE019A8A
:10DB100001239340C0F80835D3E7237F48EA030C7C
:10DB200084F81CC0D2E730690AF07BF80123A377A0
:10DB300000208CE70023A37720460AF08CF8002809
:10DB4000FAD0C5E72C0700206ED5010083D501006F
:10DB500098D5010070B5012383400F4ABFF35B8F56
:10DB6000DC4352E8001F01EA040542E80056002E9B
:10DB7000F7D1BFF35B8F4FF4803282400748C0F883
:10DB80000823BFF35F8FBFF36F8F03EA01000038F4
:10DB900018BF012070BD00BFCCBA002000100140AA
:10DBA00070B41249D1E90034D01AC31844F100040A
:10DBB00022F07F46C1E90034A6F50013B3F5400F0B
:10DBC00009D20B4B1B681A0A1B069C19094B42F120
:10DBD0000005C3E90045EFF31181402383F3128868
:10DBE000BFF36F8F70BC02F05DBE00BFF81700205E
:10DBF000D0BA00200018002011B3BFF35B8F0123BF
:10DC0000104A834052E800CF4CEA030C42E800C1BE
:10DC10000029F7D1BFF35B8F0B4A4FF48033834069
:10DC2000C2F80433094BBFF35B8F1B68BFF35B8FF4
:10DC3000C340DB0742BF064B4FF40032C3F800215C
:10DC4000704700BFCCBA002000100140C8BA0020C5
:10DC500000E100E00D4B1868010A0006BFF35F8F7A
:10DC60000B4BD3F80435181841F10001B3F5801FB0
:10DC70000AD2084BD3E90023904271EB030303D28D
:10DC800010F1807041F10001704700BFD0BA002050
:10DC900000100140001800202DE9F04F85B0164615
:10DCA0001F469DF840A00446FFF754FF0190FFF780
:10DCB000D1FFB04271EB07035ED23E4B301A67EBE7
:10DCC0000101984271F1000109D36FF0150520465A
:10DCD0000199FFF791FF284605B0BDE8F08F364B5C
:10DCE00003EB0413D3E902239F4208BF964254D0AA
:10DCF00032494FF4803804F1500508FA04F8AD00B9
:10DD0000C1F848832046ADB209F046FB26F07F4BB0
:10DD100005F1804504F5A87305F58835DC464FF01C
:10DD200003090293029A2CF07F4341F82230C1F894
:10DD30004483D1F80435224A6FF00200C01A6044CF
:10DD400020F07F40904228D9286868B1D1F8043586
:10DD50000393A3EB0B0020F07F40B0F5000F1CD91C
:10DD6000204609F019FB039BBAF1000FADD109EB76
:10DD7000030C09F10109D5E7BAF1000FA5D1012380
:10DD8000104ABFF35B8FA34052E8000F184342E8EC
:10DD900000010029F8D1BFF35B8F07490E982301DA
:10DDA00001EB0412C8500F9B5360C2E902670025C3
:10DDB0008DE700BF01008000E8170020001001403F
:10DDC000FDFF7F00C8BA00207FB51C4C1C4BC4F877
:10DDD0000833C4F848331B4B00254FF0FF304FF099
:10DDE000FF31C4F80855C3E902014FF48033C4F889
:10DDF0000433154B02264FF400320121C4F80463AA
:10DE00001120C3F880212A46FBF780FD1120FBF783
:10DE10004DFD0E4A0123A360236013600C4B0D4A95
:10DE20000093CDE9015500232846FFF735FF304622
:10DE3000FFF73CF8284604B070BD00BF0010014059
:10DE400003000F00E817002000E100E0CCBA00203A
:10DE5000A1DB0000FFFF7F002DE9F7432B4CD4F836
:10DE6000043399070BD5D4F8043143B1284A002371
:10DE7000C4F80431D4F80431136801331360D4F8C2
:10DE80000433DA0323D5BFF35B8F224B53E8002F13
:10DE900022F0010143E800100028F7D1BFF35B8FA7
:10DEA000D30702D4D4F840318BB10025C4F84051D7
:10DEB000D4F84031FFF7CEFEEFF3108272B6164B66
:10DEC000D3E90267B042B94104D282F3108803B0AB
:10DED000BDE8F0834FF0FF384FF0FF39C3E9028906
:10DEE000D3E900101D604FF48033C4F84833C4F800
:10DEF0004051D4F8403182F310880029E7D00090D7
:10DF000032463B4628468847E1E700BF0010014003
:10DF1000D0BA0020C8BA0020E817002030B5431C52
:10DF2000124C85B005D08442A8BF0446012CB8BF6E
:10DF30000124FFF78FFE0E4B0C4DD3E90013401A5E
:10DF4000B0F5000F10D22218AA4228BF2A46521854
:10DF50004FF0000007490091CDE9010043F10003B3
:10DF6000FFF79AFE05B030BD2A46F0E7FFFF7F00BD
:10DF7000F8170020A1DB000008B5FFF76BFE024B8D
:10DF80001B68C01A08BD00BFF817002010B5084C68
:10DF9000012363601120FBF797FC064BC4F808339C
:10DFA000C4F84833044B4FF40032C3F8802110BD4D
:10DFB0000010014003000F0000E100E0BFF34F8FAD
:10DFC0000549064BCA6802F4E0621343CB60BFF315
:10DFD0004F8F00BFFDE700BF00ED00E00400FA0531
:10DFE000024AD2F80034002BFBD0704700E0014019
:10DFF00010B54FF08053D3F83021082A4ED14FF09E
:10E0000080420021C2F80C11C2F81011C2F8381574
:10E0100002F54042D3F80414C2F82015D3F80814CE
:10E02000C2F82415D3F80C14C2F82815D3F810142C
:10E03000C2F82C15D3F81414C2F83015D3F81814FC
:10E04000C2F83415D3F81C14C2F84015D3F82014C4
:10E05000C2F84415D3F82414C2F84815D3F828148C
:10E06000C2F84C15D3F82C14C2F85015D3F830145C
:10E07000C2F85415D3F83414C2F86015D3F8381424
:10E08000C2F86415D3F83C14C2F86815D3F84014EC
:10E09000C2F86C15D3F84434C2F8703509F097F91A
:10E0A00018B1444B444AC3F88C2609F090F918B1D2
:10E0B000424BFB22C3F8182509F089F958B14FF0FB
:10E0C00080424FF08051D2F8E43ED1F8581261F30B
:10E0D0000303C2F8E43E09F07AF920B1384B4FF45B
:10E0E0000072C3F840264FF08053D3F83031082B2C
:10E0F00009D14FF08043D3F80024D20744BF6FF01A
:10E100000102C3F800242F4AD2F8883043F4700388
:10E11000C2F88830BFF34F8FBFF36F8F4FF080533B
:10E12000D3F83021082A0BD1D3F83431042B81BF26
:10E130004FF01023D3F808224FF08043C3F858253E
:10E140004FF01021D1F80C32DB0714D51E48012303
:10E15000C0F80435FFF744FFD1F80C3223F0010377
:10E16000C1F80C32FFF73CFF0023C0F80435FFF77D
:10E1700037FFFFF723FFD1F80032002B03DBD1F884
:10E180000432002B14DA104901234FF01020C1F89B
:10E1900004351224FFF724FFC0F80042FFF720FFE8
:10E1A000C0F80442FFF71CFF0023C1F80435DEE786
:10E1B00010BD00BF005000404881030000F0004047
:10E1C0000090024000ED00E000E00140014B002023
:10E1D0001B681847D4BA0020014B1B68184700BFC2
:10E1E000D4BA002010B50C4C237993B901232371C4
:10E1F0000A4B2060002818BF184600F04BF850B9B1
:10E2000023680748002BBDE8104008BF184600F0FF
:10E2100091B86FF0770010BDD4BA0020CDE10000B6
:10E22000D9E1000008B5064B1B682BB10020FBF7B5
:10E230005FFB08B9FBF73AFB024B01221A7008BDDD
:10E24000D4BA0020C5CB002038B54FF0804401235C
:10E25000C4F8083363600023C4F80031D4F80031F7
:10E2600042F21075D4F80C24D4F80C34D20307D53C
:10E27000DB0705D5012009F0BAF8013DF2D138BD20
:10E2800009F009F90028FAD0014B00225A71F6E78B
:10E29000DCBA002010B508490C794CB9012308609C
:10E2A0000B7109F0F8F808B9002010BD4C71FBE7BC
:10E2B0006FF07700F9E700BFDCBA00204FF0804331
:10E2C0000022C3F80021D3F80021094901221A6075
:10E2D000096811B1C3F804237047D3F80021002A5C
:10E2E000FBD00022C3F80021D3F80031704700BFF3
:10E2F000DCBA002010B54FF08043D3F80423D207D6
:10E3000015D5D3F8002192B10022C3F800210121D4
:10E31000D3F80021C3F8081309F0BDF8044B10B17D
:10E320005A7922B95971BDE810401B68184710BDD1
:10E33000DCBA0020074B0246187940B91A60012266
:10E340001A714FF080430222C3F8182570476FF00E
:10E3500077007047E4BA002010B54FF080431D4CA1
:10E36000D3F81814D3F8182411F4803F18D002F011
:10E370000303022B01D009F09FF84FF080430021E6
:10E380000222C3F81825C3F80411D3F8041101219F
:10E390009960216881B9D3F80421002AFBD012E0EA
:10E3A000D3F81424D207E8D5D3F81C2402F00302D2
:10E3B000022AE0D1216811B1C3F8042310BDD3F8BB
:10E3C0000421002AFBD00022C3F80421D3F8043131
:10E3D000F4E700BFE4BA0020F8B54FF08043124FD5
:10E3E000D3F80443012504F01A04002604B9F8BD4B
:10E3F000B4FA84F0C0F11F00830003F580739BB270
:10E4000003F1804305FA00F2196892B224EA02048B
:10E410000029EBD01E601B684FF08043C0B2C3F8E8
:10E4200008233B689847E1E7E4BA0020036803F05B
:10E430001F025B09026004D0012B034818BF0020B3
:10E4400070474FF0A040704700030050034A430953
:10E4500000F01F00D35C1844C0B27047C5D701005C
:10E46000024611F0010030B515D18B07C1F3400011
:10E4700022D51249D1F8200550604FF08052C1F8E2
:10E480002005D2F83021082A08BFD1F8202500380D
:10E4900018BF012010E04FF0A0444FF08055D4F891
:10E4A00020351360C4F82035D5F83051082D08BF49
:10E4B000D4F82045002BD8D030BD00BF0003005059
:10E4C000F7B504460846FFF7C1FF04EB40060D46CA
:10E4D000B38ADB072AD5204609F0F1F82946204601
:10E4E00009F05DF850B1204609F06FF8276807EB96
:10E4F00080000023C0F81035C0F8103529462046AA
:10E5000009F08CF80021B18201A80195FFF78EFF78
:10E51000019B00EB8300074BD0F80027134043F02A
:10E520000203C0F80037084603B0F0BD6FF01500D5
:10E53000FAE700BFF0F8FCFF014808F078BF00BF21
:10E540003C05002010B504480C4608F052FF002896
:10E55000A4BF2070002010BD3C0500202DE9F04F25
:10E56000074689B057F8049BD9F80413C9B283460B
:10E57000082241F00041484609F079F8051E2FDADB
:10E580000023032106A8CDE90633FFF769FF634B9B
:10E5900001930DF118084FF0000A019A604912F832
:10E5A000013B0192DA0803F007038A5C22FA03F3C5
:10E5B000DB071CD40AF10103022B08F104084FF019
:10E5C000010AEAD14FF000410022484609F04FF815
:10E5D000032106A8FFF744FF0028D8D125F0004505
:10E5E0000124002D40F0848009B0BDE8F08F4D4B30
:10E5F00053440293D8F80060002EDBD0029B96FAB9
:10E60000A6F61C78B6FA86F646EA44142046FFF7CA
:10E610001DFF0BEB4000F208818A18F802000594F8
:10E62000C1F382030393009306F00706012303FA64
:10E6300006F620EA060008F8020005A8FFF7F6FE35
:10E64000059A039B02F5E07211F0100F50F822605A
:10E65000C6F3014633D0009A3846214608F0BFFF82
:10E6600005A80594FFF7E2FE059B03F5E073F6B2FB
:10E6700050F82330C3F301439E4207D100212046C6
:10E6800008F07EFF3146204608F07AFF05A8059481
:10E69000FFF7CCFE059B012202FA03F3C0F82035F8
:10E6A0004FF08053D3F83031082B01BFD0F820351C
:10E6B000D0F82035D0F82035D0F820359AE7022E52
:10E6C00014BF022103212046039308F059FF039B46
:10E6D000032B03D0022E07D1012BD7D1009A21465C
:10E6E000384608F07CFFD1E7032ECFD1022BF4E7A8
:10E6F00095FAA5F3B3FA83F304FA03F225EA0205C7
:10E7000003F5A2720BEB430359F82220B3F87C10F7
:10E71000C2F30142384608F062FF62E7D5D7010034
:10E720006CA50100D5D7010010B5174C23783BBB71
:10E730000278C2F3400392070FD54FF08053D3F80D
:10E740003021082A08D1D3F83431022B02BF4FF010
:10E7500080430122C3F8382601234FF08042C2F8DB
:10E760008035037803F00103C2F878350020FBF709
:10E77000BFF808B9FBF79AF801232370002010BDF9
:10E780006FF07700FBE700BFC6CB00204FF080435F
:10E790004FF46072C3F80823014B00221A607047DF
:10E7A000ECBA002008B5FFF7F1FF03680BB1014A8E
:10E7B000136008BDECBA002010B54FF08043D3F8C9
:10E7C0000443620707D54FF4847009F04FF910B184
:10E7D0001E4B1B689847A30608D54FF48A7009F0B2
:10E7E00045F918B11A4B00201B689847600608D5F8
:10E7F0004FF48C7009F03AF918B1154B01201B68E1
:10E800009847210608D54FF48E7009F02FF918B1FA
:10E81000104B00201B689847E20508D54FF4907014
:10E8200009F024F918B10B4B01201B689847A30588
:10E830000AD54FF4927009F019F928B1054BBDE8DB
:10E8400010401B680220184710BD00BFF4BA00201A
:10E85000F0BA0020ECBA0020036803F01F025B0945
:10E86000026004D0012B034818BF002070474FF00E
:10E87000A0407047000300502DE9F3470B7F04468A
:10E8800063BB354D0E1F01F1100701F10C094FF06C
:10E89000010856F804AFBAF1FF3F1BD03B78CDF822
:10E8A00004A001A8002B4FD0FFF7D6FF019B08FA68
:10E8B00003F3C0F8083501A8CDF804A0FFF7CCFF9A
:10E8C000019B00EB8300D0F800372B4043F003039B
:10E8D000C0F80037B14507F10107DAD191F81DC042
:10E8E0000D8B4F7D8E7D8A7EC87E2368BCF1000F24
:10E8F0000BD1D1E9008ED1E902C1C3F86085C3F81C
:10E9000064E5C3F868C5C3F86C1542EA0022C3F891
:10E910000C75C3F80465C3F80855C3F810252068C2
:10E920000023C0F81031D0F81021C0F80831D0F819
:10E930000821C0F80C31D0F80C3140F3073002B098
:10E94000BDE8F047FAF7B2BFFFF786FF019B08FA70
:10E9500003F3C0F80C35AEE7F0F8FCFF827B002A29
:10E9600038D1036803F01F015B0922D0012B26D1A7
:10E97000194A02EB81021949D2F800370B4043F4DF
:10E98000C16343F00403C2F80037436803F01F007B
:10E990005B0911D0012B17D10F4A02EB8002D2F88C
:10E9A00000370B4043F4C16343F00403C2F800375F
:10E9B00070474FF0A042DCE74FF0A042EDE701F5D1
:10E9C000E07152F82130FFDE00F5E070002353F8CB
:10E9D0002030F8E7704700BF00030050F0F8FCFF5C
:10E9E00010B503680F490022C260C3F80813D3F8BA
:10E9F000001221F4BC51C3F800124FF08051D1F83D
:10EA00003041082C05D1D1F8341111B90921C3F8CE
:10EA10000015C3F80025012380F8263080F828204F
:10EA200010BD00BF02029C012DE9F047002380F8D1
:10EA300027304B68046805460E46174633B1CB684D
:10EA400003F06043B3F1005F40F040813378023B54
:10EA5000012B06D8336903F06043B3F1005F40F047
:10EA600035819C4BC4F8083395F8283003F0FF0239
:10EA70003BB1EB68C4F804336FF00F084046BDE8C3
:10EA8000F08707F01403B3FA83F35B0985F82830A5
:10EA9000337885F82430737885F82530F3682B6156
:10EAA00073686B613369AB61B368EB61C7F30013E3
:10EAB00085F829302F627378C4F88835C4F860214E
:10EAC000D4F86031C4F84821D4F84831C4F824217E
:10EAD000D4F82431C4F80421D4F8043117F0010328
:10EAE00018BF0123C4F8503517F0020318BF0123E3
:10EAF000C4F840353378032B00F28180DFE803F05F
:10EB00005E764A024FF48073C4F80032D5E90423DC
:10EB1000C4F84425C4F848350123A3604FF480119C
:10EB2000204609F011F90028F8D1D5E90623C4F8E8
:10EB30004425C4F848354FF48023EB604FF00008BB
:10EB400017F0080910D13378032B0DD0012B6A6818
:10EB50006BD12360002A55D073682BB96B68002BEA
:10EB600000F09280012363616B68002B00F08C80C1
:10EB7000780744BF0023EB6079065EBFEB6843F083
:10EB80000203EB60EB6843F40073EB60EB68C4F8DE
:10EB9000043373E7D5E90423C4F84425C4F84835A1
:10EBA000D5E90623C4F83425C4F838354FF4845326
:10EBB000C4F80032012323620223BEE7D5E904230F
:10EBC000B806C4F84425C4F848354BBF4FF48073E9
:10EBD0004FF40073C4F80032C4F800324CBF4FF455
:10EBE00080230223EB6001232362A7E7D5E90423F6
:10EBF000C4F83425C4F838354FF48053D8E76FF0A3
:10EC000015089DE76A6902B96361DFF8D0904FF09B
:10EC1000010A3149204609F097F8810501D5C4F869
:10EC200014A010EA090FF4D096E70123A360002A8C
:10EC300092D16A6932B3DFF8A4A019EA0A0F8BD126
:10EC40002549204609F080F810F4007F8146F4D071
:10EC50004FF08071204609F077F8D4F8003208B1FF
:10EC60009A0505D401222262626140B14FF0000989
:10EC7000DB05E2D54FF48021204609F065F84FF01E
:10EC80000009DAE76361D6E7D4F8C434C4F8C434C1
:10EC9000002285F828206BB19A075ABF03F00108BB
:10ECA000A8F18C086FF00D0813F0040F18BF6FF077
:10ECB0000A08E3E67B063FF5E1AE291D204609F090
:10ECC00001F8002808BF6FF08B08D7E66FF00C083A
:10ECD000D4E600BF02029C0102020400020004000C
:10ECE00070B5056886B002210446284609F02CF864
:10ECF0004FF400710646284609F026F8D0B1D6B97F
:10ED0000E368C5F808330223E360E368C5F8043319
:10ED10004FF08071284609F017F818B1D5F8003285
:10ED20009B0502D401232B626B61012384F82730F9
:10ED300006B070BDAEB3236A5E060AD494F82730DD
:10ED40003BB9211D284608F0BDFF80F0010084F882
:10ED50002700236A13F004033BD1C5F86031D5F8CE
:10ED60006021C5F85C31D5F85C3194F8293013B1D5
:10ED700094F8273013B30023C5F80032E360314B19
:10ED8000C5F8083345F30733002B17DB5A09012177
:10ED900003F01F03994002F160032B4A42F823104D
:10EDA0000CE04FF48021284608F0CEFF94F8243080
:10EDB000002B2FD194F82930002BDDD0A38CADF897
:10EDC00004302369049363690293A3690593E3699B
:10EDD0000393D5F8C434C5F8C43498072CD4590724
:10EDE0002CD4DA072CD494F827309B00DBB28DF8B2
:10EDF000003094F829300BB984F82830236A5B0777
:10EE000003D594F82730002B92D0D4E9013168461D
:10EE100098478DE74FF40073C5F8003240F20223A3
:10EE2000E36003F1CE73C5F80833E368C5F8043333
:10EE30000123AB602B627BE70123D8E70223D6E7EF
:10EE40000323D4E702029C0100E100E0036803F021
:10EE50001F025B09026004D0012B034818BF002089
:10EE600070474FF0A040704700030050F7B50646CA
:10EE700008F0E3FF084608F0E0FF01A80196FFF75D
:10EE8000E5FF019B00EB83000C46D0F800372D49CD
:10EE9000019440F20D650B402B43C0F8003701A8E8
:10EEA000FFF7D4FF019B00EB83000127D0F8003768
:10EEB0000B402B43C0F80037042008F098FA0925CE
:10EEC00001A80194FFF7C2FF019AD0F81035D34092
:10EED000DB0715D401A80196FFF7B8FF019B07FADD
:10EEE00003F3C0F80C35042008F081FA304608F02E
:10EEF000A4FF013D042008F07AFA15F0FF05DFD1E8
:10EF000001A80194FFF7A2FF019A01239340C0F8E2
:10EF10000C35042008F06BFA204608F08EFF042020
:10EF200008F065FA01A80194FFF790FF019AD0F864
:10EF30001035D34013F0010F0CBF6FF08B00002091
:10EF400003B0F0BDF0F8FCFF024B03600248C01AAA
:10EF5000400970476C8F01008C90010010B5044689
:10EF6000F7F78CF8054803685B0703D0044A0121D2
:10EF700004F070FD204608F09DFF00BF1807002038
:10EF8000DDD501002DE9F047044600AF0D46EFF353
:10EF90001189402383F31288BFF36F8FDFF8E48079
:10EFA000334AD8F80030966859075DD0042898BFD6
:10EFB000304B117C94BF53F820302F4BEA468AB077
:10EFC0006A462E48CDE9073140F20133ADF82430CE
:10EFD0002B4BCDE9050442F8103F2A4800234FF49B
:10EFE0003151F7F7E9F9D54665B1EB69C3F3080389
:10EFF00043B1D8F800305A071FD0234A21480121D5
:10F0000004F028FDD8F800305B0716D01EBB1F485F
:10F01000E8468AB06A461E4B0790CDE9053640F2B5
:10F020000133ADF820301B4B42F8103F1548002348
:10F030004FF41151F7F7C0F9C54629462046FFF7AE
:10F040008DFF89F31188BFF36F8F3046FAF778FD93
:10F05000BD46BDE8F087304609F074F90028D6D0E7
:10F060000378002BD3D0D3E7002DBED1E5E700BF56
:10F07000F8BA002070A50100ECD5010002D601000D
:10F0800005000001180700202AD60100FAD501006A
:10F090004BD601000400000138B50A4B53F820405C
:10F0A000013053F82050A54200D838BD606830B117
:10F0B000037EDB0701D408F0D1FE0834F3E72368B0
:10F0C0009847FAE784A5010070B52A4B2A4C2B4DCE
:10F0D00086B0012203201A70FFF7DEFF09F0E2FB81
:10F0E0000420FFF7D9FF2646AE4204F130040FD3C7
:10F0F00001F0C0F8204CAC4226D301F0CFF8F2F773
:10F1000061FC1F4A938923F00103938106B070BD0F
:10F1100054F80C3C059354F8103C049354F8143CF8
:10F12000039354F8183C029354F81C3C019354F890
:10F13000203C009354E90A2354E90C0100F0ECFD53
:10F1400054F8303C5E65CEE7D4E90A23B3F1FF3FC3
:10F1500008BFB2F1FF3F05D052EA0301206803D196
:10F1600009F0F5F93034C6E70649183001F00AFB1A
:10F17000F8E700BFC7CB002010920100A092010069
:10F18000081900207D84010070B586B0144B0593EA
:10F1900001220F23CDE90332124E134D13490023F0
:10F1A000CDE90133182303FB005506EB0026044686
:10F1B00001EB40210E4B00954FF4C072304600F039
:10F1C000ABFD337C0B4AEE6023F0040333744FF441
:10F1D000086304FB033313442C746B6006B070BDEA
:10F1E00068AC010008180020F8BA002000FD0020DB
:10F1F0006180010080F400207FB50020FFF74CFF04
:10F20000294B83F30888294C636943F400736361D5
:10F21000E02384F8223000252023E37725766576E5
:10F22000A57684F82050636A43F4E023636284F88F
:10F230002350FAF79DFAFAF76DFC4FF0FF33A36203
:10F24000E362FAF7C9FDFAF705FDF6F753FE184831
:10F25000184C00F009FE0120FFF71EFF0220FFF707
:10F260001BFF01F045F8144B14499C61144B0593A6
:10F2700001234FF48052CDE90353CDE90155114BE1
:10F280000095204600F048FD237C064623F0040349
:10F290002046237409F0A4F82846FFF775FF094AB1
:10F2A00031462046FAF70AFC00FD002000ED00E0A0
:10F2B000081A002008190020F8BA002000FF0020DA
:10F2C000ADD60100C9F0000038B5064C064DAC4281
:10F2D00001D3002038BDD4E90112204608F034FEE5
:10F2E0001434F4E76C070020A80700201FB5054C74
:10F2F0000294CDE900230A46002108F0E3FD04B0A2
:10F3000010BD00BF0B2E010030B585B0DDE908450A
:10F31000034B0293CDE9004508F0D4FD05B030BDA4
:10F32000112E010038B5074C074DAC4201D3002027
:10F3300038BD204608F02DFE08B91C34F5E76FF003
:10F340001500F5E7500700206C07002073B50C4648
:10F35000EFF31181402585F31288BFF36F8FC568E5
:10F360005DB125602B68C360836901338361002030
:10F3700081F31188BFF36F8F11E052EA030603D1C6
:10F3800025606FF00B00F3E7CDE90023024608305B
:10F3900000F0CEFE18B9034B9B685B69236002B096
:10F3A00070BD00BFF8BA0020F7B50D4604469DF8C1
:10F3B0002010EFF31187402080F31288BFF36F8F86
:10F3C000266AE068864240D22668B4421AD0CEB19E
:10F3D000304608F050FE06F1180009F046F954F8DE
:10F3E000082F70692946002509F05DFA3046C6F8F5
:10F3F000B45008F0F5FF2046394609F065F8284674
:10F4000003B0F0BDA268A9B1E069294609F04BFA42
:10F41000E369A26813446269E361934201D12369FD
:10F42000E361236A01332362002087F31188BFF36D
:10F430006F8FE5E7A0692369984208BF6069801A69
:10F44000A061294609F02FFAEBE752EA03010BD03D
:10F450000749896804F108004D61CDE90023394668
:10F46000224600F065FECBE76FF02200DDE700BF2B
:10F47000F8BA0020F7B504460846EFF3118640219C
:10F4800081F31288BFF36F8F216A00293BD0A268F5
:10F49000A16909F008FAA369A268256813446269A2
:10F4A000A361934204BF2369A361236AAC4203F1C1
:10F4B000FF33236236D02846002D34D008F0DBFD20
:10F4C00005F1180009F0D1F86969A268E06909F04E
:10F4D000EAF9E369A26813446269E361934204BFF5
:10F4E0002369E361236A0027013323622846C5F8B4
:10F4F000B47008F075FF04F10800314608F0E4FF2D
:10F50000384603B0F0BD52EA030111D00A498968B8
:10F510004861CDE900233146224604F1080000F09D
:10F5200007FEEEE7002086F31188BFF36F8FE8E750
:10F530006FF02200F7E700BFF8BA00202DE9F34191
:10F54000044617461E46EFF31188402383F31288C2
:10F55000BFF36F8F304BC2689B6872B1806898426E
:10F5600017D057EA060216D188F31188BFF36F8FC0
:10F570006FF00F0002B0BDE8F08193F90E10216129
:10F580000132C4E9023288F31188BFF36F8F002083
:10F59000F0E72169F3E793F90E1090F90E309942E4
:10F5A00030DA9942A8BF194608F079FD0546CDE941
:10F5B00000761A482246414600F0BAFD0028E6D0FF
:10F5C000EFF31186402383F31288BFF36F8FA06897
:10F5D000D0B1236821699C420AD04BB193F90E3017
:10F5E0009942A8BF19466FF07F039942B8BF1946E8
:10F5F00008F055FD40B10948314608F065FF6FF04D
:10F600000A00B7E70025D2E7002DF4D186F3118870
:10F61000BFF36F8FF3E700BFF8BA0020C8CB00201C
:10F62000F8B583680546002B40D0234A9268934280
:10F630003FD1C368012B03D9013BC3600020F8BD53
:10F64000EFF31187402383F31288BFF36F8F0169B3
:10F65000806808F024FD2C68A54207D10023C5E985
:10F66000023387F31188BFF36F8FE7E7002CF5D0E3
:10F67000D4E9003213605A60237C002623F0020391
:10F680002374C4E90066A66004F1180008F0EDFFD9
:10F69000AC6094F90E302B612046C4F8B46008F0D9
:10F6A0009FFE0648394608F00FFFC7E76FF01500C8
:10F6B000C5E74FF0FF30C2E7F8BA0020C8CB002002
:10F6C00073B51546EFF31186402282F31288BFF31B
:10F6D0006F8F0468B4B12368426823F00303944237
:10F6E00008BF4360036023689B0704D02046656819
:10F6F00009F0D1F82C4686F31188BFF36F8F2046AE
:10F7000002B070BD55EA0302F5D000F10802CDE960
:10F7100000533146104600F00BFD0028EFD1024B9C
:10F720009B685C69EBE700BFF8BA002070B5EFF3A7
:10F730001186402383F31288BFF36F8F0468A042C1
:10F740001BD0D4B1D4E9003213605A60237C002569
:10F7500023F002032374C4E90055A56004F11800E6
:10F7600008F083FF2046C4F8B45008F039FE314653
:10F770000748BDE8704008F0A7BED0E902329A42BF
:10F7800018BF0133836086F31188BFF36F8F70BD9C
:10F79000C8CB002013B5EFF31181402484F3128805
:10F7A000BFF36F8F846844B1013C846081F311889A
:10F7B000BFF36F8F002002B010BD52EA030406D1E0
:10F7C00081F31188BFF36F8F6FF00F00F3E7CDE97E
:10F7D00000230246014800F0ABFCECE7C8CB002058
:10F7E00070B50546EFF31186402383F31288BFF30B
:10F7F0006F8F00232C68A54219D0C4B1D4E9003220
:10F8000013605A60227C002322F00202C4E9003314
:10F810002274A36004F1180008F027FF6FF00A03B8
:10F82000C4F8B430204608F0DBFD0123E2E70022F3
:10F83000AA6023B986F31188BFF36F8F70BD31467C
:10F840000248BDE8704008F03FBE00BFC8CB0020B2
:10F850002DE9FF41544E04464027EFF3118887F30A
:10F860001288BFF36F8FD4F80451F5B9022104F563
:10F870008E7008F0D3FC002870D004F58A75002241
:10F880000121284608F083FE0028F8D100230293C6
:10F890004FF0FF324FF0FF33CDE90023414604F52E
:10F8A0008672424800F052FED7E7D4F808212B6850
:10F8B000C4F80431954208BFC4F80831D4F81C31AB
:10F8C00043F00203C4F81C31EB6823F0040343F057
:10F8D0000103EB606B6888F31188BFF36F8F2846D4
:10F8E0009847EFF3118887F31288BFF36F8FEB68A7
:10F8F000D80623F001023ED4EA60EB689A0717D5D8
:10F90000306823F00203EB6090B10368002178B106
:10F91000426895423DD10368002934D17268336052
:10F92000904200D17360002340F8083BFFF7FEFED1
:10F93000D4F81C3123F00203C4F81C31DB0530D4A9
:10F94000D4F80431003B18BF012388F31188BFF3BA
:10F950006F8F002B81D000F0D3FC7EE7D4F81C31F0
:10F96000D90693D5C4F81C0188F31188BFF36F8FB3
:10F9700004B0BDE8F08123F01103EB6005F1100045
:10F98000FFF7D4FEB9E70B607368984208BF716057
:10F99000C9E701461BB11A6818461346B7E71A466D
:10F9A000FAE70023D1E700BF20BB0020C8CB00202E
:10F9B000F8B5C3689A0704460E46C3F3400542D41F
:10F9C0005F0742D40B680BB983680B60E368D80704
:10F9D00044BFA368336037684CBF0225012557B385
:10F9E0001B4B9A68D7F800319A421ED108F0A4FC4C
:10F9F00080F00100C0B2D7F81C31D907C3F38002F0
:10FA00001CD5F2B1F8B100232360D7F8083173B9DF
:10FA1000C7E94144384608F01BFCE36843F004039F
:10FA2000E3603368A3602846F8BD0020E3E71C606C
:10FA3000C7F80841EEE76FF0150506E06FF0120514
:10FA400003E01B07DFD56FF00F0500233360EAE703
:10FA5000F8BA00200146014808F045BC281B0020E8
:10FA6000F0B589B004460020C4E941000E9D04F5BC
:10FA70008670C4E9430004F58A70C4E9450055B3B3
:10FA80002879002840F2011008BF0120C4F81C01A9
:10FA900000204FF0FF364FF0FF37CDE90330CDE9BE
:10FAA0000100CDE906670D4B0094204600F0B0F947
:10FAB00055B1296811B1204600F0E0F86B791BB10F
:10FAC000A38943F00103A381204608F040FDC4F858
:10FAD000004109B0F0BD0120D8E700BF51F8000097
:10FAE00037B501900846EFF31184402181F3128865
:10FAF000BFF36F8FC16811F01E0F16D153EA0205D4
:10FB000008D101A9FFF754FF84F31188BFF36F8F69
:10FB100003B030BD41F00801C16001998162044920
:10FB2000103000F02FFE0120EEE70020ECE700BFD0
:10FB30006182010001460148FFF7D2BF281B002067
:10FB4000F7B50C46019016461D46EFF3118740238A
:10FB500083F31288BFF36F8F084608F06AFB55EAFB
:10FB6000060309D101A92046FFF722FF87F3118878
:10FB7000BFF36F8F03B0F0BDE368074943F008039C
:10FB8000E360019BA36232462B4604F1100000F0B3
:10FB9000F9FD0120EAE700BF61820100014601484A
:10FBA000FFF7CEBF281B00202DE9F0410546EFF3FB
:10FBB0001187402383F31288BFF36F8F0468A0423C
:10FBC0001CD0DCB1204608F0AAFB04F1180008F0B4
:10FBD0004CFD0026B046C4F8B480204608F000FC76
:10FBE0002C68A54206F1010610D07CB1204608F031
:10FBF00096FB04F1180008F038FDECE787F3118854
:10FC0000BFF36F8F00263046BDE8F08102483946C9
:10FC100008F05AFCF7E700BFC8CB00202DE9F341FC
:10FC20001C4652EA040307460D46164608D108460C
:10FC3000FFF7F6FC6FF00A04204602B0BDE8F08141
:10FC4000EFF31188402383F31288BFF36F8F0846C8
:10FC5000FFF7E6FCCDE9006407483A46414600F06C
:10FC600067FA04460028E7D14FF0FF324FF0FF3328
:10FC70002846FFF763FCDFE7C8CB002010B5044639
:10FC800008B9054B9C681F2204F17C0008F06DFE4A
:10FC9000002084F89B0010BDF8BA00202DE9F04741
:10FCA0000C4681B37AB390F81090184F561E002579
:10FCB0006019B9F1000F04D104F805902046BDE8A1
:10FCC000F087B7F804A019EA0A0F1AD0FB88396840
:10FCD000A6EB0508984528BF9846424608F0E3FD84
:10FCE00039EA0A0945440CD0A6EB0508B8F1010F22
:10FCF00028BF4FF0010860190549424608F0D3FDBE
:10FD000045440837D4E7034CD8E700BF9CA5010061
:10FD100025AC0100C3BA01002DE9F04FD51D85B017
:10FD200025F0070504461F46FF3500F15803C0E9DA
:10FD3000163325F07F05129BA38100200E46119BF0
:10FD4000DDF838B0DDF84C80A06004217F2DC4E9D7
:10FD500006002174A373E07306F1800AA5F18009FF
:10FD600005D880F31188BFF36F8F084602DF4A463B
:10FD70003544AA21504608F0BDFD29462046F9F732
:10FD800043FA0730109B20F00700C4E927A9C4F804
:10FD9000A40002930F9B2D1ACDE900B32A463B46DF
:10FDA00031462046F9F700FE0F9B23674FF000090C
:10FDB000109BC4F85490C4E91A7B6367EFF3118277
:10FDC000402181F31288BFF36F8F104E716AA167D3
:10FDD000746282F31188BFF36F8FB8F1000F11D0F6
:10FDE0001F22414604F17C0008F0BFFD84F89B907F
:10FDF000B3680BB1D3F8A830C4F8A830284605B0D2
:10FE0000BDE8F08F84F87C80F2E700BFF8BA0020EC
:10FE1000F0B587B000250595109D04950F9D0395BD
:10FE20000E9D0295DDE912760D9D01950C9D0095C4
:10FE30000446FFF771FFB6F1FF3F08BFB7F1FF3F80
:10FE400005D056EA070305D1204608F080FB20467E
:10FE500007B0F0BD3A46334604F11800014900F0FE
:10FE600091FCF4E77D840100012310B503748381C4
:10FE70000023C0E92733044600F0B4FE014B9C6028
:10FE800010BD00BFF8BA00200A4A93686FF00A015B
:10FE9000C3F8B4100849C3F8B0004B6843F080536E
:10FEA0004B60002383F31188BFF36F8F9368D3F8FF
:10FEB000B4007047F8BA002000ED00E070B590F98A
:10FEC0001020037C002A2FDBD9062DD11A4C63F0B9
:10FED0007F032246037452F81C3F216A934207D1E4
:10FEE000C0E90021086020620FE09942F8D01B6849
:10FEF000002BF5D093F90E6090F90E50AE42F4DD70
:10FF00005968C0E9003108605860E569954200D041
:10FF100005B9E568A3681A7CD20606D1DA897F2A7A
:10FF200003D9AA690AB9A36170BDAB4202D02846C1
:10FF300000F04EFBA561F7E7F8BA002038B590F95C
:10FF40001020037C002A014604DA03F07F030374C7
:10FF500008F00EFA0D4D2A46AB6852F81C4F944239
:10FF600000D004B9EC688B4207D01A7CD20604D1C9
:10FF7000DA897F2A01D9A2692AB1A34202D0204698
:10FF800000F026FB2346AB6138BD00BFF8BA002065
:10FF9000B3F1FF3F08BFB2F1FF3F03D00249183071
:10FFA00000F0F0BB704700BF7D840100034648B9F4
:10FFB000EFF3058232B9064A91699268914201D005
:10FFC000FFF762BF83F31188BFF36F8F704700BFE5
:10FFD000F8BA002038B5184CA168206A0B68814235
:10FFE00014BF1A46002249680B605960A368216A51
:10FFF0002AB9124AC3E900210B6023620AE092F990
:020000021000EC
:100000000E5093F90E00854212DD5168C3E90021BC
:100010000B605360E569094B9D4200D005B9E56866
:10002000A3689D4202D0284600F0D2FAA56138BDEF
:100030008A42DED01268DBE7F8BA002014BB002049
:10004000F8B5394CA2688242054624D1EFF3058306
:100050000BBBEFF31186402383F31288BFF36F8F3E
:10006000137C03F07F0343F01003137408F080F94E
:10007000234653F81C5F9D4200D005B9E568A3688C
:100080009D4202D0284600F0A3FAA5613046BDE8A3
:10009000F840FFF7F9BEEFF31187402383F312888E
:1000A000BFF36F8F2B7CD90604D587F31188BFF37C
:1000B0006F8FF8BDD90943F010022BD12A74E6697D
:1000C0001A4B9E4200D006B9E668A368B34202D03C
:1000D000304600F07DFAA368A6619D42E5D1EFF3BA
:1000E0000583002BE1D1AA89D20711D587F31188A6
:1000F000BFF36F8F83F31188BFF36F8F042318460C
:1001000002DFEFF31187402383F31288BFF36F8F71
:100110003846BCE703F07F0343F010032B742846F6
:1001200008F026F9CBE700BFF8BA002014BB002086
:10013000F8B50E4B0C4611460D4A98681060DDE983
:100140000667EFF31182402282F31288BFF36F8FAC
:100150009D68284608F01EF9284632463B46FFF7C0
:1001600017FF2046BDE8F840FFF78EBEF8BA002022
:1001700028BB0020F8B50446EFF31187402383F332
:100180001288BFF36F8F037C03F01F02002A0CBF9D
:100190000126002649B235D103F07F03037408F02D
:1001A000E7F8294D037C817363F07F032A460374CB
:1001B00052F81C3F286A934207D1C4E9002004602A
:1001C0002C620DE09842F8D01B68002BF5D093F913
:1001D0000EC08C45F6DD5968C4E900310C605C60E6
:1001E000EC69944200D004B9EC68AB689C4202D040
:1001F000204600F0EDF9AC6187F31188BFF36F8FF3
:100200003046F8BD9B071CD5856808F0B1F88173AE
:100210002B689D4209D16B68C4E900531C606C6077
:10022000EAE76A689A42F6D01B68002BF3D093F98C
:100230000E208A42F5DD5A68C4E9003214605C6021
:10024000DAE78173D8E700BFF8BA0020034648B95F
:10025000EFF3058232B9064A91699268914201D062
:10026000FFF712BE83F31188BFF36F8F704700BF93
:10027000F8BA0020EFF31181402383F31288BFF313
:100280006F8F054B9A68D37B013BD37381F3118841
:10029000BFF36F8F704700BFF8BA002070B5EFF35F
:1002A0001186402383F31288BFF36F8F0F4DAB6825
:1002B000DA7B0132DA732A4652F81C4F944200D09E
:1002C00004B9EC681A7CD20604D1DA897F2A01D9F4
:1002D000A2692AB19C4202D0204600F079F9234657
:1002E000AB613046BDE87040FFF760BEF8BA002051
:1002F000024B03F11C02C3E907227047F8BA002041
:1003000070B5EFF31186402383F31288BFF36F8F2C
:100310001A4CA168206A0B68814214BF1A46002259
:1003200049680B605960A368216A2AB9144AC3E975
:1003300000210B6023620AE092F90E5093F90E003F
:10034000854216DD5168C3E900210B605360E56901
:100350000B4B9D4200D005B9E568A3689D4202D0D1
:10036000284600F035F9A5613046BDE87040FFF73A
:100370008BBD8A42DAD01268D7E700BFF8BA0020F6
:1003800014BB0020F8B550EA010306460C4603D121
:10039000FFF7B6FF0020F8BDEFF31187402383F38A
:1003A0001288BFF36F8F124D124BA8681860FFF7C9
:1003B000C5FDA868104923463246183000F0E2F91E
:1003C000AA68137C43F00403137404463846FFF70D
:1003D0005BFDAB68D3E90A23B3F1004F08BF002AE5
:1003E000D8D108F077F9201A20EAE070D3E700BFEF
:1003F000F8BA002028BB00207D840100014B9868DA
:10040000704700BFF8BA00202DE9F84304468789F9
:10041000EFF31186402383F31288BFF36F8F037CC1
:10042000190705D586F31188BFF36F8FBDE8F883F0
:10043000D90943F0080272D10274A36813B12046AF
:1004400007F09EFF04F1180008F00FF9A56D04F104
:100450005808A84511D04FF0000975B1284607F09B
:100460008FFF05F1180008F000F9C5F8B490284690
:10047000FFF724FDA56DA845EFD1DFF8CC80D8F8B3
:1004800008309C4253D1EFF30589B9F1000918BF38
:100490004FF00109D8F81C50294A954200D00DB9F7
:1004A000D8F80C50AB4202D0284600F091F8204614
:1004B000C8F8185004F00CFE204600F0D9F8B9F145
:1004C000000F02D01F48FFF7CFFCD8F808309C423D
:1004D00030D1EFF305836BBBA289D20711D586F328
:1004E0001188BFF36F8F83F31188BFF36F8F0423DD
:1004F000184602DFEFF31186402383F31288BFF31F
:100500006F8F3046FFF7C0FCFB078FD5002383F3C6
:100510001188BFF36F8F0423184602DF86E703F0CC
:100520007F0343F00803037407F022FF85E74FF0D1
:100530000009AFE786F31188BFF36F8FE4E700BFD0
:1005400014BB0020081A0020F8BA0020D3B5DDE95A
:100550000667089CCDE90067FFF7EAFD1CB1034B75
:100560009B685B69236002B0D0BD00BFF8BA002071
:10057000027C12F01F02034610D10A4988420DD0B6
:100580000949086868B1D9897F2909D893F90E20EB
:10059000064B1B689A42B8BF002070470020704786
:1005A0001046704708180020400500202CBB002092
:1005B000044BC01A044BC0105843044B01221A5478
:1005C000704700BF081B0020ABAAAAAAC8CB002016
:1005D00070B50C4B0C4D1E7CFFF7CAFF182303FBB4
:1005E00006550446284608F040F8084B00229A5564
:1005F0003CB1621E28460649BDE87040D31700F0A2
:10060000C1B870BDF8BA0020081B0020C8CB00207C
:10061000B105010038B5EFF31185402383F312884B
:10062000BFF36F8F0F4B104A9C681068A04206D131
:10063000FFF7CEFF85F31188BFF36F8F38BD002120
:100640001B7C1160094AD35C002BF3D02046FFF7D6
:100650008FFF0028EED0237CDB0601D1FFF7BAFC28
:100660002046E5E7F8BA002028BB0020C8CB0020D0
:10067000EFF31181402383F31288BFF36F8F0A4A8F
:10068000536A834207D19B6F536281F31188BFF392
:100690006F8F70471346002BF7D09A6F8242F9D1C3
:1006A000826F9A67F1E700BFF8BA0020F8B50546F7
:1006B0000E46EFF31187402383F31288BFF36F8F49
:1006C000064B5C6A24B987F31188BFF36F8FF8BDBE
:1006D00020463146A847A46FF4E700BFF8BA0020CF
:1006E000F8B506460F46EFF31183402282F31288D5
:1006F000BFF36F8F0B494C6A154624B983F31188F9
:10070000BFF36F8FF8BD83F31188BFF36F8F394646
:100710002046B047EFF3118385F31288BFF36F8F44
:10072000A46FEAE7F8BA0020024B1868984208BFA5
:100730000020704744050020034B1B680BB9FDF7F0
:100740001BBC0020704700BF30BB002030B570B12B
:100750000B4B5B6898420AD0036843B1D3E904218C
:10076000D0E90445121941EB0501C3E90421D0E9A0
:10077000003213605A600023C0E9003330BD00BF6F
:1007800044050020B3F1FF3F08BFB2F1FF3F2DE960
:10079000F84F0446994615461F467AD08160EFF31C
:1007A0001188402383F31288BFF36F8FB9F1000FD4
:1007B000DFF8E8A020DBFFF7BFFFDAE9002701350B
:1007C00049F100092D1849EBE073C4E90453AD1851
:1007D000064643EB07074FF00109FFF7A5FFDFF8D7
:1007E000C0E0DEF804A00346EBB9C4E900EACAF8A9
:1007F0000040CEF8044028E0DAE900126FF001036F
:100800005B1A4FF0FF3161EB02025B1B62EB0902E6
:10081000012B72F10001BCBF01230022C0E90432A8
:100820004FF00009D9E7D3E9041CD4E904208A4237
:1008300070EB0C0B24DA891A5A686CEB0000C3E9E0
:100840000410C4E9003214605C60FFF76DFF84425D
:100850000ED1114B1B685BB9B9F1000F02D1FFF744
:100860006BFF0646304607F0E9FE0021FDF756FB18
:1008700088F31188BFF36F8F28463946BDE8F88F9B
:10088000521A60EB0C005345C4E90420ADD01B683C
:10089000AAE700252F46EFE730BB0020201B0020F1
:1008A000440500202DE9F047284F294E38600246C4
:1008B000FFF73AFF0D464FF000084FF00009D6E968
:1008C00000134FEAE27E50B1D0E9044CA2427EEB25
:1008D0000C0A1ADAA41A6CEB0E0CC0E9044C52187C
:1008E0004FF0000443EB0E032046C6E900233C60B2
:1008F00007F0A4FE2146FDF711FB85F31188BFF335
:100900006F8FBDE8F047FFF785BE611843EBE473D6
:10091000C0E90489C6E90013FFF718FF01224FF070
:100920000043C0E9042385F31188BFF36F8F836808
:100930009847EFF31185402383F31288BFF36F8F3D
:100940003A68121B3A60FFF7EFFEB8E730BB0020B1
:10095000201B002010B5EFF31184402383F312888D
:10096000BFF36F8FFFF7E8FE054A0346D2E90001A7
:10097000181841EBE37184F31188BFF36F8F10BD3A
:10098000201B0020F8B50446EFF31187402383F3C2
:100990001288BFF36F8FD0E90423B3F1004F08BF73
:1009A000012A04D087F31188BFF36F8FF8BDD0E917
:1009B0000A566A1C46F10003022A73F1000334D37D
:1009C000013D46F1FF36002EBCBF00252E4607F044
:1009D00085FE013041F10001401946EB010101287B
:1009E00071F1000148DB07F079FE013041F10001AF
:1009F0006FF00203401946EB010183426FF00043A0
:100A00008B413EDB07F06AFE013041F100016FF0DF
:100A10000102401946EB0103121A4FF0FF3161EB5E
:100A200003031A492046FFF7ADFE236B013323630E
:100A3000236A63B187F31188BFF36F8F204698470D
:100A4000EFF31187402383F31288BFF36F8F54F8BD
:100A5000185FA542A6D0002DA4D0284607F0E9FCD7
:100A60000023C5F8B43087F31188BFF36F8F284691
:100A7000BDE8F84007F0B4BC6FF001024FF0FF335F
:100A8000CFE700224FF00043CBE700BF850901000C
:100A90002DE9F04105461C4690461F46EFF31186AE
:100AA000402383F31288BFF36F8FB4F1FF3F08BF79
:100AB000B2F1FF3F05D186F31188BFF36F8FBDE818
:100AC000F081002C09DB012A74F10003BCBF012274
:100AD000002412F1FF3844F1FF37284607F0C5FD26
:100AE000DDE90623C5E90A2300232B6342463B4682
:100AF00028460249FFF746FEDDE700BF85090100F1
:100B000070B50546EFF31184402686F31288BFF3D3
:100B10006F8F07F0AAFD20B184F31188BFF36F8FA8
:100B200070BD6B6A63B184F31188BFF36F8F6B6A1A
:100B300028469847EFF3118486F31288BFF36F8F2E
:100B400005F1180007F0AAFC0028E5D007F048FCE2
:100B500021460248BDE8704007F0B6BCC9CB002072
:100B600073B50446EFF31186402383F31288BFF375
:100B70006F8F8368594003EA02050A40534000938F
:100B800000226B460849019207F024FDDDE900329E
:100B900023EA020304F10C00A360314607F094FC41
:100BA000284602B070BD00BF0B8801002DE9F0415E
:100BB00005460E46174607F0BFFB30B9074B9B684A
:100BC000D3F8A84014B9BDE8F081054C3B46324645
:100BD00029462046BDE8F04107F045BEF8BA00209E
:100BE0006C070020014BC0F8A83070476C0700204C
:100BF0000146024A0020FFF7D9BF00BF0B2E0100BB
:100C000007B5074B0093074907484FF0FF334FF4F0
:100C10000062FEF725FF002003B05DF804FB00BF73
:100C2000DCA50100800F0120281B002010B50A4C14
:100C300023681BB101232360002010BD00F0EAF8F7
:100C40000028F7D00138062803D8044B53F82000B9
:100C500010BD034810BD00BF34BB0020E8A5010053
:100C6000FE8FFFFFBFF34F8F0549064BCA6802F4A2
:100C7000E0621343CB60BFF34F8F00BFFDE700BFBF
:100C800000ED00E00400FA0510B40A4B0A490B4CD1
:100C90004FF0FE32C3F800244968C3F80424C3F8B7
:100CA0000824C3F80C240023C4F800355DF8044B75
:100CB000084700BF00B002504C05002000A00250C1
:100CC000D0E90012014BC3E9001270474C05002027
:100CD00010B5044650B1636813F0685F05D0064A4A
:100CE000934202D000232360626010BD034B04488E
:100CF0005B689847EFE700BF2C5F5CA94C050020BC
:100D000004A60100C8B143680D4A934213D013F002
:100D1000685F0ED0012350E8002F194640E8001C00
:100D20009CF0000FF7D1012AF5D0BFF35F8F0020B0
:100D3000704704487047044870476FF4E0407047BC
:100D40002C5F5CA9E98FFFFFEA8FFFFF80B143684A
:100D5000094A93420AD013F0685F05D0BFF35F8F52
:100D600000230360184670470448704704487047E2
:100D70006FF4E040704700BF2C5F5CA9E98FFFFF74
:100D8000EA8FFFFF10B5044620B1044B63600022D8
:100D9000226010BD0248FFF777FFF6E73A00003AFD
:100DA0002CA6010070B5D0E90023154C6360D0E992
:100DB0000230C4E902302260124B0D681D604D689C
:100DC0005D6011488D689D60CD680969DD601961BD
:100DD000436813F0685F04D00C490023C0E9003178
:100DE00090470B48436813F0685F07D007492368B2
:100DF0000022C0E90021BDE87040184770BD00BF67
:100E00006805002054050020880500202C5F5CA99F
:100E10008005002008B500F013F830B900F014F890
:100E200028B9064AC2F80C0A08BD032008BD00F024
:100E300009F800F043F8042008BD00BF00B00250DC
:100E4000002070470020704710B5154800F05EF88C
:100E500000B110BD134800F059F80028F9D1124C28
:100E6000204600F053F80028F3D1104B10481C60C6
:100E700000F04CF80028ECD10E4800F047F80028AC
:100E8000E7D10D4800F042F801460028E1D100F01A
:100E900039F8044608B900F04DF8204610BD00BFEF
:100EA000C8050020C4050020C0050020B8050020AA
:100EB000BC050020B4050020B005002008B50B4893
:100EC00000F02EF80A4800F02BF80A4800F028F845
:100ED000094800F025F8094800F022F8084800F019
:100EE0001FF8BDE8084000F00FB800BFC80500209B
:100EF000C4050020C0050020BC050020B40500206A
:100F0000B005002000207047704700BF08B5034BB4
:100F100002681B6810689847002008BD680500201B
:100F200008B5034B02685B6810689847002008BD4D
:100F30006805002070B5094C094D2069AB689847D9
:100F400018B1084B08485B689847084AEB68206965
:100F500000211160BDE87040184700BF5405002013
:100F6000680500204C05002050A6010050BB002061
:100F7000F8B5504A0D460023D0E90001F0F77CFA9D
:100F8000002AAEBF4C4B4D4B02F5A8320446B8BF09
:100F900002F5C072E41841F100064FF46161B2FB42
:100FA000F1F301FB13223C21E01CAB60B2FBF1F337
:100FB00001FB13226B602A6046F100010722002327
:100FC000F0F75AFA002A55DA0732AA613C483D4A3E
:100FD00020184FF0000366F10001F0F74DFA394B8D
:100FE00003FB104448F6AC61B4FBF1F1214440F23C
:100FF000B457B4FBF7F3C91A334BB4FBF3F3C91A74
:1010000048F69463B1FBF3F3234440F26D16B1FB51
:10101000F6F2B1FBF7F15B1A06FB1233992103EBF1
:10102000830402345E1CB4FBF1F7794302314FF0C4
:10103000050CB1FBFCF1761A40F2F9518C428CBFE1
:101040006FF0090102214FF4C874394404FB0020F9
:10105000012998BF0130B3F5997F13D3A3F5997394
:10106000EB61A0F26C700023C5E90410EE602B6206
:101070002846F8BD002EAA61A8DB124A00232046AC
:101080003146AAE7970710D14FF0640C92FBFCF7AA
:101090000CFB17275FB992FBF4F704FB1722B2FA97
:1010A00082F252093B331344DAE70022FAE70122C5
:1010B000F8E700BF805101006CFA0A006BFA0A00E1
:1010C00050C5FDFFB13A0200B03A02000CB430B591
:1010D0008BB004460D462022002102A807F00AFC2E
:1010E00002238DF80A30002D0C4B0393069412DB7B
:1010F00001D06B1E1C440FAA0E99079402A80192FE
:1011000000F092FB15B1069B00221A700BB0BDE8EF
:10111000304002B070470024EDE700BFA58E01000B
:101120002DE9F0472DED028B80460F46002318F87D
:1011300003C0BCF1200F03F1010200F06F81ACF19C
:101140000901042940F26A81BCF12B0F144630D00A
:10115000BCF12D0F32D000254CF02003692B2FD08D
:101160006E2B5BD000214FF00A098E460B460E46CF
:1011700015F4006067D04CF02002A2F1610ABAF1C8
:10118000050F60D8573AD2B24A4561D34CF0200CD3
:10119000BCF1780F05F0800240F09580002A4ED017
:1011A000002E40F0928045F4006080B24FF01009AC
:1011B00078E0002518F802C09C1CCDE74025F9E72F
:1011C000974B9FED988A13F8011B51B118F8042032
:1011D00042F020028A4204F1010023D0924A934255
:1011E0002DD1B0EE480A07F0CDFD50B118F804300B
:1011F000282B06D1013418F80430292B04F10104FE
:1012000012D16B0601D5B1EE488A0FB144443C605F
:10121000B0EE480ABDEC028BBDE8F087834B9FED32
:10122000848AD0E70446CEE723F02002413A192A07
:10123000E1D9A3F13002092ADDD95F2BDBD09FED84
:101240007D8A0024E1E7ACF13002D2B24A4530D2C7
:1012500045F0800015F4807C80B21CD1B9F10A0FF2
:1012600014BF4FF0070A4FF0080AD64507DCAD055A
:101270001DD406FB0926AEB10EF1010E12E045F4B5
:10128000C070B9F10A0F80B205D1042A03D9052A2A
:1012900008BF62460223002A18BF43F001038505F8
:1012A00000D4013118F804C00546013460E7013963
:1012B000DFE7FE2A7FF46AAFAA053FF567AF45F482
:1012C000007080B2EEE7002AB9D0002866D089000D
:1012D0007022624519D118F804202B2A04F101006C
:1012E00004D02D2A5CD145F48065ADB218F800C059
:1012F000A01C14466246A2F1300CBCF1090F52D971
:1013000001340CBF00F1FF34841E013C002E00F0BC
:1013100082802A0567D51931B6F1007F5AD3B6F11C
:10132000806F5AD211F17E0F57DB46EA030202F0BA
:101330000303032B03D002F00603062B05D104326E
:10134000B2F1806F24BF520801317F2960DCB2F115
:10135000007F4FEA920326BF7F3123F40003002170
:1013600043EAC15308EE103AB0EE480A01F082FA9F
:101370000138022804D8F8F767FC2F4B22221A50B4
:10138000B0EE480A01F076FA013802283FF639AF8C
:10139000F8F75AFC284B22221A5032E7652298E7C8
:1013A0004FF0FF34A7E700244FF00A09DF2CDCBF21
:1013B000303A09FB042418F80020A2F1300CBCF1EB
:1013C000090F00F10100F1D96A0548BF64422144C8
:1013D00004469AE7760001399EE706F0010242EAE8
:1013E000560601319BE78E441EF12D0F0DDBBEF139
:1013F000270F0DDC06F001001843013006EB9000CA
:1014000007F00FFBB0EE408ABAE79FED0A8AB7E714
:101410009FED048AB4E79FED078AF2E6134686E65D
:10142000DAD701000000807FDDD70100D7D70100A7
:101430000000C07F000000000C000000242A2DE9FD
:10144000F041054601D8012A0AD1F8F7FDFB344BDB
:1014500016221A5001B10D600020BDE8F08130461F
:10146000064616F8014B202CF9D0A4F10907042FE9
:101470002346F4D92B2C32D02D2C33D14FF0010C34
:101480003378861C302B34D1307840F02000782817
:101490002BD132F0100028D1737835461022023655
:1014A0000CF10047013F0020B7FBF2FE02FB1E7863
:1014B000392B82BF03F1FF3343F02003263B303B3F
:1014C0009A421DD9704502D817D1984515D24CF0D3
:1014D000020C3446354614F8013B2646E8E74FF047
:1014E000000CCDE74FF0000CCCE7002A08BF082223
:1014F000D6E7002A08BF0A22D2E700FB0230E8E75D
:1015000001B10D601CF0010F18BF40421CF0020F2A
:10151000A3D0F8F799FB024B22221A5038469CE7D9
:101520000C000000242AF0B5044601D8012A40D15D
:10153000F8F78AFB2D4B16221A5001B10C600020DF
:10154000F0BD2F463D4615F8010B2028F9D0A0F13B
:101550000906042E0346F4D92B282CD02D282CD193
:1015600001262B78BD1C302B2DD1287840F020008F
:10157000782824D132F0100021D16B782C4610222B
:1015800002350020392B82BF03F1FF3343F02003E3
:10159000263B303B9A421AD9A0FB02040CB9C01872
:1015A00001D346F002062F462C4617F8013B3D4674
:1015B000E8E70746C6E70026D3E70026D3E7002A78
:1015C00008BF0822DDE7002A08BF0A22D9E701B1D7
:1015D0000C60F20748BF4042B307B1D5F8F734FBBF
:1015E000024B22221A504FF0FF30A9E70C000000F6
:1015F000242AF0B507460D4601D8012A0AD1F8F78A
:1016000023FB404B16221A5005B12F6000200146E3
:10161000F0BD3046064616F8011B2029F9D0A1F18D
:101620000904042C0B46F4D92B293DD02D293ED199
:101630004FF0010C3378861C302B3FD1317841F0CC
:101640002001782936D132F0100133D17378374632
:101650001022023600200146392B82BF03F1FF33EE
:1016600043F02003263BA3F13004A24236D94FF0C9
:10167000000E39BBA0FB027338461946BEF1000FBD
:101680000AD13F1953F1000328BF4FF0010E38462D
:101690001946BEF1000F01D04CF0020C344637461B
:1016A00014F8013B2646D7E74FF0000CC2E74FF095
:1016B000000CC1E7002A08BF0822CBE7002A08BFB8
:1016C0000A22C7E7A2FB0131A0FB02701B1841F1FF
:1016D00000010029D0D04FF0010ECDE705B12F60F9
:1016E0001CF0010F02D0404261EB41011CF0020FDF
:1016F0008ED0F8F7A9FA034B22221A504FF0FF3090
:1017000085E700BF0C0000002DE9F0410126B24240
:1017100001DCBDE8F08107463B461F4613F8014B4C
:10172000002CF6D0252CF8D11D78252D07F10207C5
:10173000F2D00023DFF8EC809C461C461F2C27D8F3
:10174000A5F1200EBEF1100F06D828FA0EFE1EF0ED
:10175000010F53D12E2D3CD02E2D27D8242D33D040
:101760002A2D36D0BCF1000FD3D0B445D4D145F0EA
:101770002007A7F1650CBCF1020F0B6801D9612F9E
:1017800042D1073323F0070308330B600136BEE76D
:101790007F2CDFD96C2D23D01DD8682D27D06A2D42
:1017A00001D04C2DDED144F4207408E0A5F1300EB8
:1017B000BEF1090FEED80A2404FB03E3202417F836
:1017C000015B002DBAD1CDE7BCF1000F18D0B342B8
:1017D00018D00023F3E7742DF1D07A2DEFD0C1E7B4
:1017E000250648BF44F4007444F08004E7E7E505AB
:1017F00048BF44F4007444F48074E0E70024DEE75A
:101800009C46E6E76325B2E7692D02D007D8632D31
:1018100003D0250601D5A405B3D40433B5E7732D51
:10182000F6E700BF892801002DE9F04F8378D0F852
:10183000049093B09C07CDE90812804615D50B9211
:101840000B460025187890B1252814D00133069353
:101850004146C847002805F1010580F2FC8398F84D
:10186000023043F0040388F802304FF0FF35284679
:1018700013B0BDE8F08F93F801A09A1CBAF1250FC0
:101880000692E5D04FF0000B5E465F465C461F2C8B
:1018900023D8AAF12003102B22D8DFE803F015216A
:1018A000211B2121210B2121211321182121090094
:1018B00044F00104069B13F801AB0693BAF1000F44
:1018C000E5D11BE044F0020444F00404F2E744F0E4
:1018D0000804EFE744F01004ECE77F2C00F2F880F6
:1018E000BAF12E0F00F0D58000F2AE80BAF1240FCD
:1018F00000F0D580BAF12A0F00F0B680BBF1000FDE
:1019000006D0099B08980B935A460BA9FFF7FCFEDB
:10191000002E4AF02003B8BF24F040040493A3F142
:101920006503BCBFA4B20026022B04D94AF02003F1
:10193000612B40F090826FEA0A0A0AF020030793B5
:101940000B9B073323F0070303F108020B92049A61
:10195000612AD3E900AB04F0400340F0E680002B9D
:1019600008BF4FF0FF36079B0093504633460CAA42
:10197000594607F011FA0130C3B2B3420393A8BF2E
:1019800003F1FF364FF0010C7023CDE9043CDDF884
:1019900030A044F4C0540AF10903122B0DD90AF106
:1019A0006303C62B40F2F4800AF2E73340F2CE72B2
:1019B00093428CBF0423032305939DF83430D8074A
:1019C00000F1E880A20700F1E880C4F3800B4FEA41
:1019D0004B1B5FFA8BFB13F00C0F00F0EA80BBF19E
:1019E000000F0CBF03230423BB420EDA2007A7EB32
:1019F00003070BD42F4441462020C847002805F197
:101A00000105FFF62CAFBD42F5D10027BBF1000F59
:101A100007D041465846C847002805F10105FFF6A2
:101A20001EAF9DF83430AF4C13F0080FAE4B08BF1B
:101A30001C462646324616F8010B002840F0B080BE
:101A40002C1B02EB040B7DE1AAF13003092B3FD8DC
:101A500014F0400F4FF00A0212BF02FB063602FBE1
:101A6000073744F0200425E7BBF1000F7FF422AFD5
:101A70000B9A600652F8043B0B9201D51E4619E7FB
:101A8000002BA7BF44F020041F465F4244F0280407
:101A900010E763063FF5EBAE44F040040AE7BBF104
:101AA000000F3DD014F0400A099B08980B930CBF1F
:101AB0003A4632460BA9FFF727FE0B9B53F8042B3F
:101AC0000B93BAF1000F01D01646F3E61746F1E684
:101AD000BAF16C0F16D00CD8BAF1680F19D0BAF160
:101AE0006A0F03D0BAF14C0F7FF408AF44F42074AE
:101AF000E0E6BAF1740F3FF4DDAEBAF17A0F3FF4CD
:101B0000D9AEFBE6200648BF44F4007444F08004DC
:101B1000D0E6E30548BF44F4007444F48074C9E699
:101B20005E463446BB463746C4E6002B049B08BFDE
:101B30000626652B0ED1721CD2B244F48054134693
:101B4000112A4FF065014FF0000228BF112394467F
:101B5000049107E0049B662B12D144F40054B44670
:101B600001221123CDE9002C50460CAA594600F061
:101B70001DFBC3B203930223DDF830A005930AE7EF
:101B800016F0FF02DBD16523049394460123E9E7B5
:101B9000022311E74FF02D0B1DE74FF02B0B1AE737
:101BA000079BC01A4146C0B2C8470028BFF642AFE3
:101BB00055E614F4405F40F09980039B4833002EB3
:101BC0006B4408BF0126133B039A1AB113F8012D89
:101BD000302A79D014F0100F039B18BF33461AF146
:101BE000040F76DBB24574DA534544F4005440F3F5
:101BF00080800AF101069E1B2AEAEA730133BBF1D9
:101C0000000F00D00133002E75D0721C13449F4288
:101C1000CCBFFF1A002714F0090F03D12F44BD4297
:101C20006DD10027BBF1000F07D041465846C84789
:101C3000002805F10105FFF612AE230511D5414636
:101C40003020C8470028FFF60AAE079BC3F1780092
:101C5000414600F0F800C847002805F10205FFF6EC
:101C6000FEAD200704D4AB467D195D454FD100275A
:101C7000A1046AD52AEAEA73AAEB030A7642039A18
:101C8000524584BF0CAA524403F1FF338CBF5079F4
:101C900030209E4205F1010B41DC41460493C847C8
:101CA0000028049B0AF1010AFFF6D9AD5A1C09D19C
:101CB00041462E200493C8470028FFF6D0AD049B70
:101CC00005F1020B5D46DAE7039A013AD2B20392BC
:101CD0007AE75E1E14F4006F059A14BF05230323F0
:101CE00013448CE7F7D6010043B70100A10483D465
:101CF000F0E7002680E7E20648BF013387E7414668
:101D00002020C847002805F1010588DAA7E54146EB
:101D10003020C84700280BF1010BA6DA9FE54146A9
:101D20000393C8470028FFF69AADE6060AD5039B41
:101D3000013307D105F1020B41462E20C847002888
:101D4000FFF68DAD5D465F4418E29DF835004146D3
:101D5000C8470028FFF683AD002E61DD41462E20E6
:101D6000C8470028FFF67BAD01240CAB039AA242C2
:101D7000CABFE218302050794146C8470028A34620
:101D8000FFF66DAD0134A6420CABEFDAAC1C5C443F
:101D9000049B079A981A4146C0B2C8470028FFF62C
:101DA0005EADBAF1000FB4BF2D202B204146B8BF65
:101DB000CAF1000AC8470028FFF651AD059B042B65
:101DC0003AD14FF47A76BAFBF6F505F13000414688
:101DD000C0B2C847002804F10304FFF640AD06FB7B
:101DE00015AA6426BAFBF6F505F130004146C0B2EB
:101DF000C847002804F10104FFF631AD06FB15AA1F
:101E00000A26BAFBF6F505F130004146C0B2C847D4
:101E1000002804F10104FFF622AD06FB15AA13E029
:101E2000E40601D46C1CB3E741462E20C8470028C5
:101E300005F10204ACDA12E5059B032B04F1020460
:101E4000CFD0059B012BDBD10AF1300004F1010B4F
:101E50004146C0B272E7AAF16303122B00F2E5809B
:101E6000DFE813F013005400E300E300E300E300B5
:101E70005400E300E300E300E300E300FC00DD00C6
:101E8000E300E3002900E300AB000B9B1A1D1B6875
:101E90000B928DF8303001260DF1300A20072CD539
:101EA0000AEB060B54465C4529D1A5EB0A0A04EB64
:101EB0000A0BBF1B46E70B9B1A1D0B92D3F800A021
:101EC000A94BBAF1000F08BF9A4614F0400F14BF97
:101ED00031464FF0FF31504606F05AFD0646DDE729
:101EE00041462020C8470028FFF6B9AC013CA64275
:101EF000F6D32F443D1B2746D2E73C46F7E714F8BC
:101F0000010B4146C8470028CDDAA8E421060B9B07
:101F100032D5A2052BD5073323F00703D3E90001FF
:101F200003F108020B9224F0100B00291FFA8BFB1F
:101F300032DA404261EB41014BF4806B0CAC0A2376
:101F4000224606F047FD1BF0400FA0EB040200F014
:101F50009C802BF0010396429BB240F39F80BAF124
:101F6000000F40F09D802BF011039BB21FE01A1D63
:101F700018680B92C117D6E71A1DE00519680B9275
:101F800001D40846F6E7A2054BBF48B208B241F3B8
:101F9000C01141F3C031C6E750EA0103CED1630658
:101FA000CCD5002ECAD124F01104A3B23246344657
:101FB00040F206410B426FD126E024F01004A4B297
:101FC0000A2314F0800C0B9A4CD014F400711DBF3E
:101FD000073222F0070202F10801101D19BF0B9110
:101FE000D2E900010B90106850EA010247D124F0B9
:101FF000160B62061FFA8BFB45D5002E43D124F049
:102000001704A3B23246344619075FD4D90704D562
:10201000A74272DD3C1BA6183C46A34650E044F0A4
:10202000100410234FF0780ACBE74AF02003782BF6
:1020300004D1CAF1780343F01003C2E741462520DA
:10204000C8470028FFF60BAC41465046C847002859
:10205000FFF605AC0235069BFFF7F4BB08234FF0F3
:10206000000AAEE7111D0B9114F480711068BBD00B
:1020700014F400711ABFC0B2614680B2B4E724F014
:1020800006041FFA84FB0CAC5AE714465B46D906DB
:102090008ED5BAF1000F05D10134B5E71446F6E745
:1020A0003446F4E70234AFE741462020CDE903325D
:1020B000C8470028FFF6D3ABDDE903320BF1010B73
:1020C0005F45F1DC2C1B04EB0B055C46D90616D5ED
:1020D000414630200392C8470028FFF6C0AB039A60
:1020E000BAF1000F32D0023541465046C8470028A9
:1020F000039AFFF6B4AB2E441DE016468DE740F27E
:1021000006410B42F7D013F0020F14BF2B20202002
:1021100013F4806F039205F10105414618BF2D208D
:10212000E4E7414630200392C8470028039A05F1AE
:102130000105FFF694AB731B9A42F2DB16460DF1D4
:10214000300A2EB902EB050B3F1BFBE50135D2E748
:10215000013E41461AF806000392C8470028039A38
:10216000EFDAFFF77CBB00BFFBD601004146202021
:10217000C847002805F10105FFF671AB7B1B002B5A
:10218000F4DC68E71FB502AB0093074A4FF0CC338D
:1021900006F0C2FDDDE90201C00840EA4170C9084D
:1021A00005B05DF804FB00BFCDCCCCCC2DE9F04FE1
:1021B0009BB00F0D0A939DF8903005920C93C1F3DC
:1021C0000A52C1F31303C90F044607917AB950EAC2
:1021D00003017CD1059930234B71079B0A6043F0C2
:1021E00002030B71012630461BB0BDE8F08F40F2B0
:1021F000FF718A420AD10343079B059A14BF43F03B
:10220000080343F0040313710026ECE7A2F2354AF9
:1022100043F48015234301BF27F001077F057F0D9D
:10222000B7FA87F704F001024FEA85080CBF7F096F
:102230000127BAF1000F089248EA94784FEA840621
:10224000C0F2B680504600F0EBF9BAF1030FC8BFF8
:102250000138049000F0FEF9049B7C30A3EB0A0ADD
:10226000824416A9184600F089FA12AB019310AB0C
:102270000093204653462946029716AA06F05AFCB8
:10228000049B152B04460D4600F28E8014ABA94A20
:10229000009330464FF0CC334146DDE9109A06F00A
:1022A0003BFD149B159A9B0843EA827303EB83035F
:1022B000B34210D14146304600F0D4F9049B83422A
:1022C0008CBF4FF000084FF00108002715E0DFF841
:1022D00068A21D469EE7089B002B55D1013E48F1A0
:1022E000FF31F01B61F1000100F0BCF9049BDDF847
:1022F000208083428CBF002701270C9B002B40F0DD
:10230000C880DDF828900026069609964FF00A0B43
:10231000DDE91001FFF736FFDDE912A3CDE90D017C
:10232000194650460F93FFF72DFF0A460D990B9063
:1023300003468B420E9B72EB03010F9B80F0C4801F
:10234000204629460F92FFF71DFF0B9B0F9A139211
:102350000BFB03F50D9B10930E9B11930B9B12939C
:10236000069B002E14BF4FF0000808F0010801334F
:102370000BFB1046554514BF002707F00107F6B2C6
:10238000069304460D46C3E7B01C48F1000100F077
:1023900069F9049B83428CBF00200120B9EB000047
:1023A0006AF10002CDE910024FF000084746A4E7A9
:1023B000CAF1000B584600F039F9BAF1FF3F0CBFE3
:1023C0008146A0F10109ABEB090B0AEB0903584662
:1023D000049300F03FF916A9A0F17D0A584600F0D9
:1023E00059F912AB0193A9EB0A0A10AB00932046EE
:1023F00029460297534616AA06F09CFBB9F1010F35
:1024000004460D460ED8089B13B94FF0010874E737
:10241000109B119A013B42F1FF32CDE910324FF08F
:10242000010852E7B9F13E0FBED84FF0FF33A9F1D2
:10243000200003FA09F203FA00F0C9F1200123FA9F
:1024400001F102430A4303FA09F328EA020826EAE3
:10245000030656EA08060CBF4FF001084FF00008CB
:1024600033E700FB02F6A1FB0012013332448C4239
:1024700075EB0206F5D2049A1344259A1344D20F41
:102480009342B8BF13460A9A9A42A8BF1A46914689
:1024900039E70A21002201230846E8E70BFB01FE89
:1024A000A0FB0B010CF1010C7144844275EB010E91
:1024B000F4D2CC450DDDB9F1000F02D154EA05018B
:1024C00007D0012309933BE70A2000214FF0010CBC
:1024D000EBE7002F32D04FF00A0B50461946FFF7BA
:1024E00051FE0BFB00F252450B910E9026D1DDE917
:1024F0001001FFF747FE8A460D9029462046FFF758
:1025000041FE0D9A0E9B1293CDE9102A0B9A13925D
:10251000069A002E14BF4FF0000808F0010801329F
:102520000BFB10469A46F6B20B9B069204460D46EC
:10253000D3E700BFCDCCCCCCCCFBFFFFB8F1000F74
:1025400005D0052E03D104F001060436F6B2049B33
:10255000069A13449846099B53B9DDE912239D421C
:1025600008BF944204D1089B002B46D1002F44D0D1
:10257000042E94BF0026012630194FF00A0245F1BF
:102580000001002301271446904271EB030536D267
:10259000EEB1B9451BDA0C9B6BB1259A08EB07032A
:1025A0001344012B0A9AB8BF01239A42A8BF1A46C6
:1025B000974291460BDD05304FF00A024FF00003C1
:1025C00041F10001EEF7A8FF08F10108013F4F4576
:1025D000A8BF4F463EB20FFA88F8059B08FA87F766
:1025E00006F10508013F98444FF00009B1450DDBA5
:1025F000059B079A1F601A71F5E50126BCE704FBED
:1026000003F5A2FB042301372B44BDE70A22002374
:10261000EEF782FF303208F8012D09F10109E5E7F4
:10262000014B5843800C704741340100014B584323
:10263000000D7047FB2E0B00014B5843C00C704738
:102640004F931200024B5843C00C0130704700BF3B
:102650004F931200024B5843C00C0130704700BF2B
:102660004F9312000A4A70B503464FF0CC36002053
:102670004FF0333506FB03F402FB0144A3FB0231A8
:1026800021449D4275EB010401D30130F2E770BD96
:10269000CDCCCCCC2DE9F04F1A23354EB0FBF3FA5C
:1026A00003FB1A0389B004460D4606EB0A1653B91C
:1026B000D6E90023C1E90023D6E90201C5E90201F8
:1026C00009B0BDE8F08F2B4A02EBC303D3E90089C0
:1026D00004AB0093D6E902234046494606F01CFBB2
:1026E00006AB0093D6E9002383460F464046494691
:1026F00006F012FBDDE9066216EB0B0652EB07084B
:102700004FF0000328BF0123814633B1049B059A93
:10271000013342F10002CDE9043220460391FFF774
:1027200099FF07461A2000FB0AF0FFF793FF3F1AB4
:102730003246434603990097484606F004FB4FEAA9
:10274000141C0D4A640004F01E0352F82C40DC40B7
:1027500004F00304241841F10001C5E90041DDE95A
:10276000042300973046414606F0EDFAA6E700BF85
:10277000489701007896010070A601002DE9F04FFE
:102780001A27DFF8ECA000F11905B5FBF7F56F4348
:102790003A1A4FEA051B89B004460E460AEB0515A6
:1027A0000AD1D5E90023C1E90023D5E90201C6E930
:1027B000020109B0BDE8F08F2B4B03EBC203D3E954
:1027C000008904AB0093D5E902234046494606F050
:1027D000A3FA5AF80B206B68013ACDE9020106A969
:1027E00063F1000300914046494606F095FADDE9A1
:1027F00006528A4602996D18039952EB01084FF070
:10280000000328BF0123814633B1049B059A01339D
:1028100042F10002CDE904323846FFF71BFF0746BC
:102820002046FFF717FF3F1A2A46434600974846BF
:10283000514606F088FA4FEA141C0C4A640004F072
:102840001E0352F82C40DC4004F003040134241829
:1028500041F10001C6E90041DDE904230097284663
:10286000414606F070FAA2E778960100C4A601007E
:102870001898010010EE103A33F000400DD0A0F58A
:102880000003B3F1FE4F0AD3074B421E9A4208D908
:10289000A0F1FF435842584170470220704704207E
:1028A00070470320704700BFFEFF7F0010EE101A34
:1028B000C1F3C7530029A3F17F0210B5ACBF0124B7
:1028C0004FF0FF341E2A1BDC002A04DA013218BF45
:1028D0000024204610BD162AD8BF4FF48003C1F350
:1028E0001601D8BF134141F40001CDBF963B5B18E0
:1028F000C2F1170201FA03F3D8BFD3405C43E8E703
:10290000DFED087AB4EE670AF1EE10FA01D000F0BC
:102910000BF8012C4FF0FF3418BF002404F10044E1
:10292000D7E700BF000000CFDFED047A87EEA77A7B
:1029300082B08DED017A019B02B07047000000006B
:102940007047F0B41346DA028768066907D513F4B6
:10295000402F1EBF43F3000202F44022534034686C
:1029600001258D4023F48012DB074CBF2C43AC4380
:1029700034603B68F0BC184737B5034600681C79E3
:102980000569836801A95B68984740B92B6801987D
:1029900058400123A3401840003818BF012003B05D
:1029A00030BD03460A4600681979012303FA01F194
:1029B00003691B68194218BF82F0010212B18368D3
:1029C000DB68184783681B69FBE770B51646044649
:1029D00000EBC105206805F062FA60B1E28820686A
:1029E00021793243FFF7ADFF002803DB0834AC4206
:1029F000F0D1002070BD6FF01200FBE72DE9F0412F
:102A00000C46154607461A46294620461E4605F03E
:102A10007DFF38B133462A4621463846BDE8F041AD
:102A2000EFF71ABABDE8F081EFF780BC00B5A9B0A6
:102A300001A8EFF7EBF929B05DF804FB38B500F118
:102A400080440D4604F5E04423681BB1002020605B
:102A5000236838BD25B1012005F0FCF9013DF3E7FD
:102A60006FF07300F5E738B5044600780D46EFF7D0
:102A700029F900B9658038BD10B52DED028B037BB7
:102A80000446B0EE408AF3B1D0ED017A70EE677A79
:102A900090ED020A87EE800AFFF708FF6188014483
:102AA00000290BDDFF290BDC89B22046FFF7DBFF95
:102AB00008B984ED018ABDEC028B10BD0021F4E75A
:102AC0004FF48071F1E76FF03C00F4E710B54FF47C
:102AD000004C20EAE074002140F2E7304FF47A72B3
:102AE0000023E4FB0C01EEF717FDBDE8104005F0F4
:102AF00015BD08B500210120EEF7F8FF00210320E5
:102B0000EEF7F4FF0520FFF7E1FFBDE808400121E3
:102B10000220EEF7EBBF70470369586870470369FE
:102B20001B689A7A9A7083F8222093F82D2083F8F4
:102B300023209A7600207047036918687047704711
:102B40000020704708B50846F7F77EFD002008BD55
:102B5000704701238B40DB43BFF35B8F50E8002FAE
:102B60001A4040E800210029F8D1BFF35B8F70477D
:102B7000704770B50369064603F11404BFF35B8F19
:102B80005A69BFF35B8FD10724D5BFF35B8F54E83D
:102B9000002F42F0020144E80015002DF7D1BFF3E9
:102BA0005B8F920716D41B68402293F83D1003F008
:102BB000B1F9054628B920460121BDE87040FFF76C
:102BC000C8BF0146304603F0A9F918B12846F7F707
:102BD0003BFDF0E770BD10B50469002104F114005D
:102BE000FFF7B7FF00232382BDE81040F1F7A6B836
:102BF00008B54FF08043B122C3F81C250120F2F73D
:102C0000B5FD38B50D46014600201446F1F708FC25
:102C100029460120F1F704FC21460220BDE8384096
:102C2000F1F7FEBB08B5F0F717FB002008BD00EB7D
:102C3000C100408840087047F8B50346FFF7F7FF2A
:102C4000B0FA80F0C0F11F0003EB800CCA00DCF882
:102C50001060171D0C4606328DB256B9012101FADB
:102C600000F0D9680143D960CCF81040DD539D5283
:102C7000F8BDF1000431585AD85303EBC0009E52FE
:102C8000C5805D52F4E710B500EBC104E3888B42C8
:102C900002F104010AD1012303FA02F2C36823EA14
:102CA0000203C360002340F8213010BDA28840F821
:102CB000213000EBC20100EBC300CB808280F4E73F
:102CC00008B50346FFF7B3FFB0FA80F2C2F11F0266
:102CD0001846BDE80840FFF7D6BF2DE9F843B1FA22
:102CE00081F3C3F11F0200EB82090646D9F8107088
:102CF0000D4687B9C3F120034FF0FF349C40F368C1
:102D00001C4014D094FAA4F2B2FA82F2131D56F8C1
:102D10002340214608E03C464FF003082146304658
:102D2000FFF785FF854205D83046FFF7ACFF204608
:102D3000BDE8F88306EBC404B8F10108E488C9F8DB
:102D40001040D7D0BC42E9D1D4E738B50446FFF7EC
:102D50006EFF0D46034611462046FFF768FF034409
:102D60009BB204EBC5055A006A802046FFF75FFF5F
:102D7000014424F8313038BD70B50446FFF757FFE1
:102D80000B4604EBC305511A9B1A89B203444E004B
:102D90009BB204EBC2006E805D00458024F83210C7
:102DA00020461146FFF743FF014424F8313070BD3F
:102DB00070B509B9002070BD056801F007030B3339
:102DC000CC0804EBD304AB689C4228BF1C462146C8
:102DD0002846FFF782FF06460028EBD0014628462A
:102DE000FFF725FFA04207D932192846FFF7C4FF95
:102DF00011462846FFF720FF05EBC6021046538810
:102E000043F0010353800430D5E71146FFF7D0BFEC
:102E10002DE9F84314464A4202EA010931EA020266
:102E200003460BD04A46042A4F4628BF0422A1EB92
:102E300009096CB900252846BDE8F883042904D89F
:102E40002146BDE8F843FFF7B3BF00270422F0E7AF
:102E50001E68A9EB020204F0070302F007010B331E
:102E60000B44E10801EBD20101EBD301B3689942B5
:102E700028BF19463046FFF730FF80460028D9D0DA
:102E80003D1D05EBC00509F1FF3335441D44B5FB7D
:102E9000F9F509FB05F5ED1B2C442B1F07349B1B93
:102EA00024F00704A41BB0EBD30F4FEAD3074FEA7B
:102EB000E40408D201463A463046FFF75DFF41463A
:102EC0003046FFF7B9FE39463046FFF7B0FE3844CA
:102ED000844207D230462246FFF74EFF2146304655
:102EE000FFF7AAFE06EBC706738843F00103738061
:102EF000A1E7043A2DE9F843CC1D114424F007045E
:102F000021F00706A6EB04084FEAD807B7FA87F2C4
:102F1000C2F12405AD004FF000090735C2F12002CF
:102F2000ED0804604946A760C4F80C90920004F1D3
:102F3000100005F0DFFCAAB2530043F001036380E8
:102F40007B1B9BB204EBC5015800A4F8009048809D
:102F500024F83520A6F8029024F8083004EBC703C3
:102F600029465A8842F001025A802046BDE8F843BB
:102F7000FFF762BE2DE9F04706460D461746984614
:102F80002BB398F8004093F80190DB78A40004EB91
:102F9000430498F802301C4444444FF0000ACA45E8
:102FA00009D3D8F8042008F1080339463046AC4666
:102FB000BDE8F047604714F8013B48F8234020463D
:102FC000EEF7D6FA013004440AF1010AE7E76FF0A0
:102FD0001500BDE8F08730B502460024002012F845
:102FE000013B43B178B18C4207D1702B04D0A3F1DF
:102FF00040053A2D07D8002030BDA3F140053A2DF9
:1030000001D80134EAE7252B08BF80F00100E6E78C
:10301000F0B4D0E90032002AD1E9005416DA002CCD
:1030200008DA5F424FF0004666EB0206BD4274EBE1
:1030300006061ADB5B1942EB0402C0E90032836822
:103040008A6813448360F0BCF2F732BC53EA02068C
:10305000F0D0012D74F10006ECDBDE43AE426FF0E0
:103060000046A6EB0206A641E3E70020F0BC70474D
:10307000002070470FB407B504A951F8040B019163
:1030800000F049FC03B05DF804EB04B0704710B5E4
:103090000369024613F0080009D11368D4689C4202
:1030A00097BF126AE31AD31A01200B6010BD0023E8
:1030B0001846FAE713B501A90446FFF7E8FF20B167
:1030C000019BE268013B13440193206A019BC01AF3
:1030D000013802B010BD10B5044650182269236AA9
:1030E000D20702D5013B184010BD984228BFC01A34
:1030F000FAE710B504460A46C168FFF7ECFF2369FA
:10310000E06023F00803236110BD38B50D46C269A5
:103110008B00016843F0020342F821300446016845
:103120002A46FFF7D8FFE36861682060984202BF33
:10313000236943F0080323612A462046FFF7CBFFAB
:10314000606038BD2DE9F74FD0F80CB0C669009229
:1031500016F82B2002F00302022A08BF56F82B2093
:103160009A4606EB8B030F4601934FF00001009B3C
:103170000CBFC2F39D09894619600446CAF80010C5
:10318000B9F1000F07D04946FFF7B3FFE368A3602A
:103190004FF0010804E001698A0705D44FF00008E8
:1031A000404603B0BDE8F08F816906EB8B0088478D
:1031B00016F82B1011F001080546EFD08B071DD52E
:1031C0001FB139462046FFF7A0FF61682A46204616
:1031D000FFF781FFD4E902138B42606007D12A46D2
:1031E0002046FFF778FF4FF000080146A0602369F2
:1031F000216043F00803E1602361D1E701462046E6
:10320000FFF777FFE168A1601FB12068E16941F82D
:103210002090EA19CAF8002021682046FFF75BFFDA
:103220002269206042F00802226116F82B2022F069
:10323000010206F82B20DDE900321A60A8E770B51C
:1032400004461546FFF747FF2368834205D12369EB
:10325000216023F00803236170BDE269AB0043F0F5
:10326000020342F82130204661682A46FFF733FF07
:103270006060F1E738B503695B07044606D5456A27
:10328000FFF718FF85422CBF6562606238BD38B514
:103290000D4604461C22002105F02CFBEB68A361BF
:1032A000AB6863612B68E3616B6823620022626232
:1032B0002A6923B1591E194208BF42F00102226156
:1032C000012204F128000021BDE8384004F09ABF33
:1032D0002DE9F04F9846036A87B000258B420446DB
:1032E0000E46934603950595AA4638D3EFF3118908
:1032F000402383F31288BFF36F8F059A2AB12946C2
:103300002046FFF79CFF0023059304A92046FFF702
:10331000BEFE0499B14207462AD32268E36913F836
:10332000221021F0030103F8221003EB820A216826
:1033300032462046FFF7CFFEE3682060984212D065
:10334000002789F31188BFF36F8F039929B1626950
:103350000AB12046904700230393002FC6D1504660
:1033600007B0BDE8F08F236943F008032361E7E766
:1033700018B12046FFF7C9FEE3E75BEA08031CD05B
:10338000019104F0D9FF0199B8B9B9F1000F14D136
:1033900089F31188BFF36F8F5A46434604F1280022
:1033A000FCF7F8F9EFF31189402383F31288BFF398
:1033B0006F8FB0FA80F77F09C3E705AB03AA2046F9
:1033C0002568FFF7BFFE0746BBE770B50446836973
:1033D00008460D4698470246EFF31186402383F3D3
:1033E0001288BFF36F8F2B7843F001032B70616855
:1033F0002046FFF770FE60602046FFF73BFF86F334
:103400001188BFF36F8F70BD2DE9F8430446002784
:103410004026EFF3118586F31288BFF36F8F23697F
:10342000A268190702D46368934200D2236A9B1AE8
:10343000002B42D0E06910F8221011F0030300EBDA
:1034400082093AD0022B04D150F822305FEA930867
:1034500005D1CB0720D4A369484698478046A16888
:1034600042462046FFF737FE0127A060414620462E
:10347000FFF73FFE3B4685F31188BFF36F8F002BAC
:10348000C7D137B1B9F1000F03D104F12800FCF71F
:103490004DF94846BDE8F88341F0020100F82210DA
:1034A0004846A369D4F8088098474146024620461A
:1034B000FFF711FE0023A060DDE79946DBE7F8B5D2
:1034C0000446836908460D4698470646EFF3118780
:1034D000402383F31288BFF36F8F2B7823F001030F
:1034E0002B7023699B0705D5E268E36903EB820330
:1034F0009D421AD12B7823F002032B70D4E90231BC
:10350000994204D132462046FFF7E5FDA0603146DE
:103510002046FFF7EEFD87F31188BFF36F8F04F1AC
:103520002800BDE8F840FCF701B92B6860F39F0361
:103530002B60F0E7EFF31181402383F31288BFF390
:103540006F8F02698368120702D442689A4200D2E0
:10355000026AD31A81F31188BFF36F8F181E18BF48
:1035600001207047036800220BB9184670478B4250
:1035700010D10B6842B942680360914200D14360A8
:1035800000230B600120704713604368994208BF15
:103590004260F5E71A461B68E6E7038B13F0070362
:1035A00006D10368002B18BF032008BF0020704716
:1035B000022B05D1408BB0FA80F0400980007047A3
:1035C000012B04D10368002B18BF0520EDE7002074
:1035D000704710B50C4600B111B96FF0150010BD61
:1035E000081D00F0C7F80028F9D1A368032BF6D90D
:1035F000F3E72DE9F0410D4607461946281D904690
:103600001E4600F0C8F8044638B133464246294603
:103610003846A446BDE8F0416047BDE8F08110B4EB
:10362000EFF31182402484F31288BFF36F8F41615E
:103630005DF8044B0121F2F741BA38B50C46054656
:1036400058B151B10B6843B14B6833B11C22002112
:1036500005F050F92C61002038BD6FF01500FBE734
:10366000F8B504460E46FFF7B4FF051E3BDBEFF34B
:103670001182402383F31288BFF36F8F638B278BF4
:103680004FF6FF718B4207F007072ED0062F2FD879
:10369000DFE807F0182E082E180418006FF08505D3
:1036A000002303E0013363830225012382F31188A1
:1036B000BFF36F8FBBB100233A4631462046FFF778
:1036C00098FF10E000233360636823B9C4E9006603
:1036D00027B13D46E4E71E606660F9E70221204617
:1036E000F2F7ECF93D462846F8BD6FF00A05D7E73A
:1036F0006FF00405D4E710B5EFF31182402383F394
:103700001288BFF36F8F048B04F00704022C0AD0D9
:10371000012C0CBF6FF004006FF0850082F311885C
:10372000BFF36F8F08E0438B013B9BB2438323B908
:103730002146F2F7C3F9204610BD2046EEE738B522
:10374000A8B1A1B1EFF31185402282F31288BFF333
:103750006F8F048BFFF706FF30B104F0070085F38D
:103760001188BFF36F8F38BD6FF07700F7E76FF008
:103770001500F8E7034658B1426802F00302012A37
:1037800003D0032A04D1026812B100209860704768
:103790006FF0150070474268816002F00302032A4F
:1037A0004FF0000203460CBF006810465A60704795
:1037B00070B50C8806468888241A3069A4B2844201
:1037C00085B224BF641BA4B22D1BA8B2984228BFA7
:1037D00018463368234413600B8803440B8070BD84
:1037E00070B4838985880669ED1AADB2731B934264
:1037F00028BF134670BC0A46011DFFF7D9BF70B43D
:103800000E460146C58831F80A3FEC1AA3B293422E
:1038100028BF1346324670BCFFF7CABF10B54B88AD
:103820000C88E41AA4B294420ED31A4492B28B8844
:103830004A800A800069D21A92B2824201D20020E4
:1038400010BD03448B80FAE76FF01500F8E72DE90F
:10385000F34106460F4615464FF000082A4601A9D7
:103860003046FFF7BDFF044640B102463946019895
:1038700005F019F82D1BA0442744EFD14246311D15
:103880003046FFF7CBFF404602B0BDE8F0812DE99E
:10389000F34107460E4615464FF000082A4601A997
:1038A0003846FFF7ACFF044648B12EB102460199F5
:1038B000304604F0F8FF26442D1BA044EED14246CA
:1038C00007F10A013846FFF7A9FF404602B0BDE8FC
:1038D000F081704703785B075FBF03684288C3F3DA
:1038E0004A2303EB12105DBF173020F00700800859
:1038F000002070470020704703F05ABD0346BFF315
:103900005B8F53E8000F421C43E800210029F8D1E7
:10391000BFF35B8F70471FB50023CDE90201CDE9EE
:1039200000331A4619461846F2F7CAFD05B05DF88D
:1039300004FB0120F2F784BA0020704718B14068F8
:103940000079F2F79DBC4FF0FF30FAE738B54368D5
:1039500004460D46DA711146F2F7F0FC63681D600B
:10396000636801225A71BDE83840F2F75BBA10B5BE
:1039700043685B79044613B10021F2F7DFFC63680A
:1039800000225A7110BD70B515460C4669B1D2E9D6
:1039900001369B1B99420AD813680A4601469819BA
:1039A00004F081FFAB682344AB60204670BD6FF02C
:1039B0001B00FBE770B50E4615461946044618B9BC
:1039C000BDE87040F2F73CBA33B1C2F34A2310307D
:1039D000120D184404F067FFC4E900562046BDE804
:1039E0007040F2F7F9BB2DE9F3415F1C4FEA8708FD
:1039F000064608F1170020F0070080080C4615461F
:103A0000F2F7A2FA0023ADF805308DF807308DF8F3
:103A1000047068B10346019A43F8102FA8F104011D
:103A20002A46294452F8045B43F8045F8A42F9D1DC
:103A3000A20102F4E07242EA482222F07F4222F41C
:103A40007002002322F03F02314602B0BDE8F0418F
:103A5000FFF7B0BF07B50123019201AAFFF7C3FF2B
:103A600003B05DF804FB07B5CDE9002302236A46E5
:103A7000FFF7B9FF03B05DF804FB1FB5CDE90123E3
:103A8000069B039301AA0323FFF7ADFF05B05DF882
:103A900004FBF8B506460D4614461F4604B9F8BDAA
:103AA000214628463A46B047241A0544F6E710B5A1
:103AB000426881680446D2E900230068FFF7E9FF05
:103AC000636800221A6010BD38B54B681A68CB686D
:103AD0009A4205460C4602D10846FFF7E8FF6368A4
:103AE000BFF35B8F53E8002F511C43E80010002800
:103AF000F8D1BFF35B8FA3689D54002038BD0A281E
:103B000038B504460D4602D10D20FFF7DDFF2946EA
:103B10002046FFF7D9FF002038BD2DE9F0430546C8
:103B200089B008460E8891F80090D1F808800C46BC
:103B30001746F2F71FFD011EC6F38216C9F3C2092C
:103B40001FDB4846F2F75AFB03462146608851F8CE
:103B5000102B0296C2F34A22002A01EB0204C0F3A2
:103B60000B1008BF00210022CDE90507CDE90314A1
:103B7000CDE9002241462846F2F728FD09B0BDE80C
:103B8000F0830023E1E708B50120F1F7EFFD08B568
:103B90000020F1F7EBFD0B68834204BF01230B719A
:103BA000704703785B075FBF03684288C3F34A230B
:103BB00003EB12105DBF173020F0070080080020D3
:103BC000704783685B6903B11847704783689B69D6
:103BD00003B11847704708B54368197311B11868E5
:103BE000FFF7F4FF002008BD10B5406824301C46E4
:103BF000FFF74DFE2060002010BD07B583689B6C69
:103C00001BB9012003B05DF804FB01AA0421984709
:103C100010F1580FF5D08630F3D00198003818BF56
:103C20000120EFE72DE9F04145681E462B7B0C464D
:103C3000174693B101EB0208A04507D13760D5E9DB
:103C40000131012098470020BDE8F081286814F870
:103C5000011B83685B689847EEE705F11000FFF7EA
:103C6000F6FD05F1B80330600121BFF35B8F53E827
:103C7000002F43E800100028F9D1BFF35B8F002A22
:103C8000E1D12868FFF79DFFDDE710B5406850F8E7
:103C9000804BFCF735FF2046FFF798FFA3685B6A6F
:103CA0000BB120469847002010BD38B50446456B3F
:103CB0002868FFF7A2FF38B12046FCF721FF2868EB
:103CC000BDE83840FFF77DBF38BD8268002382F829
:103CD0005C308268A2F856308268A2F8543070478F
:103CE00010B50346BFF35B8F53E8000F40EA0102B3
:103CF00043E80024002CF7D1BFF35B8F10BD10B553
:103D00000346BFF35B8F53E8000F00EA010243E86C
:103D10000024002CF7D1BFF35B8F10BD0EB403B5A8
:103D200003AA52F8041B0192F4F782FB02B05DF87B
:103D300004EB03B0704708B510B1EDF719FC80B281
:103D400008BD00F52470FBF7F1BC4FF0FF324FF0D7
:103D5000FF3300F52470FBF71DBD00F5207019B18D
:103D60004FF40061FFF7BCBF6FF40061FFF7C7BFFE
:103D700000F5207019B14FF48061FFF7B1BF6FF407
:103D80008061FFF7BCBF08B500F51F7029B10121A4
:103D9000FFF7A6FF00F0010008BD6FF00101FFF77B
:103DA000AEFFF7E738B50C46051EA06814BF082122
:103DB000012100F5217004F04CFD012D08D1A0680F
:103DC0004FF40071BDE8384000F52070FFF788BF60
:103DD00038BDF7B5044600260027204600F0F3FC66
:103DE000E06900F042FF05462046F4F759FDA3685C
:103DF000B3F8543023B14FF4F670002104F08EFB79
:103E000055B1A06800F521700022CDE900670121BD
:103E100004F026FD0028E0D003B0F0BD08B500F5A1
:103E20002470FBF7B7FCB0FA80F0400908BD10B56C
:103E3000044680684FF4807100F52070FFF750FF52
:103E4000A3681B7D022B02D12046F3F75FFEA0681A
:103E50006FF48071BDE8104000F52070FFF74FBF90
:103E600073B5044680680E46154600F521700022A1
:103E70000023CDE9002304F0F3FC58B1A06800F55D
:103E80002170314604F0E8FC20462B4602B0BDE824
:103E90007040184702B070BD10B583681A7D012AC2
:103EA000044628D1D3F88022510408D5D3F87C22C7
:103EB000520704D401461A6DC06900F07CFEA06868
:103EC0004FF480420023FFF7A9FF10B96FF00F00F5
:103ED00010BD08212046F4F79BFB204600F072FD40
:103EE0006069F3F733FC2046F3F7EAFDA068FFF7BB
:103EF00028FF0020ECE76FF08500E9E7F8B50446FD
:103F000080681F46037D022B0D46164607D0BDE88C
:103F1000F8404FF4805100F52070FFF7E1BE4FF4F8
:103F200080420023FFF77AFF48B3A368D3F88022CA
:103F3000100508D49A6C32B9D3F87C32990602D5B0
:103F4000204600F040FC3B4632462946204600F021
:103F500099FCA368D3F88022120508D49A6C32B970
:103F6000D3F87C329B0602D52046F4F799FC6069B1
:103F700000F099F8A068BDE8F840FFF7E2BEF8BD90
:103F80000CB407B504AB53F8042B0193FFF7B6FF4D
:103F900003B05DF804EB02B070470EB403B503AB99
:103FA000022153F8042B0193FFF7A8FF02B05DF83C
:103FB00004EB03B070470EB403B503AB082153F80C
:103FC000042B0193FFF79AFF02B05DF804EB03B0F6
:103FD00070470EB403B503AB032153F8042B0193D0
:103FE000FFF78CFF02B05DF804EB03B070470EB42E
:103FF00003B503AB012153F8042B0193FFF77EFFB8
:1040000002B05DF804EB03B0704770B504460D468E
:1040100099B10846FFF78FFE4FF480420646002311
:10402000A068FFF7FBFE10B96FF00F0070BD731CA6
:10403000142B05D9A068FFF784FE6FF01500F5E793
:104040002946A068EDF78CFAA36883F83C60A06865
:10405000FFF777FE0020E9E710B54FF480420446F1
:1040600000238068FFF7DAFE38B12046F3F734FB0F
:10407000A068BDE81040FFF764BE10BD18B18368AA
:10408000D3F8A40270476FF01500704710B484682D
:10409000A1648368DA6419B95DF8044BFFF715BEB3
:1040A0005DF8044B704710B50269836812680168B7
:1040B0000446C0689847236900221A6010BD38B5CD
:1040C000CB681B7C022B05460C4604D10A2802D182
:1040D0000D20FFF7F4FF236922681B68D55422697D
:1040E00013680133136023691A6863689A4202D126
:1040F0002046FFF7D8FF002038BD08B510B1EDF716
:1041000037FA80B208BD2DE9F74F824601A80D4667
:1041100016461F46FAF718FF804601984FF000092F
:1041200000EB4818804501D8002028E04FB9DDF8A1
:1041300004B0DBF8004084B9019C04F12000019038
:10414000F0E7012F04D003F0AAFE0028EFD0F3E738
:1041500003F0A5FE0028EAD1EEE72378002BEBD090
:104160004DB12846EDF704FA21460246284604F0F0
:10417000EAFB0028E0D12EB9D14508D1019803B05F
:10418000BDE8F08F5846B0470028F5D1D4E709F1D3
:104190000109D1E710B5047B438922442144B2FBD5
:1041A000F3F003FB1022B1FBF3F003FB1010101A25
:1041B00010BD10B5047B438921441019B1FBF3F104
:1041C000B0FBF3F0401A10BD30B5057B438929449C
:1041D000B1FBF3F403FB141101312A4401340180D3
:1041E000B2FBF3F103FB1122848001324C1CC4802A
:1041F000428030BD2DE9F74F002607468846144619
:1042000099460660B2462378002B00F09F80202B51
:1042100023D0093B042B20D93B685A1C3A6048F84C
:1042200023403B684B4500F0918000262578002D07
:10423000E9D0002E7BD1272D03D05C2D10D0222D6C
:104240006BD12046FFF759FF611C0246204604F05F
:1042500038FB2E46A3465C46E8E704F801ABD2E7FC
:1042600004F1010B2046FFF748FF5946024620465D
:1042700004F027FBEFE75C2D56D162789642F1D02F
:10428000302A21D102230025E25CA2F13001C9B21B
:10429000072916D8ED000133EDB2052B45EA0105DB
:1042A000F2D1591E2144204601930091FFF725FFCA
:1042B000019B0099023BC21A204604F002FB2570C4
:1042C000C9E7DBB2022BECD1782A2DD102210025DF
:1042D000635CA3F13002D2B2092A08D82D01EDB2F5
:1042E00015434B1C042B4FF00301DAD0F0E7A3F188
:1042F0006102052A05D82D01EDB2573B1D43EDB2F1
:10430000EFE7A3F14102052A03D82D01EDB2373BB7
:10431000F4E7022908D00323C3E7202D3FF473AF4D
:10432000093D042D7FF66FAF04F1010B93E7B54211
:1043300004F1010B9FD12046FFF7DFFE59460246EC
:10434000204604F0BEFAA346002684E7304603B0B8
:10435000BDE8F08FF8B50E4611460746154604F045
:1043600023FB0446E0B12846FFF7C7FEA7420546F7
:1043700007D214F8013C202B02BF0135ADB204F185
:10438000FF342046FFF7B9FE3388421C5B1B521BEB
:1043900033806119204692B2BDE8F84004F091BA2A
:1043A000F8BD2DE9F0410F4686B01646044670B1BF
:1043B000034601AC00F1100518685968224603C293
:1043C0000833AB421446F7D11868106001AC4FF0C7
:1043D0000008414632462046F4F73EF808F101084D
:1043E000054628B129683846EDF7B0F80028F0D125
:1043F000284606B0BDE8F0812DE9F0471C46DDF8FF
:1044000020809DF8249000230F46164623602368E1
:10441000BB4205461BD256F8230000F0F9FD236885
:10442000824618B1013323602846F0E756F823107E
:1044300042462846FFF7B5FF48B123685A1C226060
:10444000B9F1000FE3D08045E1D1236055462846FD
:10445000BDE8F08770B50546FFF74FFE044628B16A
:104460002B460026621E591B8A4200DC70BD13F8E1
:10447000012B202A02D0093A042AF3D8591B89B209
:104480008AB29442EED96A5C202A02D0093A042A00
:1044900003D80136B6B20131F2E7002EE2D08AB27B
:1044A000A21A18460132294404F00BFAA41B034651
:1044B000A4B2D6E7F8B5846894F85C3006462BB908
:1044C000B368B3F85420A3F85620F8BD04F15C009B
:1044D000B4F85430C21812F8012C202A1CD0093A22
:1044E000042A19D90022C25413461D460133425DE5
:1044F000202A9BB200EB0501F7D0093A042AF4D92F
:10450000002DDDD0B4F854707A1C521B7F1B04F0D0
:10451000D8F9A4F85470D3E7013B9BB2A4F8543007
:10452000002BD5D184F85C30CAE700231A46FFF788
:10453000EABD02230022FFF7E6BD2DE9F74F05464D
:1045400001A8FAF701FD019C04EB40180DBB002403
:10455000204603B0BDE8F08F266876B13046EDF70F
:1045600007F807462846EDF703F8874205D131469C
:104570002846ECF7EBFF0028EAD0E3693BB11B6863
:104580002BB1D3F800909A4600264E4504D1203432
:104590000194A045E0D8DAE75AF804BF5846ECF792
:1045A000E7FF07462846ECF7E3FF874205D1594667
:1045B0002846ECF7CBFF0028CAD00136E5E70EB459
:1045C00003B503AA52F8041B0192F3F731FF02B0BE
:1045D0005DF804EB03B0704710B50446ECF7C8FF74
:1045E000B4F8543013FA80F038B1638FB0FBF3F2B3
:1045F00003FB1200B0FA80F0400910BD38B58468A2
:104600002046ECF7B5FFD4F87C52B4F85630C5F329
:10461000400580B205FB0300638FB0FBF3F203FBA0
:104620001200B0FA80F0400938BD10B50446FFF71B
:10463000E5FF18B9A068FFF7CFFF20B16069BDE8BA
:104640001040F3F777BF10BDF8B584680546B4F89D
:104650005420B4F8561004F13000FFF7B5FDA868F7
:10466000A78EE68EFFF7B8FF10B16869F3F762FF17
:10467000B74207D1218E638E2846C91ABDE8F8409B
:10468000F3F774BFE18EA38E2846C91AF3F758FFDB
:10469000F0E7F8B5044680680D46B0F85610B0F85B
:1046A000542030300D44FFF78FFDA068ADB2B0F854
:1046B00056102A463030FFF77CFD0746A0682A4690
:1046C000B0F856103030FFF765FD794206462046B7
:1046D000F3F736FF31462046F3F748FFA368A3F807
:1046E0005650F8BD2DE9F0410C1E064633DA6442FF
:1046F00024B24FF0FF35A4B2AFB213E0B368B3F801
:1047000056C0B3F8548003F15C0E6146002269B9CB
:104710006B1C22D1A1EB0C0109B23046FFF7B9FFA7
:10472000013CA4B2002CE9D1BDE8F081884501D15B
:10473000012DEFD01EF8013023F020004138192858
:1047400007D9303B092B04D9002AE3D1394489B277
:10475000DDE70122FAE70125CDE7B8F1000FE9D145
:10476000D8E78368B3F85610494209B2FFF791BF02
:104770008368B3F85410B3F85630C91A09B2FFF77A
:1047800088BF8368B3F856301BB14FF0FF31FFF795
:1047900080BF70478368B3F85620B3F854309A420C
:1047A00002D20121FFF775BF70478268B2F8561038
:1047B000A2F854108368B3F856201344002283F8FB
:1047C0005C20F3F7ABBE10B504468068B0F8542007
:1047D000B0F856103030FFF7F7FCA368198E20466A
:1047E000C1F10101F3F7C2FEA368998E2046013999
:1047F000F3F7A6FE2046BDE81040F3F78FBE2DE983
:10480000FF4105460F4614460026A4B904B0BDE892
:10481000F081D3F880229205FBD5BFF35B8F03F5BF
:10482000207353E8001F21F4007143E80012002AAE
:10483000F7D1BFF35B8F686803682246D3F80C801A
:10484000B91903ABC047039A1644A41A002ADCD155
:10485000AB68197D0329EED00229DAD84FF0FF307A
:104860004FF0FF31CDE90001082103F5217003F07D
:10487000F7FFA86800F52170082103F0EDFFDAE7E3
:10488000FFF7BDBFF7B51E4683681546D3F87C22F7
:10489000D206044613D593F83E208A420FD0DB8F10
:1048A000ADF80430F3F7B4FE606932462946F3F7F9
:1048B000BFFD01A92046F3F7CBFE03B0F0BD606950
:1048C0003246294603B0BDE8F040F3F7B1BD0CB461
:1048D00007B504AB53F8042B0193FFF7D3FF03B0E4
:1048E0005DF804EB02B070472DE9F0418768B7F836
:1048F0005460B318FF2B05468846144626DCB7F8EB
:104900005630F61A5C331F44B6B23246394638196F
:1049100003F0D7FF22464146384603F0C4FFAA6899
:10492000B2F854302344A2F85430AB68B3F85420A2
:104930001344002283F85C20AB68D3F87C1289070B
:1049400006D4B3F856201444A3F85640BDE8F081CD
:1049500031462846BDE8F041F3F7FCBEFFF7C4BF7F
:1049600038B505468068B0F85620B0F85440A41A0F
:10497000A4B29CB15C321044411C224603F0A1FF5A
:10498000AA68B2F85430013BA2F85430611E2846A0
:104990000122BDE8384089B2F3F7DCBE38BD10B55E
:1049A0008368B3F8542004465AB1B3F8563043B183
:1049B0004FF0FF31FFF76DFE2046BDE81040FFF7D6
:1049C000CFBF10BD70B592B00023054601934FF4E0
:1049D0007A746868036840221E6902A901ABB04777
:1049E000019B13B108B9013CF3D112B070BDF8B509
:1049F000C3695E695F6883683046D3F87C52FEF70E
:104A000003FDC5F30015044650B1014605F18E02C1
:104A10003846FFF782F830462146FEF750FD012068
:104A2000F8BD43681B68D3E90632BFF35B8F53E8D8
:104A300000CF8C4443E800C00028F8D1BFF35B8F5F
:104A40009368BFF35B8F53E8000F084443E800020C
:104A5000002AF8D1BFF35B8F70472DE9F843436814
:104A60001E68B268F369D2F87C429A681279012A0A
:104A700007460D46C4F3001403D0032A50D0BDE806
:104A8000F883D868D3F814800B7859075EBF2B6879
:104A9000C3F34A246B8840F2E73158BF04EB131488
:104AA0004FF4004E8C464FF0000158BF1734E0FB26
:104AB0000EC158BF24F007044FF47A724FF0000380
:104AC000604654BFA4080024ECF726FD02460B46BE
:104AD00040462146FEF7FCFB814628B938460121B5
:104AE000BDE8F843FFF79DBF012CF7D929460268BE
:104AF00051F8043BC3F39D0363F39F0240F8042B7A
:104B0000621E920003F0CFFE40464946FEF75DFC70
:104B1000B06800F521700221BDE8F84303F099BEAA
:104B20003046D3F80480FFF74EFE03F005FC04F195
:104B30008E07044600B3EFF31184402383F31288F9
:104B4000BFF36F8FB368D3F880321A051ED53A468B
:104B500029464046FEF7E1FFB368D3F880321B05D3
:104B600002D43046F3F79CFE03F0E6FB90B184F3E9
:104B70001188BFF36F8F82E7B06800F524704FF0A3
:104B8000FF324FF0FF33FAF705FEDBE73046FFF761
:104B90001AFEDCE7B06800F52470BDE8F843FAF7C8
:104BA000C5BD10B513460C460A4601461846FFF728
:104BB00067FE204610BD70B504460D461646D0E986
:104BC0000410FEF764FB324620682946FEF7BEFE5D
:104BD00063685B685D60A36800221A60A3680122B5
:104BE0001A7170BD10B504460068FEF7C0FEA368D8
:104BF00002221A7110BD10B543681C686068036812
:104C000001219B689847E36950BB9B6803221A7196
:104C1000A368BFF35B8F03F5207353E8001F41F4D3
:104C2000005143E80012002AF7D1BFF35B8FA06860
:104C3000B0F85420B0F856103030FFF7C5FA4FF0F6
:104C4000FF312046F3F77CFCA368198E20464942C9
:104C5000F3F78CFC2046FFF7CAFE0028FAD110BDFE
:104C6000BDE810401846FFF7BDBFF7B503685B68A5
:104C70001C68A368D3F87C628368BFF35B8F05462A
:104C8000C6F30016002253E8007F43E80021002904
:104C9000F9D1BFF35B8F8FB13EB1A3680121DB8FE8
:104CA000ADF804302046F3F7B3FC68683946F1F7F5
:104CB000C1FD1EB101A92046F3F7CAFC204603B08E
:104CC000BDE8F040FFF793BE78B10378C42B0BD159
:104CD00043780B2B08D18378D22B05D1C078A0F173
:104CE0008603584258417047002070470EB403B500
:104CF00003AA52F8041B0192F3F79AFB02B05DF885
:104D000004EB03B070472DE9F84305468846174683
:104D1000002418F80430202B21D0093B042B1ED985
:104D20004046ECF725FCAB68598F80B2001BCB1BCB
:104D3000984208EB040914D94846002610F8012BC4
:104D4000202A06D0A2F1090CBCF1040F02D80A2ACD
:104D50002DD03346BA19914228D90136EEE70134F5
:104D6000D7E74B460026B04208D168694946FFF7AD
:104D7000BDFF6869BDE8F843F3F7ACBD13F8012B3C
:104D80000A2A11D16869FFF78EF93246494628464A
:104D9000FFF735FD013434446869F3F79BFD39466C
:104DA0002846F3F7E3FBBBE70136DCE71E466869FC
:104DB000FFF779F9324649462846FFF720FD34448B
:104DC00018F80430202B02D0093B042BE4D801341E
:104DD000F6E70020704783690020186070470EB422
:104DE00003B503AA52F8041B0192F3F721FB02B0AA
:104DF0005DF804EB03B0704708B50168FFF705F9EB
:104E0000002008BD8368BFF35B8F03F51F7353E871
:104E1000001F41F0020143E80012002AF7D1BFF35E
:104E20005B8F002070478368BFF35B8F03F51F73B0
:104E300053E8001F21F0080143E80012002AF7D1CF
:104E4000BFF35B8F002070478368BFF35B8F03F570
:104E50001F7353E8001F21F0100143E80012002ADD
:104E6000F7D1BFF35B8F002070478368BFF35B8F80
:104E700003F51F7353E8001F21F0200143E80012DF
:104E8000002AF7D1BFF35B8F002070478368BFF320
:104E90005B8F03F51F7353E8001F21F0020143E805
:104EA0000012002AF7D1BFF35B8F002070478368A0
:104EB000BFF35B8F03F51F7353E8001F41F0080138
:104EC00043E80012002AF7D1BFF35B8F0020704740
:104ED0008368BFF35B8F03F51F7353E8001F41F036
:104EE000100143E80012002AF7D1BFF35B8F0020C6
:104EF00070478368BFF35B8F03F51F7353E8001F90
:104F000041F0200143E80012002AF7D1BFF35B8F84
:104F1000002070470023C360704770B51546C46811
:104F20001E46F1B13CB9034653F8044F9C4209D1E7
:104F30000020308070BD8368A34202D10023C3608B
:104F4000F6E72468C460002CF2D0228904F10A013B
:104F5000284603F0A8FC238933800022EA5401206C
:104F6000E8E7002CE4D043689C42E7D06468E9E7B6
:104F70002DE9F843002304468846C360164622B351
:104F8000071D4068874200D0B8B906F10A092068B9
:104F9000002200234946FAF7A9F90546B8B9636823
:104FA0009F4212D0A168D1E9003213605A60C1E972
:104FB0000000206802F0D1FFE9E703899342E4D1C1
:104FC0000A3003F0A3FC0028DFD1BDE8F883068196
:104FD000324641460A3003F066FC6368C5E9003793
:104FE0005D606560F1E770B50446061D00256368E5
:104FF000B34202D10023E36070BDA168D1E9003261
:1050000013605A60C1E90055206802F0A6FFEEE780
:1050100010B5044628B1ECF7ABFA002380B29842F1
:1050200001D8002010BDE25C3F2A03D02A2A01D01B
:105030000133F4E70120F5E710B5044680684FF42A
:105040008072002100F5AE7003F054FCA068B0F847
:10505000542000F15C0100F5AE7003F024FCA06860
:1050600000F5AE70FFF7F6F9A46804F5AE70ECF742
:105070007FFA0130A4F8580010BD10B504468068CE
:10508000B0F8582000F5AE715C3003F00CFCA3685A
:10509000B3F85820A3F8542010BD08B50020F0F74D
:1050A00065FB03F027BC03F0FEBB01460068F3F785
:1050B000FDBF08B5F4F7A4F8BDE80840F4F730BD2B
:1050C0000A460121FEF7C6BC00210120F3F7EEBF1E
:1050D000F4F7D0BC61B662B680F31188BFF36F8F6E
:1050E000704708B572B6002383F31188BFF36F8F42
:1050F000EEF7AAF810B1BFF34F8F30BF62B6BFF31F
:105100006F8F08BD202809D9B0F1004F08D80138A9
:10511000B0FA80F0C0F11F004000704708207047CF
:105120003E20704708B5D1E904319847002008BDFA
:1051300008B5F4F737FF002008BD0B0704D5A0F130
:105140004103192B98BF2030704707B51346402202
:1051500000920A46F4F74CFF03B05DF804FBBFF37E
:105160005B8F50E8003F013340E80032002AF8D15D
:10517000BFF35B8F7047002303824369C3607047AE
:1051800008B501460830FFF7EAFF084608BD10B52C
:1051900008B14B6843604C68002308464B60F5F744
:1051A00053FA204610BD8388026819448180D018C4
:1051B000704730B484880568A3188380281930BCF0
:1051C00003F071BB10B5838802685C1C8480D154E5
:1051D000D01810BD30B5838802689D1CD418858016
:1051E000D154090A617030BD83885B1A9BB28380F9
:1051F0000068184470478288521A0346828000680B
:105200000844186070474FF0FF324FF0FF3304300E
:10521000FAF794B9FAF704BA90F86C00C0F34110A9
:10522000704770B504460E46FFF7EDFF94F86C30FA
:10523000C3F340059B0754BF236F6FF0770504F15C
:10524000040058BF9E81FFF7E5FF284670BDF8B502
:1052500004461E460D461746FFF7D5FF94F86C30FE
:105260009B0715D425B1012D10D06FF0150508E06E
:10527000216F0029F9D09DF818300F714E718B7194
:105280000025201DFFF7C6FF2846F8BD616FF0E737
:105290006FF07705F5E790F86C00C0F38000704779
:1052A00038B50446FAF7E6FF2046FFF7ACFFA069E1
:1052B00040B96FF01205201DFFF7ACFFFAF7EEFFC3
:1052C000284638BD94F86C30DB0716D402F0E7FDB1
:1052D0000028EED02046F6F73DF805460028EAD132
:1052E0000146242204F1280003F004FB94F86C30FA
:1052F00043F0010384F86C30DDE76FF07705DAE7FF
:1053000070B50446FAF7B6FF2046FFF77CFF94F825
:105310006C30DA0731D5C3F340019B0730D4A06964
:1053200001F02AFC0646A06901F095FC0546B0B9DB
:10533000A36F4BB13146204600F08DF90546A8B168
:10534000A06901F0B4FC0AE0A06901F02CFCA067A0
:105350000028EFD1A06901F0AAFC6FF00B05201D19
:10536000FFF758FFFAF79AFF284670BD94F86C30A3
:1053700043F0020384F86C30F1E74FF0FF35EEE7BD
:105380006FF07705EBE70246034652F8640F904250
:105390000BD100207047027A8A42FBD09A6E82427B
:1053A000F7D000680028F6D170470028F3D1704785
:1053B00038B504460D46FFF726FF94F86C30DB073E
:1053C00018D42B690BB9EB68BBB1636E1BB904F140
:1053D0006403C4E919332B6893B9A26E04F1640124
:1053E000C5E900121560A5661D46201DFFF712FFD6
:1053F000284638BD4FF0FF35F7E76FF01505F4E7A5
:105400006FF07705F1E710B50446034654F84C0FEA
:10541000A0420DD100200DE0447D8C4204D103292F
:1054200009D1047A944205D01C6D8442F2D0006800
:105430000028F1D110BD0F29F5E72DE9F04105460F
:105440000C46061D4FF0FF324FF0FF333046FAF79F
:1054500075F82F6F002F6DD095F86C30DB0769D48D
:10546000EB6C1BB905F14C03C5E913332368002B22
:1054700063D1637D0F2B09D1237A012B0CD02B6DC7
:1054800005F14C02C4E900231C602C65637D032BED
:105490000FD04FF0000806E0E1682846FFF788FFCC
:1054A00080460028EBD03046FAF7BAF84046BDE80F
:1054B000F081EA6C05F14C0090421ED1002329E0F6
:1054C00091F815C0BCF1030F10D0013323724B6863
:1054D000C4E900131C604C60637A022B24D0032BB8
:1054E00025D0012BD5D1237ABB73D2E791F808C020
:1054F0000CF1FF3C6345E8D11268002ADED0517DF3
:105500002B6D03290DD19A42137A02D0116800291C
:10551000D6D1013323722B6DC4E900031C602C65C6
:10552000DAE79342E8D1C9E7237AFB73B1E7237A3C
:105530003B74AEE74FF0FF38B5E76FF07708B2E79E
:105540000346006800B1187A70478388C288816872
:10555000D21A03685B1AD01A70470346C08808B194
:105560001878C009704770B50C46154600F0ECFA83
:1055700040B1406883681B6823B12A462146BDE8D4
:105580007040184770BD38B580210446806901F02D
:105590002DFB054650B10146204600F07EFC044636
:1055A00010B12846F5F750F8204638BD6FF00B04CF
:1055B000FAE738B50446806FFFF7E2FD0546FFF7CE
:1055C000DAFD2046294600F068FC044610B1284662
:1055D000F5F73AF8204638BDF8B504468668036901
:1055E0000D461746BFF35B8FD3F8A030BFF35B8F38
:1055F0009B070ED5B36A7BB1F36B9847B36A294614
:105600003A4620469847336C054620469847284638
:10561000F8BD4FF0FF35FAE76FF08505F7E770B595
:105620000446866803690D46BFF35B8FD3F8A0304C
:10563000BFF35B8F9B070BD5F36B9847736A2946C3
:1056400020469847336C054620469847284670BD4B
:105650004FF0FF35FAE710B5044619B9002084F879
:10566000300010BDFFF7A5FF0028F7D0F9E738B5E7
:1056700090F83030022B0D4604D100F060F908B1EB
:10568000C46804B938BD2B78032B05D0052B0ED088
:10569000022B08D02468F4E7606883685B69002BFC
:1056A000F8D09847F6E7606883689B69F7E7606819
:1056B0008368DB69F3E7012270B515460B685BB3BD
:1056C00002F07F04103423FA04F6F60710D50368BD
:1056D00023FA04F6F60702D46FF0150070BD05FA40
:1056E00004F423EA040303600B6823EA04030B6059
:1056F000D340DE070DD5036823FA02F4E407EBD5A7
:1057000005FA02F423EA040303600B6823EA0403A6
:105710000B600132102AD1D10020DFE72DE9F04FD4
:105720008369026F1B6993F88030C3F34113022B26
:105730008FB081460ED0032B0ED0012B0CBF10234F
:105740000823D371D9F854800026B8F1000F05D191
:105750004046AEE02023F4E74023F2E7D8F80430D7
:10576000D8F80C4003930C9604967CB9049B039ADA
:1057700009339BB293701B0AD3701671D8F80C4092
:10578000002C40F0B080D8F80080DDE760688368C6
:105790001B6B00250D95002B00F0A3802946984730
:1057A000002800F09E80C4E90355A0F1040B3546A3
:1057B0005BF8043F0BB11A7822B9B5427CD86FF080
:1057C000150076E05A780B2A08BF9D70DBF8003090
:1057D0005A78042A10D1E2680D990A43E260DA7817
:1057E000002A57D19D7023690122AA401343013535
:1057F0002361EDB200230D93DBF800707B78052B5D
:10580000D6D1D9F8183008936FF012004FF0010A82
:105810007A793B7943EA0223ADF82E300C9B06934C
:1058200097F90230069A002B5FFA8AF1BBBF41F06C
:1058300080014BB24FFA8AF30793B9BF21F080037E
:10584000103307935346DA40D2072AD40D9A0592B3
:1058500022FA03F3DB0724D4BB79FA780898009383
:105860000DF12E03099101F05CF80999C8B9079B65
:10587000B970002BBCBF21F08001103101238B4097
:1058800006980599BDF82E20BA8019430343CDE947
:105890000C318DE76A1E9A700DA90CA8FFF70BFF5B
:1058A000A8E70AF1010ABAF1100FB1D100283FF4BC
:1058B0007FAF0FB0BDE8F08FE3680D9A1343E3604C
:1058C000606883689B6AD3B198470028F1D101468C
:1058D000606800F000F9049B2468034404932E469A
:1058E00043E73546ECE7E368A36004F10C010CA83C
:1058F000FFF7E1FE00287FF462AF246840E76FF015
:105900008500D6E74FF0FF324FF0FF330430F9F750
:1059100015BEF9F785BE21B101290DD000231B6802
:10592000FFDE5430006848B143685B79934205D08C
:1059300000680028F8D170475C30F3E7704710B575
:1059400090F83030022B044609D1FFF765FC94F83B
:10595000382001462046BDE81040FFF7DCBF00209C
:1059600010BD08B5FFF7D7FF003818BF012008BDEC
:105970002DE9F04104460E46FFF74EFC94F838300E
:105980008046CBB9002E3BD0324641462046FFF739
:10599000C2FF0746A8B10246204600F0D4F90546EA
:1059A00088B984F83860FC6864B3606883681B6AEF
:1059B00003B198472468F7E72046FFF7C0FF074682
:1059C00020B96FF03C052846BDE8F081014620462D
:1059D00000F08FF910220546002104F13A0002F090
:1059E00089FF002384F83830FF6817B9002DC9D02B
:1059F000E9E7786883685B6A03B198473F68F4E732
:105A000084F838600025DEE7F8B504460E4657688E
:105A10001546FFF777FF94F86C30D9074BD4012E69
:105A20004CD0FB799A0605D5A3691B6993F88030A1
:105A30009B0743D5002E41D1E36D53B9626D62B926
:105A4000236F6A685B7C0133DBB25371226F53743E
:105A50000EE09D4235D01B68EFE7954225D12A68BC
:105A6000EBB9A36D62659D4200D1A26500232B6056
:105A7000A96841B12046FFF7E0FC064650B9A86886
:105A8000FFF75EFDB87100232B60A36D83B9C4E9F5
:105A900015550026201DFFF73CFF3046F8BD1A6063
:105AA000A26D954208BFA365E0E713461268C6E7FA
:105AB0001D60A565EDE76FF00F06EBE76FF085065B
:105AC000E8E76FF01506E5E74FF0FF324FF0FF33E0
:105AD0000430F9F733BD08B583681B6B0BB19847E9
:105AE0000346002023B153F8042B0AB1127802B9FF
:105AF00008BD1044F6E710B51C46FFF70CFF48B18F
:105B00000122C06802FA04F320B10269134201D1F4
:105B10000068F9E710BD10B50C46FFF710FF48B15B
:105B20000123C06803FA04F120B10369194201D1CD
:105B30000068F9E710BDD1F81A0083681B6903B14A
:105B400018476FF08500704770B501F07F0311F0C2
:105B5000800F18BF103301259D4090F83030022B84
:105B6000044601D0002070BD90F83860FFF754FB68
:105B7000324601462046FFF7CEFE0028F2D0C0682C
:105B80000028EFD083681D42EDD10068F8E738B5F2
:105B90000C46FFF7D4FE80B1C06870B14368DA6884
:105BA0001AB111790023994201DC0068F5E7156804
:105BB000ED5CA54201D00133F5E738BD2DE9F04198
:105BC00005461E460846002A45D1F5F7DBFB04468C
:105BD000002840D02846FFF777FF95F86C30DA07A9
:105BE00030D4676804F11408BFF35B8F6369BFF3B7
:105BF0005B8FDB0729D47B680BB1AB4225D13246E2
:105C000000212846FFF787FE10B3002323600369B5
:105C1000ABB9C0E90344BFF35B8F58E8003F43F0E2
:105C2000010348E80032002AF7D1BFF35B8F00245C
:105C30007D60281DF9F7F4FC2046BDE8F0811C606A
:105C40000461E8E76FF00F04F3E76FF07704F0E723
:105C50006FF03C04EDE76FF01204EDE72DE9F84337
:105C60004C689DF820900D46984606461746FFF76B
:105C7000D3FAA3681B6B01461BB96FF01500BDE892
:105C8000F883204698470028F7D0041F0C350020E1
:105C900054F8041F09B10B782BB9002814BF002059
:105CA0006FF03C00EBE74B78042B0BD1F8B98B7805
:105CB0004345EDD1CB784B45EAD10B79002BDED0B3
:105CC0000120E5E7052BE3D10028E1D0012F07D023
:105CD000022FF5D18978B0692A4600F0C3F803E0B5
:105CE000B0692A4600F0A2F80028E9D0C7E70020F2
:105CF000C5E7F8B5CC6806460CB9204622E004F1A9
:105D00000C070125E268AAB165F07F03D9B203F060
:105D10007F031033DA40D2070ED4E368EB40DB0791
:105D200005D5B0693A46E9B200F09CF850B90135A2
:105D3000102DE7D12468DFE7B0693A4600F092F809
:105D40000028EAD0F8BD2DE9F3475768002497F8FA
:105D5000058005460E46A1463B79A34203DC0020A0
:105D600002B0BDE8F0875FFA84FA314653464246F6
:105D70002846FFF7C0FE014650B1CDF800905346CB
:105D800001222846FFF76AFF0028E9D10134E3E742
:105D90006FF03C00E4E72DE9F74380460D461746D7
:105DA000FFF7B9FE064628B96FF00104204603B09C
:105DB000BDE8F0830F2DF7D808EB0509014699F8E7
:105DC0003A4000972B4600224046FFF747FF002845
:105DD000EAD100942B46022231464046FFF73EFFAF
:105DE00004460028E2D100972B4601223146404666
:105DF000FFF734FF04460028D8D1706883685B68D9
:105E000013B13A462946984789F83A70CEE711F01F
:105E1000800F18BF21F0800102684FF0010318BF06
:105E200010318B4022EA03030360704737B58B794A
:105E300000938B880C461546CA78897800F0B7FD28
:105E400070B994F90230A1782A68002BB8BF21F00C
:105E500080014FF00103B8BF10318B4013432B601A
:105E600003B030BDF8B506460D46174600F0C8FD34
:105E7000044658B929463846FFF7C9FF2946304637
:105E8000F5F7A6FC044608B9FAF73AFA2046F8BD39
:105E90000A468069802100F095BE2DE9F0410B7E15
:105EA0000C46590605462ED123B3FFF7F4F970BB13
:105EB0002846D5F87080268AEF8DFFF7ADF9F8B146
:105EC000421E534253419B01228A9AB1BE42E98D40
:105ED000324628BF3A4691420CD9B2FBF3F103FB9C
:105EE00011223AB994F91830002BBEBF637E43F0FB
:105EF00008036376A8692146BDE8F04100F0F6BDCD
:105F000098F80730E0E76FF01500BDE8F0814FF03A
:105F1000FF30FAE743689869F5F78EBC70B591F9E0
:105F200018304668002B05460C4607DBC4F81A50AB
:105F3000B0692146BDE8704000F0D8BD3046FFF79B
:105F4000AAF90028F2D04FF0FF3070BD806900F050
:105F50005EBE38B5054680690C4600F06DFD60B93F
:105F600014F0800F18BF24F080046A6B4FF0010317
:105F700018BF1034A34013436B6338BD70B505469A
:105F800080690E4600F082FD044620B9314605F1D5
:105F90003400FFF73CFF204670BD0B0648BF21F0E0
:105FA0008001406B48BF1031C84000F001007047CD
:105FB00082B0C3698DF8001001922BB102AB13E9D6
:105FC000060002B0F5F738BA02B0704782B0C36974
:105FD0008DF8001001922BB102AB13E9060002B05C
:105FE000F5F72ABA02B07047704703695B68D86852
:105FF000704743680361037A63B1012B0CBF02232E
:1060000003234375437A5A1E032A05D8DFE802F0BA
:10601000050505050123F4E700230375837A062BA4
:1060200009D0072B09D0052B0CBF00230323837550
:10603000837EC37570470123F9E70223F7E70369FD
:1060400093F8400030B1DA6B9388918910695B1A3C
:106050009BB2C01A7047036993F838007047036910
:1060600093F8402012B993F8380070470120704728
:106070000369C3E9071270470229036907D004299D
:1060800007D0012907D11B691360002070471B7ED0
:10609000FAE75B7EF8E76FF085007047BFF35B8F30
:1060A0000068BFF35B8F084100F00100704703698F
:1060B0001B69BFF35B8F883353E8001F41F0020177
:1060C00043E80012002AF7D1BFF35B8F704710B589
:1060D0000469606BFDF7DBFB10B1012384F83930F4
:1060E00010BD10B50469606B4289C3889A4202D121
:1060F0004FF0FF3010BD0122FDF7C9FB0028F7D09B
:1061000004F17800F9F7A6FC0020F3E738B504693C
:10611000EFF31185402383F31288BFF36F8FE06B99
:10612000FDF795FB85F31188BFF36F8F10B1012345
:1061300084F8413038BD38B5034640681B695D6856
:10614000AC68A37A84F8223094F82D3084F8233098
:10615000696841B1237C33B9FFF76FF918B96868F2
:10616000FFF7EEF92074002038BD01238B40DB439C
:10617000BFF35B8F50E8002F1A4040E80021002950
:10618000F8D1BFF35B8F7047006902218830FFF7B9
:10619000ECBF006903218830FFF7E7BF08B503694A
:1061A000186900218830FFF7E0FFBDE808400121B1
:1061B000FFF7DBBF0369186901218830FFF7D5BFFE
:1061C0002DE9F04750F8483C00F140045B68064672
:1061D00000212046D3F80090FFF760FF002850D040
:1061E00001212046FFF75AFF0746002849D1BFF397
:1061F0005B8F54E8003F43F0200244E8002100296F
:10620000F7D1BFF35B8F9B063BD4D9F810305B68A6
:106210009B68402293F836104846FFF77BFE054600
:1062200050B920460521FFF7A0FF30462122BDE8E6
:10623000F0470023F9F77EBC8246428A5AF80C1FC9
:1062400056F80C0CFDF723FB804601465046FEF73E
:10625000AAFFB8F1000F04D008F03F08B8FA88F799
:106260007F0906F82D7C29464846FFF757FE40B1C6
:106270002846F4F7E9F920460521BDE8F047FFF785
:1062800074BFBDE8F08740297FB534D00DD8102900
:1062900033D006D801296BD0082930D06FF015040F
:1062A00026E02029FAD1042308E0B1F5807F28D028
:1062B000B1F5007F27D08029F0D1102304699BB26B
:1062C000E18912B30B4342F2A1014FF40032E381A2
:1062D000CDE901120669ADF80C3043681C6806F17F
:1062E000880300211846FFF7D9FE88B96FF00C0427
:1062F000204604B070BD0823E0E70223DEE7012357
:10630000DCE72023DAE74023D8E721EA0303DAE7D2
:1063100001211846FFF7C2FE0028E7D123695B6818
:106320009B680A2293F826102046FFF7F3FD0546E6
:10633000D8B10A2201A90C30FEF73BFF20462946BE
:10634000FFF7ECFD044618B12846F4F77DF9CFE7D6
:106350004FF0FF324FF0FF3306F18C00F9F71AFAD5
:106360000B3008BF6FF08B04C2E76FF00B04BFE780
:106370000024BDE7F8B50D46016947680C69496816
:106380002B7E8968064691F83D102AB3994204D1C4
:10639000042104F18800FFF7E8FE33692A7E5B6878
:1063A0009B6893F836309A4204D1052104F18800A5
:1063B000FFF7DBFE33692A7E5B689B6893F8263023
:1063C0009A4203D104F18C00F9F70AFA29463846BB
:1063D000BDE8F840FFF7BABD994214D12A8AE968AE
:1063E000606BFDF734FA28B1E3691BB104F12400B6
:1063F000F9F730FB04F188000421FFF7B6FE04F141
:106400007800F9F727FB33692A7E5B689B6893F86D
:1064100036309A4215D1E3691BB104F12400F9F733
:1064200019FB052104F18800FFF79FFEE36B5A89F1
:10643000DB889A4205D00022002304F14800F9F7D6
:1064400079FB33692A7E5B689B6893F826309A4211
:10645000BCD104F18C00F9F769F9B7E738B550F809
:10646000083C0446002B4FD050F8243C5B6800F1F8
:1064700064051A6800238382838302212846FFF77C
:106480000DFEB8B154E9023110699847637D1BB124
:1064900004F15400F9F7DEFA05212846FFF7FEFD66
:1064A00098B9637F6BB10022002304F12400F9F74F
:1064B00041FB0AE003212846FFF7F0FD0028E1D167
:1064C000E4E714F8093C002BEDD102212846FFF740
:1064D000E5FD38B123695A89DB889A4202D020460B
:1064E000F9F7B8FA03212846FFF7D8FD60B1A26991
:1064F0009388918912695B1A9BB29A4204D0204614
:10650000BDE83840F9F7A6BA38BD38B550F8783C40
:106510005B681D6800F11003024600211846FFF772
:10652000BDFD002836D001211846FFF7B7FD88BB16
:1065300052F8441C8A8888890969121A92B28A1A08
:106540003F2A27D9BFF35B8F53E8002F42F0100199
:1065500043E800100028F7D1BFF35B8FD30619D4AE
:106560002B695B689B68402293F83D102846FFF733
:10657000D1FC044670B1438A402B28BF402343829C
:1065800001462846FFF7CAFC20B12046BDE8384046
:10659000F4F75AB838BD08B5036903F1880202213F
:1065A0001046FFF77BFD28B1596B4889C988401A0E
:1065B00018BF012083F8380003211046FFF76EFD55
:1065C00040B1DA6B908891891269401A80B2801AC2
:1065D00018BF012083F84000012008BD0069BFF307
:1065E0005B8F00F1880353E8001F41F0080143E886
:1065F0000012002AF7D1BFF35B8FC26B9388918999
:1066000012695B1A9BB29A4202D02430F9F722BA7F
:10661000704738B50469BFF35B8F04F1880555E80E
:10662000003F43F0040345E80032002AF7D1BFF3EE
:106630005B8F636B5A89DB889A4203D004F1240094
:10664000F9F708FA04212846FFF728FD28B904F1D4
:106650007800BDE83840F9F7FDB938BD70B5036979
:106660001C69BFF35B8F04F1880555E8002F42F0E9
:10667000010245E800210029F7D1BFF35B8F022119
:106680002846FFF70BFD10B11846FFF7C2FFE3697C
:106690001BB904F17800F9F7DDF9E36B5A89DB885F
:1066A0009A420AD103212846FFF7F8FC68B104F1A9
:1066B0002400BDE87040F9F7CDB904F1480000228C
:1066C000BDE870400023F9F735BA70BD08B50A4639
:1066D00001460020F4F798FF08BD38B50446807ADB
:1066E000F3F72CFF6169054649B1637ADB0704D4EF
:1066F000C3691B6820469B68984700236361214655
:106700002846BDE8384001F061BD30B50906847CFB
:10671000054614D414F0400016D0298AC3F30A00A9
:10672000C1F30A01884222D802F00300022809D0EE
:1067300003280AD0012811D004F0010004E014F06D
:106740002000E9E7C4F3800030BD14F00200FBD064
:1067500013F4C05F09D0C4F30010F5E714F0080289
:1067600005D013F4C05FEFD0F5E70120ECE700207F
:10677000EAE7BFF35B8FD0F8A000BFF35B8F00F0B8
:1067800001007047BFF35B8FD0F8A000BFF35B8FB1
:10679000C0F34000704701F00F030906026948BFCB
:1067A000103352F823007047007DC0F3001070478B
:1067B000037D61F304130375704708B50269104641
:1067C000FFF7D7FF60B9087E00F00F03000648BF4F
:1067D000103342F82310084601F0E5FC002008BD04
:1067E0006FF00C00FBE700220023F8F769BF01F00F
:1067F000F7BC01F0E0BC407EC0F3C0007047437EB0
:1068000023F00803437670471FB504698DF8041020
:10681000CDE90220D4F8983001A9984704B010BD02
:106820001FB50469034606208DF804002046CDE913
:106830000213FFF79EFF40B1C1F81E20D4F8982044
:1068400001A91846904704B010BD4FF0FF30FAE799
:1068500038B505460C462046FFF7C5FF014600B98E
:1068600038BD6FF070022846FFF7DAFFF3E72DE935
:10687000F84306690746D6F80090D6F840800D46E2
:106880004FF0FF324FF0FF3306F18400F8F756FE69
:106890004046FFF7A8FF014618BB4846FFF7A3FF95
:1068A000044620BB99F8143023F0100389F8143003
:1068B00098F8143023F0100388F8143024BB012218
:1068C00086F8B020EDB12B68C6F8A8306B68C6F822
:1068D000AC3086F8B12038698430BDE8F843F8F769
:1068E0009FBE6FF067023846FFF79AFFD0E7637EDE
:1068F000DB07D7D46FF0670221463846FFF790FFD9
:10690000CBE786F8B150E6E72DB10822294604F11D
:106910000C00FEF74EFC002221463846FFF780FFB0
:10692000D9E72DE9F8430546D0F808908846144683
:106930001F46FFF730FF0646002835D0D9F83C3017
:106940002846984741463B8822463046FFF7DDFE01
:10695000804690B18BB92B6993F88030DB0758BF24
:10696000402204F0030446BF4FF480624FF40071EC
:106970001146022C0DD0032C11D02846D9F84030F6
:106980009847B8F1000F14BF00206FF08500BDE8F4
:10699000F883338A8B4228BF0B463B80EDE7338A6E
:1069A000934228BF1346F8E76FF01200EFE72DE996
:1069B000F3411F464B06D0F8088004460D461646A4
:1069C0001BD0D8F83C3098472069FFF7DBFE88B130
:1069D0009DF82030009329463B4632462046F4F786
:1069E00081FE0546D8F8403020469847284602B038
:1069F000BDE8F0814FF0FF35F4E76FF01505F5E7DE
:106A000070B54B06866804460D4612D0F36B984766
:106A10002069FFF7AEFE48B129462046F4F7ACFEE8
:106A20000546336C20469847284670BD4FF0FF3529
:106A3000F7E76FF01505F7E770B586680546F36B65
:106A40000C4698472869FFF79DFEB0B121462846BD
:106A5000FFF7A1FE014698B1037DDB0710D5437E09
:106A600003F00303012B0ED0F36828469847044631
:106A70002846336C9847204670BD4FF0FF34F7E747
:106A80006FF01204F4E76FF08504F1E7F8B587685A
:106A90000646FB6B0C4698473069FFF773FEE0B182
:106AA00021463046FFF777FE0546C8B1037DDB0778
:106AB00016D5437E03F00303012B14D001463B6936
:106AC00030469847044618B92B7D60F341032B7577
:106AD00030463B6C98472046F8BD4FF0FF34F7E74F
:106AE0006FF01204F4E76FF08504F1E72DE9F0414F
:106AF00086680769F36B05460C4698472869FFF7D7
:106B000041FE98B394F8188028464146FFF743FEAB
:106B1000014670B3037DDA072BD518F07F0F20D123
:106B200097F8B030EBB1637EDB0717D597F8B1303B
:106B300033B1082207F1A80104F10C00FEF739FB7C
:106B4000002287F8B02021462846FFF769FE044658
:106B50002846336C98472046BDE8F0816FF0670205
:106B6000F1E77368224628469847F0E74FF0FF3474
:106B7000EEE76FF01204EBE770B5866805460C4649
:106B8000F36B984721462846FFF705FE48B101F010
:106B900027FBB0FA80F464092846336C98472046F6
:106BA00070BD0124F8E708B503691B6800215A8B02
:106BB000F4F742FE28B1437E23F0070343F00103BC
:106BC000437608BD08B539B903691B685B8B013A88
:106BD0001A44B2FBF3F25A43F4F72EFE28B1437E77
:106BE00023F0070343F00203437608BD08B561B9FB
:106BF00003691B685A8BF4F71FFE28B1437E23F00C
:106C0000070343F00403437608BD0022F3E770B5A1
:106C100086680D46F36B044698472846F3F714FD43
:106C20002046336C9847002070BD70B586680546D5
:106C3000F36B98472869FFF7A5FD044620B1336838
:106C40003BB12846984704462846336C984720466F
:106C500070BD0124F8E7F8B587680669FB6B044648
:106C600098472069FFF785FDD8B12069FFF78AFDB5
:106C7000D0B9FB6A20469847054668B9BFF35B8FD9
:106C800006F1A00353E8001F41F0020143E800129F
:106C9000002AF7D1BFF35B8F20463B6C984728460C
:106CA000F8BD4FF0FF35F7E76FF07705F4E7F8B57B
:106CB00087680669FB6B044698472069FFF762FD09
:106CC000B0B13B6B20469847BFF35B8F054606F19A
:106CD000A00353E8001F21F0020143E80012002A3C
:106CE000F7D1BFF35B8F20463B6C98472846F8BD31
:106CF0006FF07705F7E72DE9F0410546D0F80880F9
:106D0000066914460F4631B32AB3D8F83C30984789
:106D10002869FFF72EFDD8B9C6E926742846D8F8A9
:106D200034309847044660B9BFF35B8FA03656E80D
:106D3000003F43F0010346E80032002AF7D1BFF3D9
:106D40005B8FD8F84030284698472046BDE8F08150
:106D50006FF07704F5E76FF01504F6E7F8B587688C
:106D60000669FB6B044698472069FFF70BFDD0B915
:106D70002069FFF7FEFCC8B1BB6B20469847BFF304
:106D80005B8F054606F1A00353E8001F21F00101C7
:106D900043E80012002AF7D1BFF35B8F20463B6C1B
:106DA00098472846F8BD6FF00F05F7E76FF07705B5
:106DB000F4E74FF08053D3F83021082A05D1D3F8F7
:106DC0003401003818BF0120704700207047C343CA
:106DD000C3F3C01300F00F0000EB03107047FCF783
:106DE00039BE01238B40BFF35B8F50E8002F1A435D
:106DF00040E800210029F8D1BFF35B8F704700699C
:106E00008430F8F70DBC006984304FF0FF324FF04A
:106E1000FF33F8F793BB10B5807A0C46F3F78EFB7F
:106E2000C36921465868BDE8104001F096B8F7B52F
:106E30000D46807A17461E46F3F780FB2C68C3691F
:106E4000033424F0030258682A600421CDE9007657
:106E5000F8F75AFA00B9286003B0F0BD0369C9B267
:106E60000C2202FB0133186C00F00700704770B56C
:106E70000346C9B20069EFF31186402484F31288F7
:106E8000BFF36F8F0C2505FB0104246C14F0C004C4
:106E900001D0A24211D105FB0100012202640020B1
:106EA00086F31188BFF36F8F30B95B680C2202FB49
:106EB00001335B689847002070BD4FF0FF30EFE76B
:106EC0008022FFF7D4BFF8B5069F04690546C9B212
:106ED000EFF3118C402080F31288BFF36F8F0C26E4
:106EE00006FB0146306C00F0070EBEF1010F10D119
:106EF000376400268CF31188BFF36F8F3EB90C20E6
:106F000041430C44C4E90E236B685B5898473046F4
:106F1000F8BD00F0C00087420CBF6FF077064FF05D
:106F2000FF36E7E713B580240094FFF7CCFF02B0EB
:106F300010BD10B40069CBB21C2404FB0300002177
:106F40005DF8044B10471046F8F7F0BB43689868AB
:106F5000704708B501F0C2FB4FF47A72A0FB020340
:106F600002FB0131C00B40EA4140C90B08BD436838
:106F7000186800F094BFF8F753BB2DE9F04F8BB0C1
:106F800045688C461146EA68A888934228BF134694
:106F90001C4602EB0C03B3FBF2F3534304EB0C026D
:106FA00093422A7C38BFA3EB0C0404EBD20A0AF10B
:106FB000070323F0070300AFADEB030D4FF0FF33E2
:106FC00093402CEA03034CFA02FC102A84441FFA73
:106FD0008CF008BF1A12C7F814D008BF8DF8002033
:106FE00038617A690CBF01200020A14613547B69E7
:106FF00001301844224601F056FCFFF7AAFF6B8AC5
:107000001B18FB6041F10003BB604FF0020BFFF760
:10701000A0FF7B6979608046286887F824B0C7E9BB
:10702000073A97F82430826843F0020387F8243047
:10703000936807F11C011E4601223B69B04770B1FD
:10704000FB684345D7E90123934104DB002121205C
:1070500001F064FADBE710EA200938BFA146484690
:107060002C37BD46BDE8F08F2DE9F04F45688DB057
:10707000287C02924FF0FF32AC88824021EA020263
:10708000014121440124102889B204FA00F4A4EB40
:1070900002040191D1B206BF51BAADF814108DF8B7
:1070A00014109C4228BF1C46FFF753FF6E8A33180A
:1070B000039341F100084FF0000B4FF0070AFFF770
:1070C00048FF2B7C05AADB08814628688DF820B094
:1070D000CDE90623029B8DF82CA0CDE909340F469B
:1070E0009DF82C30826843F002038DF82C309368B1
:1070F00006A91E460222019BB04758B1039B4B458F
:1071000078EB070704DB0021212001F007FAD6E71E
:10711000002800DB20460DB0BDE8F08F38B50446EE
:107120004568006900F0C3FF6B692046984720B9A5
:10713000F5F736FF6FF0150038BD0020FCE7436817
:107140005B68D3F810350B600020704743685B68BC
:1071500002EA010021EA0201C3F80805C3F80C1590
:107160000020704743685B680020C3F8081570472B
:1071700043685B680020C3F80C15704743685B6880
:10718000D3F8042521EA02001140C3F80805C3F82A
:107190000C150020704730B50369586800B300240F
:1071A000884219D108688CB99C685860A14200D106
:1071B0009860002008602AB15A680A609A6859608D
:1071C00002B9996000200FE02846E9E7206098683E
:1071D000814208BF9C60ECE705680446002DF3D1AE
:1071E000002AE9D16FF0150030BDF7F7B7B913B534
:1071F0004FF080520829136E526E28BF082112BA30
:1072000000921BBA0C460A466946019301F04BFBFB
:10721000204602B010BD02780B69012A07D0022A6D
:1072200008D052B9DA6403F13C00F8F77FBA6FF086
:107230000D02F7E76FF00A02F4E76FF00402F1E7DE
:1072400038B5044605690122114605F12C0000F00D
:10725000D9FF012205F13C00002100F0D3FF2046B8
:10726000BDE83840F6F71EBA00692C30F8F792BA3C
:1072700000692C30F8F75ABA13B501AA044600F099
:1072800071F8002805DB019B226819791868F6F768
:107290009BFA02B010BD70B54568A86A0368D3F8C0
:1072A0000845D3F80C65F7F79BFB31462046F7F706
:1072B000DDFD00210446E869FFF7DEFFA86A00F063
:1072C000B4FD204670BD10B544680021E069FFF7A9
:1072D000D3FFA06ABDE8104000F0A7BD73B54568B4
:1072E0002868884206D9D31804D24FF47A74A3FBD5
:1072F000040313B16FF0150010E0A2FB0432002A62
:10730000F8D16D680E0105EB011163438A89009283
:10731000496804FB00F2A859EAF706FB02B070BD09
:107320002DE9F341436815461A688A4217D95F6808
:1073300007EB01144FEA0118A66864220023A6FB9C
:107340000501EAF7E9F8A28900920346616857F857
:1073500008003246EAF7E8FA02B0BDE8F0816FF0C3
:107360001500F9E730B543681360057A446804EB0B
:10737000C504A34202D36FF0010030BD5C798C429A
:1073800003F10803F0D10020F7E7704743685B6B17
:107390000020C2E90030704700F150039B009BB20F
:1073A00003F1804303F5883300221A601B6870479D
:1073B00008B5F6F74FFC08BDF9F738BC08B5F1F78A
:1073C00061FDF1F735FEBDE80840F9F72FBC4FF03D
:1073D0008053D3F83021082A03BFD3F83401B0FA20
:1073E00080F040090020704703460020184700F055
:1073F00031BD10B502461168B1B1BFF35B8FB1FA70
:1074000081F3C3F11F000123834021EA030352E803
:10741000004F8C4204D142E8003CBCF1000FF6D191
:10742000BFF35B8FE7D110BD6FF00B00FBE710B52A
:107430000368CB40DB0714D401238B400268BFF301
:107440005B8F43EA020150E8004F944204D140E8C8
:10745000001CBCF1000FF6D1BFF35B8FEED1002012
:1074600010BD6FF01500FBE710B1012802D0704786
:10747000F6F772BFF6F722BF18B1012803D100F06A
:1074800019B800F032B8704708B5F6F733FFBDE819
:107490000840F6F7A1BF4FF08053D3F83021082AF7
:1074A00006D1D3F8340102288CBF00200120704798
:1074B00000207047F6F7C8BE38B54FF0804402236D
:1074C000C4F808330123E3600023C4F80431D4F87E
:1074D000043142F21075D4F81834DB0304D50120CE
:1074E000FFF785FF013DF6D138BDFFF7E5BFF7B5E2
:1074F000019001A8DDE9084716461D46F6F796FFFC
:10750000019BB6F1000C18BF4FF0010C00EB83009B
:107510000B1E18BF0123002D43EA4C030CBF4FF094
:10752000000C4FF00C0C002C43EA0C030CBF4FF086
:10753000000C4FF4E06C002F43EA0C03D0F8002756
:107540000CBF4FF0000C4FF4403C43EA0C0322EA1E
:10755000030301B109780EB13678760019430DB1F5
:107560002D78AD0031430CB12478240229430FB1AA
:107570003F783F040C433C43C0F8004703B0F0BDE4
:107580001FB50DF10F03019300238DF80F10009329
:107590001A461946FFF7ABFF05B05DF804FB10B5BE
:1075A00004460846F6F752FF04EB4004207DC0F382
:1075B000401010BD10B504460846F6F747FF04EB2F
:1075C0004004207DC0F3400010BD10B504460846BD
:1075D000F6F73CFF04EB4004A08A400B10BD70B5E9
:1075E000044608461646F6F731FF08300D4634F8D3
:1075F0001030DA0509D5C3F3432304EBC302314647
:1076000054F83330526828469847A3682BB1E26893
:1076100031462846BDE87040184770BD10B5044695
:107620000846F6F713FF04EB4000838ADA051DD500
:10763000C3F3432123F4F853838204F1120204F1CB
:10764000720032F8023F13F4807F03D0C3F3432368
:1076500099420BD08242F4D104EBC10300225A605C
:1076600004F17800BDE81040FFF7E1BE10BDF0B5B1
:10767000034600F5807400200546012784469542A4
:107680000AD1D3F87C2132B10022C3F87C21D3F88F
:107690007C3140F00040F0BD25F0404607FA06F688
:1076A000314209D0D4F800E0BEF1000F04D0C4F894
:1076B00000C0D4F800E0304301350434DFE738B5CA
:1076C00004460D46FFF76BFFA8B12046FFF772FF97
:1076D00088B92046FFF779FF226801238340C2F86A
:1076E0000833236803EB8000D0F8103523F0030340
:1076F000C0F8103538BD28460021BDE83840FFF7F6
:107700003FBF2DE9F043174685B004460846F6F71B
:107710009DFED7F800800E460546B8F1000F1ED03A
:107720002046FFF747FF18B12046FFF738FF20BB80
:107730000023CDE900338DF80E308DF80F300DF1B8
:107740000F0243460DF10E013046FFF7D0FE04EB69
:107750004502938A23F0020343F0010393827B687E
:107760009BB33146204693F80080D3F80490FFF78E
:1077700021FF28B1B9F1000F1FD06FF0150027E0ED
:1077800004EB4500838A23F4604323F020038382C3
:10779000B9F1000F11D0B8F1030FEED87B68216862
:1077A0005B6893F800C04FEA8C031944B8F1000FEE
:1077B00011D1C1F81085C1F8108504EB4502938AF8
:1077C00023F01C0343EA88039382BB6843BB002079
:1077D00005B0BDE8F083D1F8102522F00302C1F80E
:1077E000102522681344D3F8102522F44F3222F4D6
:1077F0004072C3F810253202D3F8101502F47C52FF
:1078000042EA08420A43C3F8102504EB4C03A3F8EC
:107810007C60838A43EA4C3343F020038382CCE7C5
:10782000D3E9007831462046FFF7F8FE002FCED08E
:1078300063689F4206D004F17800FFF7DAFD002864
:1078400004DAC5E7A3689845F5D1002004EBC0032E
:10785000C3E9017804EB4505C0B2AB8A43EA402393
:1078600043F48073AB82B2E72DE9F043054685B05F
:10787000084616461F46F6F7E9FD0C46804626B335
:107880002846FFF797FE18B92846FFF788FE18BB71
:1078900005EB4809B9F8143003F01C0313B17378F1
:1078A000012B19D001238DF80F300023CDE900639F
:1078B000721CB31C0DF10F012046FFF718FEB9F83A
:1078C000143043F00303A9F81430002F3FD02146B1
:1078D0002846FFF76FFE20B96FF0150005B0BDE830
:1078E000F0833E782B6803EB86030022C3F8102553
:1078F000C3F8102505EB48024FEA860C938A23F45F
:10790000604323F020039382787800B32968BF781E
:1079100061440004D1F8103523F4991323F4F8538B
:10792000C1F81035230200F4403003F47C530343C4
:107930003805D1F8105500F4801003432B43C1F8EB
:107940001035938A43EA463343F0200393820020A4
:10795000C4E7C0E90312704770B504461546FFF747
:107960001EFE48B10846F6F771FD04EB4004002006
:10797000A38A5B0B2B7070BD6FF01500FBE738B569
:1079800090F88C4005469CB960222146143000F0E6
:10799000B1FF2868C0F87C41D0F87C3140F3073053
:1079A000F1F784FF012385F88C30AB67204638BDA2
:1079B0006FF07700FBE790F88C00003818BF0120CB
:1079C0007047F6F77DBD2DE9F34104461746FFF7F2
:1079D000E6FD0D462668F0B12046FFF7EBFD804638
:1079E000C8B92046FFF7F1FD820002F5807346F822
:1079F0000380F35823681344D3F8102542F00102A2
:107A0000C3F8102527B1226801238340C2F804334C
:107A100002B0BDE8F081D6F80433002BA4BF4FF0CC
:107A20000043C6F804332846F6F710FD04EB400483
:107A3000A38AC3F38203042B12D0052B12D001A812
:107A40000195F6F7F3FC019BD0F81015D94001F031
:107A500001010231284602B0BDE8F041FFF790BDB8
:107A60000321F7E70221F5E7FFF729BE00F1804384
:107A70001A68002A1FBF00221A601B68012008BF75
:107A8000002070474FF080434FF46072C3F8042326
:107A900070474FF080434FF46072C3F8082370477B
:107AA00008B5F6F789FEBDE80840FFF7EDBC30B534
:107AB00002240C72CA6004680125C4F800550968E4
:107AC00079B112F0040F14BF92218221150748BF2B
:107AD00041F02001D406046848BF21F08001C4F8B9
:107AE00000139B000168083312F0800006BF0122DA
:107AF000CA50C81830BD30B59508403D0124AC408F
:107B00000C4208D0815831B100218150825813B104
:107B10001A6822431A6030BD13B500230C46019346
:107B20004FF4887201ABFFF7E6FF21464FF48A72EB
:107B3000FFF7E1FF21464FF48E72FFF7DCFF21468D
:107B40004FF48272FFF7D7FF21464FF48472FFF79C
:107B5000D2FF21464FF48672FFF7CDFF4FF48C72AF
:107B60002146FFF7C8FF019802B010BD10B5436869
:107B7000044633B900680221FFF7CEFF08B10123A4
:107B80002373207B023818BF012010BD70B5067B1F
:107B9000044656B9C0E9012319B10B7F0375F6F706
:107BA0006BFE01232373002070BD6FF07700FBE7AD
:107BB00070B40C46014615461A4651F8043B266837
:107BC000C3F82065A688C3F82465A668C3F82865AD
:107BD000E668C3F82C6503682668C3F84065A68884
:107BE000C3F84465A668C3F84865E468C3F84C4523
:107BF000066805F00104234604EB5504C6F8144555
:107C0000D4070CD412F0020403D0002B0CBF0424C0
:107C100008240568C5F8004270BCFFF748BF10246F
:107C2000F7E710B503680022C3F8002203680122B9
:107C300004465A6051B12046FFF798FF0028FAD059
:107C400023680022C3F80025012323732046BDE8E2
:107C50001040FFF78BBFFFF789BF70B5B221044614
:107C60000068FFF759FFC306054607D523695E077D
:107C700004D5636813B1A16801209847A80607D509
:107C80002369190704D5636813B1A16802209847D6
:107C90002A0607D5206910F0100003D163680BB1E4
:107CA000A1689847AB070CD523680022C3F80025CC
:107CB00001232373636823B1A1680320BDE87040EA
:107CC000184770BD91F820200346032A29D8DFE821
:107CD00002F0212519028A68500304D5D3F84C25F7
:107CE0000869904207D18A6852031AD4D3F84C2508
:107CF0008969914215D000200622C3F80005C3F817
:107D000000257047D3F84C2508699042F3D1D3F889
:107D10003C25EDE7D3F84C250969EAE7D3F83C2583
:107D2000FAE70120704730B59508403D0124AC408A
:107D30000C4208D0815831B100218150825813B1D2
:107D40001A6822431A6030BD13B500230C46019314
:107D50004FF4A47201ABFFF7E6FF21464FF48272A5
:107D6000FFF7E1FF21464FF49272FFF7DCFF214657
:107D70004FF4A872FFF7D7FF21464FF4A672FFF722
:107D8000D2FF21464FF4B072FFF7CDFF4FF4AE7231
:107D90002146FFF7C8FF019802B010BD10B44FF0A4
:107DA00080528B68D2F83021CC7B082A04D1B3F101
:107DB000C86F08BF4FF0C46302682CB9D1E9004115
:107DC000C2F80845C2F80C15C2F82435436833B12F
:107DD00000685DF8044B40F30730F1F767BD5DF8CC
:107DE000044B704738B50D4690F826100446C9B9C3
:107DF000C160C0E9012380F8291080F8281065B11E
:107E0000AB7B80F82B302846F6F7A8FD6B7B84F817
:107E10002A3029462046FFF7C1FF012384F8263087
:107E2000002038BD6FF07700FBE703680622C3F837
:107E30000025022380F82630704707B5019001A87D
:107E4000F7F704F8019A01239340C0F8083503B00E
:107E50005DF804FB08B1F2F727BC704710B5436921
:107E600004463BB90020E268537843F001035370A5
:107E7000404210BD98470028F4D00028B8BF4042C7
:107E8000E368FF28A8BFFF201870ECE7C3685B78A1
:107E9000DB0701D4FFF7E2BF6FF07700704740B116
:107EA000C368587810F001001EBF1878B0FA80F04F
:107EB00040097047EFF31183402383F31288BFF327
:107EC0006F8FFEE72DE9F04F89B0DDE9126805926A
:107ED00043460546324606A80F4600F001FCDDE9A0
:107EE0000634CDE90234EFF311844FF0400989F3F1
:107EF0001288BFF36F8F05F10C0A05F1140B059A78
:107F0000149B39462846984730B184F31188BFF353
:107F10006F8F09B0BDE8F08F56EA0806F5D0DDE9AD
:107F2000022306A800F001FCDDE906685246CDE90F
:107F3000006821465846F8F7FBF8EFF3118489F3FF
:107F40001288BFF36F8FDAE710B400F10C04C0E9B8
:107F500003445DF8044BFAF7CCBF38B50446EFF3A1
:107F60001185402383F31288BFF36F8FECF720FF56
:107F700004F10C0000F0C3FA30B1294604F11400FA
:107F8000BDE8384000F0A0BA85F31188BFF36F8FC9
:107F900038BD10B542696AB1836842EA03018907B6
:107FA00008D10169A2FB011424B95B182CBF01217F
:107FB000002102D36FF0150005E0C1609B1A026931
:107FC0008A4201D8002010BDC2681A604269C360AD
:107FD00001319B1AF3E710B5C0E904320023816038
:107FE00083610446FFF7D5FF08B9C4E9004410BD1A
:107FF0002DE9F04105460F46EFF31188402383F346
:108000001288BFF36F8FC668FEB90468A0421CD007
:10801000DCB1D4E9003213605A60237CA66023F0FF
:1080200002032374C4E9006604F1180000F01DFB8C
:108030002046C4F8B460676100F0D2F9414605F10A
:108040000800BDE8F04100F03FBA3E60AB69EF6068
:10805000013BAB6188F31188BFF36F8FBDE8F081FE
:1080600008B54024EFF3118384F31288BFF36F8FB8
:10807000FDF737F8F6E7D0E9003213605A60027C6A
:10808000002322F00202C0E90033027483607047CB
:1080900013B501240094F7F787F902B010BD90F9E9
:1080A0000E308B4201D0F8F765B8002070470346C8
:1080B0000020C3E90200C3E900337047D0E9003271
:1080C00013605A60027C002322F00202C0E90033F0
:1080D0000274836070472DE9F843904604469DF88A
:1080E00020200D46EFF31187402181F31288BFF362
:1080F0006F8F02B14568A66804F10809B14516D032
:10810000AEB13046FFF7DAFF002406F1180000F0A8
:10811000ACFA3046C6F8B440C6F8148000F060F9F6
:108120004846394600F0D0F92046BDE8F883A3B1AF
:108130000820F8F75DFD002832D00122C0F8048045
:108140000260016801F003015DB922680A43026020
:10815000626820606AB960600BE0C8F80030404691
:10816000EFE72A68032A10D80160616839B9C4E9C9
:108170000000002087F31188BFF36F8FD5E70A68EE
:1081800002F0030202430A60E5E722F003020A4319
:1081900002602A6802F0030240EA02032B60E8E76B
:1081A0006FF00B00E6E70023C0E9003300F108039D
:1081B000C0E90233704707B50123009300230A4644
:1081C0001946FFF788FF03B05DF804FB07B50023ED
:1081D0000A4600931946FFF77EFF03B05DF804FBE3
:1081E000EFF31183402282F31288BFF36F8F006890
:1081F00018B10268920718BF406883F31188BFF373
:108200006F8F70473AB18A4205D3C0E90212C0E9C4
:108210000000002070476FF01500704702680123CE
:108220008B4022EA0303036022FA01F000F0010010
:10823000704710B5032104460C30FFF7EFFF30B153
:1082400004F1100000F011FAB0FA80F0400910BDFE
:1082500028B10022114600F5867000F098B97047E9
:1082600073B50446EFF31185402383F31288BFF3FF
:108270006F8F00230193D0E90423B3F1004F08BFAF
:10828000012A05D085F31188BFF36F8F02B070BD4E
:10829000A0F1100603210438FFF7C0FF0028F1D039
:1082A000A369019301A93046F7F782FBEAE738B5E5
:1082B00004460D461022002100F01CFB656038BD0D
:1082C00013B501900846EFF31184402383F312881D
:1082D000BFF36F8F01A9F7F76BFB84F31188BFF32E
:1082E0006F8F02B010BD10B5FFF7EAFF041E08DD66
:1082F000EFF31180402383F31288BFF36F8FF7F7FA
:10830000A5FF204610BD38B5302204460D46002199
:1083100000F0F0FA4FF480736560E36038BDD0E997
:10832000003213605A60027C002322F00202C0E98E
:108330000033027483607047EFF30580003818BF84
:10834000012070477C30704710B500238B4202D16A
:108350001360002010BDC45CAA2CF9D10133F5E7ED
:1083600008B50A46D0E92701FFF7EEFF002008BD57
:10837000D0E9003213605A600023C0E9003370472F
:1083800008B5FFF7F5FF037C23F002030374002315
:10839000836008BD38B504460D46F7F7CFFD237C52
:1083A00043F002032374D5B1A5602B689D4209D127
:1083B0006B68C4E900531C606C6010E06A689A4204
:1083C000F6D01B68002BF3D093F90E1094F90E2011
:1083D0009142F3DD5A68C4E9003214605C6038BD34
:1083E00010B5EFF31184402383F31288BFF36F8F2E
:1083F000F7F764FD84F31188BFF36F8F10BD10B5DC
:10840000EFF31184402282F31288BFF36F8F027C56
:10841000D10604D484F31188BFF36F8F10BD22F00E
:1084200010020274F7F74AFD2046BDE81040F7F746
:10843000BDBD08B5EFF31181402282F31288BFF36E
:108440006F8F83680BB1FFF79BFF81F31188BFF338
:108450006F8F08BD08B5037C13F0280F01460CD1BF
:1084600083680BB1FFF78CFF0B7C23F004030B74C4
:108470000846BDE80840F7F721BD08BD10B5EFF389
:108480001184402383F31288BFF36F8F1838FFF7EE
:10849000E1FF84F31188BFF36F8F10BD08B5034669
:1084A000EFF31181402282F31288BFF36F8F0068CF
:1084B000834207D008B1FFF763FF81F31188BFF350
:1084C0006F8F08BD0020F8E70846F7F76FBD38B595
:1084D00004680546AC424FF0000000D138BD002CC6
:1084E000FCD02046FFF74CFF04F1180000F0BDF867
:1084F0002046F7F7E3FC2C680120A542EDE710B514
:10850000EFF31184402383F31288BFF36F8FFFF7DB
:10851000DEFF84F31188BFF36F8F10BD38B50C46B2
:108520000546F7F72FFFB4F1FF3F08BFB5F1FF3F56
:108530001FBF47F6FF7300224FF47A71E0FB013250
:108540001ABFD80B40EA42404FF0FF3038BD38B573
:108550000446EFF31185402383F31288BFF36F8F36
:10856000037C5B070ED5183000F07FF8237C23F0E6
:10857000040320462374F7F7A1FC2846BDE83840E1
:10858000F7F714BD85F31188BFF36F8F38BD38B589
:10859000EFF31185402383F31288BFF36F8F0468D4
:1085A000A04213D0A4B1C4F8B41062612046FFF712
:1085B000E7FE04F1180000F058F82046F7F77EFCBB
:1085C000012085F31188BFF36F8F38BD0020F8E7D5
:1085D0002046F6E72DE9F04706460F4691469A46B3
:1085E000EFF31188402383F31288BFF36F8F006885
:1085F000864206D028B17368984214BF05680025EA
:1086000068B90024B9F1000F02D051462046C8478E
:1086100088F31188BFF36F8F2046BDE8F08751467D
:10862000B84704460028EDD135B17368AB4200D09D
:108630002C6828462546E3E72C46FAE708B50246AB
:10864000F8F772F870B1D0E904319B1A61EBE2726D
:10865000B3F1004F72F1000104DA002AACBF1846F2
:10866000002008BD6FF00040FBE738B50246EFF38D
:108670001185402383F31288BFF36F8F0368D3B152
:10868000F8F752F804461046F8F760F800224FF069
:1086900000438442C0E9042305D0002085F31188FB
:1086A000BFF36F8F38BDF8F747F8FFF7C7FF00211A
:1086B000F5F734FCF1E7D0E90413B3F1004F08BF3C
:1086C000012902BF00204FF00041C2E904016FF010
:1086D0001500E3E708B5F8F73DF908BDF8F73AB932
:1086E000B3F1FF3F08BFB2F1FF3F70B506461D462C
:1086F000144614D01A4316D0002B08DBF8F72AF9D9
:10870000041941EB0501C6E90041304670BD6FF028
:1087100001031C1B4FF0FF3363EB0501F3E74FF040
:10872000FF342146EFE70024FBE7B3F1FF3F08BF2A
:10873000B2F1FF3FF8B5074616461C4610D054EA82
:10874000020311D0F8F706F9B0420A46A1410346E8
:108750000AD2F31A64EB0204C7E900343846F8BDC4
:108760004FF0FF331C46F7E70023FBE70023C0E987
:10877000081200F11802C0E90622C0E900330363C1
:10878000436370472DE9F3470446DDE90A9815462F
:108790000E4659B302F0010AF7F730FE0746EFF331
:1087A0001181402383F31288BFF36F8FA80744BF62
:1087B0000023A360A36803EA0600BAF1000F0CD0FF
:1087C00086420CD16A0744BF8343A36081F31188BA
:1087D000BFF36F8F02B0BDE8F0870028F2D159EAED
:1087E000080305D181F31188BFF36F8F0020F1E7F3
:1087F000C7E918652246CDE9009804F10C00F7F7A7
:1088000097FC0028F2D1386EE4E710B50446D0E9B1
:1088100018020B6812F0010F03EA000301D098421E
:1088200010D17BB12366520742BF4A681A434A609F
:1088300004F11800FFF719FF0023C4F8B4302046F4
:10884000FFF708FE002010BD0023C0E90000836090
:1088500070470A46F8F784B90A460021F8F780B94C
:108860005200FFF78FBF043270B504460ED2EFF30B
:108870001185402686F31288BFF36F8F41F0040103
:10888000984785F31188BFF36F8F08B9002070BD3A
:1088900040F8044BFBE720B1011F50F8040CFFF730
:1088A0005CBB704770470A44914200F1FF3300D12E
:1088B000704710B511F8014B03F8014F9142F9D1FF
:1088C00010BD884210B501EB020402D98442234650
:1088D00007D8431EA14207D011F8012B03F8012F3E
:1088E000F8E70244824200D110BD13F8011D02F8DE
:1088F000011DF7E702440346934200D1704703F895
:10890000011BF9E70A220021F8F798BD10B50139DB
:108910000244904201D1002005E0037811F8014F94
:10892000A34201D0181B10BD0130F2E7C9B20346C3
:10893000184613F8012B12B18A42F9D17047002969
:1089400018BF0020704710B56AB10139841810F8BB
:10895000012B11F8013F9A4203D1A04201D0002A15
:10896000F5D1D01A10BD1046FCE710B50139034609
:1089700032B111F8014F03F8014B013A002CF7D145
:108980001A440021934200D110BD03F8011BF9E7FE
:1089900010B5024601448A42134603D01C780132C6
:1089A000002CF8D1181A10BD0A7870B56AB970BDDC
:1089B0009A4209D10C46054614F8013F002BF6D027
:1089C00015F8016F9E42F7D001300378002BEFD1EC
:1089D0001846ECE72DE9F843C3F137090746884606
:1089E0005FFA89F903F01F051646384641462A46C4
:1089F0000023E8F791FDD4B2092C3A4688BF4C44D5
:108A0000434688BFE4B2AA424FF0000204F13004AA
:108A1000934106F8014B07468846E6D23046BDE84A
:108A2000F8832DE9F041B0FA80F68E1B0029074645
:108A30000C4606F1070648DB0846F9F7FDFD06443B
:108A40002046F9F7FFFD351B2A1A3D3221463846EC
:108A500000F052F9B44236DC1F2D64DC4FF0FF33D6
:108A6000AB4027EA0303B3FA83F35B091D46B0FA70
:108A700080F3F31A9E33FE2B59DC002B23EAE371BB
:108A8000CCBF0B4601239B1BA3F1970420FA04F2F1
:108A9000963B12F0010220FA03F309D04FF0FF32A7
:108AA000A24030EA020240D1002D3ED003F0010284
:108AB0001344C3F3160303B9114443EAC15300EE50
:108AC000103ABDE8F0810123D0E74D422846F9F77E
:108AD000B9FD361A2846F9F7B5FDA6EB040808EBF0
:108AE00000023C322946384600F0F3F8B44213DC69
:108AF000B8F11F0F17DC4FF0FF3303FA08F337EA22
:108B0000030310D10521B7FBF1F202EB8204A74267
:108B100004D101331746F6E70023F3E79D428CBFEB
:108B200000230123A2E70023A0E70122C0E74FF0C2
:108B3000FF43C4E72DE9F04F89B00518029304AB59
:108B400041EB0104009390462846D2E900232146D8
:108B500000F0E2F806AB009307468946D8E9022305
:108B60002846214600F0D8F8DDE90423841851EBAB
:108B70000306069BD8E900124FF0000528BF012527
:108B8000ED18079B43F10003791849EB0202B94243
:108B900072EB0902D8E9022134BF01200020A2189B
:108BA00046EB01018018029A41F10001A042A2F1B6
:108BB000410A71EB060234BF012200225219CDE9AD
:108BC0000653CDF800A043F1000300F0BCF8129B5F
:108BD000C3E90001D8E90221039114990129DDE9D3
:108BE0000653D8E900E027D10399CDF800A0A21AD6
:108BF00066EB0101774579EB000034BF01200020CE
:108C0000101A61F10001844276EB010234BF0122A7
:108C10000022AA1A63F1000300F095F8139BC3E940
:108C20000001DDE90623CDF800A02046314600F022
:108C30008AF809B0BDE8F08F17EB070B49EB090C78
:108C400014EB040846EB0601BB457CEB090934BF75
:108C50000127002718EB070741F10008F3457CEBDB
:108C6000000C34BF01200020381A68F10001801A7E
:108C7000039A61EB02016D195B41A74278EB060292
:108C800034BF01220022AD1843F10003874278EB84
:108C9000010834BF01220022AA1A029DA5F1400555
:108CA0000095B7E710B50299A3FB0043A2FB002093
:108CB000001943F100033F29DBBFA1F12002C1F1FC
:108CC000400140398B40D6BFD04023FA01F0184311
:108CD00010BD30B587B00446084602A91546F9F71D
:108CE0004DFD049B00955A1C059B204643F1000353
:108CF000FFF7D8FF07B030BD30B587B01546044642
:108D0000084602A9F9F7C6FCDDE9042300952046D0
:108D1000FFF7C8FF07B030BDF0B500240D4606468A
:108D20009446A0FB02012246E5FB0C12A446E3FB9D
:108D3000061CE5FB032412EB0C02059F44F1000422
:108D4000C7E90024F0BDF0B5059CC4F14007C4F1AB
:108D5000200602FA06F6A4F12005BB4022FA05F52A
:108D60003343C4F120062B4301FA06F6A4F1200593
:108D7000E04021FA05F53043BA402843E140104372
:108D80001943F0BD10EE103A23F00040B0F1FF4F50
:108D900094BF0020012070472DE9F0410446CE0F1A
:108DA000C1F30A55C1F3130154EA0107167140F2E9
:108DB000FF706AD1002D70D12C462946002B15601A
:108DC0005FDB0C2B5FDCC3F10D05AD00012005F16D
:108DD000FF3CA5F12107C5F1210620FA06F600FAAD
:108DE00007F700FA0CF03743061847EB0708D6F1EF
:108DF000000E68EB480C013E48F1FF38264008EAB7
:108E00000108B04277EB08080FDBC5F12008B5F187
:108E1000200601FA08F824FA05F545EA08055CBFC2
:108E200041FA06F63543ED0703D52018044641EB19
:108E3000070104EA0E0401EA0C019DF818601846C7
:108E40000D250532C6F1270604F00F03240944EA74
:108E50000174091163B9A8420DDA013DF4D21AE098
:108E60001DB90125A5F2FF35A8E741F48011F9E706
:108E7000092BC8BF9B193033A8425355B8BF2846A9
:108E8000EBE70023D9E70D23D7E78542E8D146F089
:108E9000080616710020BDE8F0818542E5D146F054
:108EA0000406F6E7D1E9043293421EBF5A1C0A6158
:048EB000187070477F
:088EB400CC86FE7F01000000E6
:108EBC0099A6000000000000000000006C8F01006B
:108ECC00C9F200000000000025F3000000000000C3
:108EDC0000000000AC8F0100000000008C8F01002E
:108EEC00B97301000000000000000000CC8F0100ED
:108EFC0051CF000000000000C9DD000000000000A0
:108F0C00055D000000000000CD9F00000000000087
:108F1C00BD73010000000000010C01000000000006
:108F2C00000000002C900100000000000C900100DB
:108F3C0000000000EC8F0100000000004C900100CC
:108F4C00000000006C900100E574000000000000BF
:108F5C00B1B2000000000000698E000000000000AB
:108F6C0070D2010014A401000C93010088060020AB
:108F7C00E4B90020B1CC00000000000008A40100FE
:108F8C008AD3010064A40100AC9201008C0600207D
:108F9C005CBA0020E1D200000000000058A40100DF
:108FAC009ED3010084A40100AC9201008E06002027
:108FBC0068BA0020E1D200000000000078A4010093
:108FCC0006D001002CA30100289301008406002088
:108FDC00C0000020BDB500000000000020A301006F
:108FEC003ED20100E4A30100A0A3010086060020EC
:108FFC003404002085BD00000000000090A3010097
:10900C0081D40100E8040020D092010090060020D9
:10901C0074BA0020417201000000000098A4010005
:10902C00C2D5010010A50100049301009406002094
:10903C001805002001D900000000000004A5010063
:10904C006DD3010038A40100A09201008A06002013
:10905C0048BA00201D710100000000002CA4010082
:10906C005ED50100CCA40100E8920100920600201C
:10907C000000000019D7000000000000C0A401008F
:10908C00A17A0100E973010000000000C950010041
:10909C0000000000C950010074BA0020E1EC00008F
:1090AC0000000000C950010000000000C950010080
:1090BC0008030020EB71010000000000C950010002
:1090CC0000000000C950010000000000C950010060
:1090DC0000000000C950010000000000C950010050
:1090EC0000000000C950010000000000C950010040
:1090FC0000000000C950010000000000C950010030
:10910C0000000000C95001000000000059DE000002
:10911C0000000000C950010000000000C95001000F
:10912C0000000000C950010000000000C9500100FF
:10913C0000000000C950010000000000C9500100EF
:10914C0000000000C950010000000000C9500100DF
:10915C0000000000B12C000000000000C95001000C
:10916C00180500205B7C010000000000C9500100C4
:10917C0000000000C950010000000000C9500100AF
:10918C0000000000C950010000000000C95001009F
:10919C0000000000C950010000000000C95001008F
:1091AC0000000000C950010000000000C95001007F
:1091BC0000000000C950010041C50000E973010026
:1091CC0000000000C950010000000000C95001005F
:1091DC0000000000C950010000000000C95001004F
:1091EC0000000000C950010000000000C95001003F
:1091FC0000000000C950010000000000C95001002F
:10921000D80B002000DD00200004000061440000A5
:109220000000000000000000000000000E00000030
:1092300000000000FDAB0100000000000000000085
:10924000D80A002080D4002000080000E54100007A
:109250000000000000000000000000000600000008
:1092600000000000D0AB0100000000000000000082
:10927000D809002000CC0020000800007940000040
:1092800000000000000000000000000002000000DC
:1092900000000000BEAB0100000000000000000064
:0C92A000C1CF000059D000004D6F01004C
:1092AC0011D100003F7101004D7101006571010089
:1092BC00717101007D7101001DD3000097710100D7
:0492CC00000000009E
:1092D000EDD500000000000041D4000000000000B7
:0892E00000000000977201007C
:1092E800000000000000000021730100DD72010091
:0C92F8000000000000000000000000006A
:08930400E5D900008D730100A2
:10930C0009CD0000C16E0100256F010000000000B6
:0C931C005D6E0100000000000000000079
:10932800E360010049B50000000000000D61010084
:10933800CF600100DD650100936101003F6001001D
:1093480013660100896101000000000057600100F8
:1093580000000000000000005F6001009765010048
:0C93680071600100876201007960010063
:10937400F5A701000300000012B60100030000007D
:1093840091D2010003000000A8AA0100030000001C
:109394002AA80100030000007ED30100030000009E
:1093A400B2D301000300000093D4010003000000C5
:1093B40066D501000300000061D501000300000030
:1093C4005FB601000300000063B601000300000063
:1093D400C6B40100030000008CCF010003000000AC
:1093E400EBCF010003000000F3CF010003000000F5
:1093F40060D2010003000000B2D6010003000000A7
:1094040067B50100030000006CAA0100030000001E
:10941400A8A7010003000000E1AB01000300000065
:10942400D4D5010003000000FEA9010003000000E0
:10943400ABC1010003000000B1C101000300000042
:1094440002D00100030000004CB60100030000003C
:10945400CDD001000300000058D201000300000039
:08946400FDAA01000300000055
:10946C00E49F0100C0B10020C5C101000000000054
:10947C00BCC10100D0020020CCAE0020C0020020F4
:10948C0002000000689F0100C8AE00207C9F010014
:10949C0034070020B1C101002812002000E5002093
:1094AC0050A00100C09E0100609E0100149F0100AD
:1094BC00D09F010028A001000C9E0100789B0100A8
:1094CC0064A0010014A0010000A001003CA0010058
:1094DC000000000000000000000000000000000080
:1094EC000000000078B701007FB701000000000009
:1094FC00C56800000000000072B901007CB90100D1
:10950C000000000049690000030000009BB9010045
:10951C00A2B90100209E0100873B01000000000061
:10952C00AEB70100B4B7010000000000E168000014
:10953C0002000000CEB90100D5B901007C950100F4
:10954C0000000000000000003AB8010041B8010022
:10955C0000000000411800000101000097B8010054
:10956C009FB80100000000003169000000000000FD
:10957C0000000000000000000000000000000000DF
:10958C00000000009FBC0100A4BC01000000000012
:10959C00896C000002000000C4BA0100C9BA0100C5
:1095AC0000000000ED690000000000003EBC01005E
:1095BC0045BC010000000000256C0000020000000A
:1095CC006ABB010071BB010000000000F56A0000DD
:1095DC00000000004FD10100E3BB010000000000BF
:1095EC00C16B000002000000000000000000000041
:0C95FC0000000000000000000000000063
:08960800ED6C00000D6D000087
:10961000FFFFFFFFFFFFFF7FFFC99A3B0000000035
:10962000FFFFFFFFFFFF0000CA529A3B000000004F
:109630001B5B4A00001B5B4800001B5B324A0000BA
:109640001B5B4A00001B5B6D00001B3700001B38D2
:1096500000001B5B3F336C00001B5B4800001B5B82
:10966000324A00001B3700001B38000000000000D9
:109670000338FDD870470000010000000000000022
:1096800005000000000000001900000000000000BC
:109690007D000000000000007102000000000000DA
:1096A000350C000000000000093D00000000000033
:1096B0002D31010000000000E1F505000000000070
:1096C00065CD1D0000000000F902950000000000BB
:1096D000DD0EE90200000000514A8D0E000000007E
:1096E0009573C24800000000E941CC6B0100000006
:1096F0008D49FD1A07000000C16FF28623000000AB
:10970000C52EBCA2B1000000D9E9AC2D7803000041
:109710003D9160E45811000031D6E275BC5600005E
:10972000F52E6E4DAEB10100C9EA268367780800B8
:10973000ED95C28F055A2A00A1EDCCCE1BC2D300F5
:1097400025A4000A8BCA22040000000000000000CB
:1097500000000000000000100000000000000000F9
:10976000B9340332B7F4AD1410DB1AB30892540EB7
:109770000D307D951447BA1A66088F4D26ADC66D1B
:10978000F598BF85E2B74511CA96853D92BD1DEBA0
:10979000FCA11860DCEF52163C92AE220BB8C1B4AB
:1097A000839D2D5B0562DA1C304C7E8F4E8BB25B45
:1097B00016F4529F8B56A512FBD4827643ED8AF0A5
:1097C0008FE7F9311565191850F19BD94A13EEB49A
:1097D000284CF0A686C1251F035FC270CB9E491698
:1097E000E642889C44EB2014B0650836AD6EA58532
:1097F00085F0CA14E2FD031A0B899979D5B13D09A8
:10980000D8DA973A35EBCF10AC363F5E73BB38CF22
:109810003E6752FA44AFBA15010000000000000094
:109820000000000000000020345065C05FC9A6524F
:10983000BB13CBAEC440C21806C8DF7100D5A87CEC
:10984000F56F0FDA58FC27136E4756357D242065D7
:1098500002C7E768E48CA41DE9E60268D7CD396148
:109860007977FCC2405BEF16798CDE43FFA751F994
:1098700091F3B278F5BDBE11E857E9D6E8BEE87BB2
:10988000B054AC8F848D751BEA23A499E9F9D38B6E
:10989000B7A3714061DA3E15CEE33ECB73F94808B9
:1098A0008C97B427D51B7010A2BFEFB9EB8532158A
:1098B0004DB44DB49BBB6F1996B6076CF8E7EEAD8F
:1098C00036D9B4F59135AE13222218AF4E6A684DE1
:1098D00091DAAA3D4F40741E9FBD9EE006A1C0983C
:1098E00057C2A7FDA40E90170E7D497173E3208F18
:1098F000B220D87605143B12853D7434811343B0F1
:10990000AD297A5F27F4351C8C8F01000900000017
:10991000AC8F01000A000000AC8F01000B000000BA
:10992000AC8F01000C000000AC8F01000D000000A6
:10993000AC8F01000E000000AC8F01000F00000092
:10994000AC8F010010000000AC8F0100110000007E
:10995000AC8F010000000000AC8F0100010000008E
:10996000AC8F01001A000000AC8F01001B0000004A
:10997000AC8F010014000000AC8F01001500000046
:10998000AC8F010016000000AC8F01001700000032
:109990008C8F010004000100AC8F01000700010062
:1099A000AC8F0100060001008C8F01000D0000004B
:1099B000AC8F010008000000AC8F0100090000001E
:1099C0007BF48044CD4CCB4266662241D7A3703FE6
:1099D000C520303D0000803F0000803F0000803FF8
:1099E0000000803F0000803F0000000000000000F9
:1099F0000000000000000000000000000000000067
:109A00000000000000000000000000000000000056
:109A10000000000000000000000000000000000046
:109A2000000000000000803F0000803F0000803FF9
:109A30000000803F0000803F0000803F0000803F2A
:109A40000000803F0000803F0000803FB80B000016
:109A50000100800008000000030000000000E14455
:109A60000000803F010000000700000000001643D6
:109A70000000803F02000000030000000000E144FD
:109A80000000A04003000000030000000000E144CB
:109A90000000A04004000000030000000000E144BA
:109AA0000000A04005000000030000000000E144A9
:109AB0000000A04007000000030000000000E14497
:109AC0000000803F00000000512B0100F93B000026
:109AD0004D3C0000452B010000000000000000008C
:109AE000000000003F2B0100712B0100412B010001
:109AF00000000000392B0100D20500200300000007
:109B000000000000172B0100A13D0000193C0000DF
:109B1000A13C000000000000000000000000000068
:109B2000553D0000D72B01001F2B01000000000055
:109B3000192B0100ABB1010000000000B0B1010021
:109B400001000000B4B101000200000038C80100AB
:109B50000300000082B30100FF000000B7B1010064
:109B6000BBB10100C0B10100C5B10100C9B1010024
:109B7000CDB10100D2B1010001AB0100D6B10100AD
:109B80008C9B01000000000000000000909B010081
:109B9000ECB10100F3B1010000000000DD4B00005A
:109BA0000000000014B2010019B20100409D010044
:109BB00000000000000000006CAA01002EB20100AD
:109BC000C49C010000000000000000003AB2010047
:109BD0003EB20100849C0100000000000000000073
:109BE00060B2010067B201001C9C0100000000008F
:109BF00000000000A8AA010078B2010000000000E7
:109C000039450000000000000000000000000000D6
:109C1000000000000000000000000000209C010087
:109C200093B201009BB20100000000001147000048
:109C300001010000C1B20100C6B201000000000035
:109C40008D46000001020000F9B2010002B30100DC
:109C500000000000B9450000010300004BB3010003
:109C600051B3010000000000252C0100000000009D
:109C700000000000000000000000000000000000E4
:109C800000000000889C010068B301006DB3010072
:109C900000000000254800000200000086B301001B
:109CA0008EB30100000000005547000001020000D3
:109CB00000000000000000000000000000000000A4
:109CC00000000000C89C010063C70100D1B301007F
:109CD000000000009549000002000000C6A9010034
:109CE000E4B3010000000000694900000200000028
:109CF000E6A90100EDB301000000000039490000B1
:109D000002000000CAA90100F5B301000000000034
:109D1000ED4800000200000005B401000DB4010090
:109D2000000000006D48000001010000000000007C
:109D30000000000000000000000000000000000023
:109D4000449D010007CF010022B401000000000083
:109D5000A54B00000000000045B4010049B401001B
:109D600000000000F54A000001020000E1D10100FE
:109D70006DB4010000000000C14A000003000000B3
:109D80008CB4010091B4010000000000954A00006D
:109D90000000000016A90100AAB4010000000000A4
:109DA0007D4A000000000000CFB40100D6B40100DD
:109DB00000000000E5490000020000000000000073
:109DC0000000000000000000000000000000000093
:109DD000E80D00200001000033390100D5380100F2
:109DE00002000000000000002BB7010033B70100A3
:109DF0000000000000000000000000003BB7010070
:109E00003FB7010043B7010047B701004BB701005E
:109E100052B70100DC9401000000000000000000C7
:109E2000249E0100AAB90100AFB9010000000000A2
:109E3000873B010000000000BCB90100C1B901006E
:109E4000000000008F3B0100000000000000000047
:109E50000000000000000000000000000000000002
:109E6000A6BD010080BD0100749E0100000000003D
:109E700000000000789E0100C4BA0100B49E0100F9
:109E800008960100916D00000101000000D1010061
:109E900090BD01000C9601002D6D00000200000035
:109EA00000000000000000000000000000000000B2
:109EB00000000000C40BD286ADBD0100DEBD010074
:109EC0009BBE0100A0BE0100D49E01000000000066
:109ED00000000000D89E0100E1D10100AEBE0100EB
:109EE00000000000196F000000000000BEBE01006D
:109EF000C2BE010000000000417000000000000030
:109F00000000000000000000000000000000000051
:109F10000000000049C0010050C00100289F01005E
:109F200085700000020200002C9F010012C1010098
:109F300017C10100000000003D7100000502000093
:109F400068B301004FC10100000000001D74000053
:109F500002010000000000000000000000000000FE
:109F600000000000000000008DCB00201E0000005B
:109F7000814801007C940100B80200206C9401002B
:109F8000A89F0100ACB1002064000000949F010074
:109F900074B10020281300208000000000000000A1
:109FA000A33B010002000000A34B0100B4B100205C
:109FB0008DCB00201E000000157500008B3C0100B9
:109FC000D73B0100253C0100E93B010000000000F7
:109FD000D9C4010090C40100000000007D8200008F
:109FE000010000005B4A0100234A0100F74B010019
:109FF0000000000000000000000000000000000061
:10A000008AC5010091C5010000000000418B0000DD
:10A0100001000000BBC50100C2C5010078A001001D
:10A02000E18B00000101000067C601006FC601005E
:10A0300000000000018B00000100000080C601004C
:10A0400086C60100A4A0010000000000000000007E
:10A05000ACC60100B2C6010000000000AD8B0000DC
:10A0600001000000C0C60100C4C6010000000000DD
:10A07000D34D0100000000007CA00100E7C60100F4
:10A08000EFC60100000000006D8A00000100000022
:10A0900000000000000000000000000000000000C0
:10A0A00000000000A8A0010033C701003CC7010068
:10A0B00000000000AD8A00000100000059C7010047
:10A0C00068C7010048A10100000000000000000076
:10A0D00018C801001FC8010088A20100000000008C
:10A0E0000000000036C801003CC8010048A2010081
:10A0F000000000000000000053C801005AC8010021
:10A1000008A20100000000000000000069C8010072
:10A110006EC80100C8A101005D8B000001010000B4
:10A1200081C8010087C8010088A10100000000006B
:10A13000000000000000000000000000000000001F
:10A1400000000000000000004CA1010099C80100BF
:10A15000A3C8010000000000274E0100010000001C
:10A16000DBC80100E2C8010000000000AF4E0100A2
:10A1700001000000000000000000000000000000DE
:10A1800000000000000000008CA101004BB30100A2
:10A1900019C9010000000000D74D010001000000B6
:10A1A00047C901004CC9010000000000998A000065
:10A1B000010000000000000000000000000000009E
:10A1C0000000000000000000CCA1010082B30100EB
:10A1D00078C90100000000008D4E01000100000060
:10A1E0009CB80100B7C9010000000000054E010045
:10A1F000010000000000000000000000000000005E
:10A2000000000000000000000CA2010082B3010069
:10A21000CAC9010000000000F18A0000010000002E
:10A220009CB80100DAC9010000000000F94D0100EE
:10A23000010000000000000000000000000000001D
:10A2400000000000000000004CA2010082B30100E9
:10A25000E9C90100000000006B4E01000100000090
:10A260009CB8010001CA010000000000F34E01008B
:10A2700001000000000000000000000000000000DD
:10A2800000000000000000008CA2010082B3010069
:10A2900018CA010000000000494E01000100000042
:10A2A0009CB8010030CA010000000000D14E01003E
:10A2B000010000000000000000000000000000009D
:10A2C0000000000000000000000000009B500100A2
:10A2D000F0020020E8020020E00200200000000060
:10A2E000D80200209D8F0000918E0000E58E0000B6
:10A2F000458F0000000000200000000000000B0659
:10A300000200000008A3010000000000DCCF0100F3
:10A310002600020600000020E4CF010022000B11FD
:10A3200024A301000100000006D00100C0030020AA
:10A33000000000003F060020D403002000000000C1
:10A34000000000006410B71DC8206E3BAC30D92659
:10A350009041DC76F4516B6B5861B24D3C71055005
:10A360002083B8ED44930FF0E8A3D6D68CB361CB2D
:10A37000B0C2649BD4D2D38678E20AA01CF2BDBDE1
:10A38000F0A3010080070020000000000000000092
:10A3900094A3010002000000F8AA01004CD20100C1
:10A3A0000000000021BF000041BD000009BB00000B
:10A3B00049BF000000000000A9BA000069BF00000A
:10A3C000F1C9000021BD00000000000069CA0000C2
:10A3D000F5C300002DBC000001BC0000076E0100A9
:10A3E000FF6D0100000000000000000095BC0000AF
:10A3F0002F6E010000000000176E01006DCC000000
:10A400003DCC0000000000000CA401000100000091
:10A410007FD2010005CE000085CD000085D201006D
:10A4200061CD000039CD00008BD2010030A40100C5
:10A430000100000077D301000C90010050000000E3
:10A440000008000020000000100005006F6F0100F0
:10A45000697001007B6F01005CA401000100000035
:10A4600098D30100FFFF0000000300500803002004
:10A4700000000000010000007CA4010001000000B9
:10A48000ACD30100FFFFF3FF0000005008030020E1
:10A4900000000000000000009CA40100010000007A
:10A4A0008ED4010000300040B0A401000100000083
:10A4B000B8A40100020000001800000C1900000BF5
:10A4C000C4A40100010000005ED5010003000000EB
:10A4D000D4A401002C9001000000000000093D0000
:10A4E000000000002C9001000100000000093D0068
:10A4F000000000002C9001000200000000093D0057
:10A500000000000008A5010001000000CFD50100F7
:10A51000000000000000000000000000000000003B
:10A520000000000000040000E80302010101000037
:10A5300062BB0020040000000000000000000000DA
:10A5400048A501000024F40000C0014054A501000A
:10A55000010000005CA501000300000025000016BA
:10A560002600001727000018080000000300000064
:10A5700063D6010071D6010085D6010094D6010092
:10A58000A0D60100BC8E0100BC8E0100048F01002A
:10A590000C8F0100648F01006C8F0100B5D60100A3
:10A5A00001000500DFD6010002000700BBD6010054
:10A5B00004000800C4D6010008000400C9D6010048
:10A5C00010000900D3D6010020000800DCD60100ED
:10A5D00040000A00E7D6010080000600EED6010028
:10A5E0000001000000000000FF8FFFFFFF8FFFFF52
:10A5F000FE8FFFFFFE8FFFFFFD8FFFFFFC8FFFFF32
:10A60000FC8FFFFF6D757465785F6672656520630A
:10A61000616C6C65642077697468204E554C4C20E1
:10A62000706172616D6574657200000043616E2730
:10A630007420696E697469616C697A65206D7574DE
:10A6400065782C20776173204E554C4C0D0A000024
:10A65000436F756C64206E6F74206C6F636B207039
:10A660006F7765722073617665206D75746578000B
:10A6700000000000000000000000000000000000DA
:10A680000000004095596959555554551555555672
:10A69000040515411054554045515544404550441A
:10A6A0005055554500400040400444966555565568
:10A6B00045404554514115405591555555554051CA
:10A6C000050100005445545445550504001004107C
:10A6D0001404400000000140555515415404000089
:10A6E0004400010000000040410000445044455037
:10A6F000540055555455655100400040010000017B
:10A700000005010011545151545555050015415093
:10A710000000044010010405000000000904616D00
:10A720007065726500756E63616C696272617465F3
:10A730006400506F7765722050726F66696C657245
:10A74000204B6974204949206F6E2025730070707A
:10A750006B322F6E7266353238343000626F617240
:10A76000645F696F5F696E69743A20256400706F79
:10A770007765725F696E69743A202564007573624B
:10A780005F70706B5F696E69743A20256400726552
:10A790006164793A202573206D6F64652C202575DE
:10A7A000206D562C2025730070706B3200636F6E25
:10A7B00074726F6C206C696E65733A202564006357
:10A7C000616C6962726174696F6E206C6F61647331
:10A7D0003A2025640072616E676520696E70757439
:10A7E000733A202564006C6F67696320706F727420
:10A7F0003A20256400626F6172645F696F004932BC
:10A800004320627573206E6F7420726561647900F5
:10A810007769706572202564207772697465206697
:10A8200061696C65643A2025640064696769706FCA
:10A830007400454550524F4D207772697465206110
:10A8400074202575206661696C65643A2025640072
:10A85000454550524F4D206E6F742072656164798A
:10A8600000454550524F4D20726561642066616914
:10A870006C65643A202564006E6F20757361626CAC
:10A88000652049412077697065722076616C756535
:10A8900020696E20454550524F4D20282575292CA2
:10A8A0002077696C6C207472696D0063616C6962F9
:10A8B000726174696F6E206C6F616465643A2052D6
:10A8C000303D252E32662052343D252E34662076CA
:10A8D00064643D2575206D6F64653D257520696153
:10A8E0003D257520666C61673D25750045455052D4
:10A8F0004F4D20686F6C6473206E6F2075736162BA
:10A900006C652063616C6962726174696F6E2C2082
:10A910007573696E672064656661756C7473004356
:10A92000616C696272617465643A2025750A00522F
:10A9300025643A20252E3230660A00475325643AB2
:10A9400020252E3230660A00474925643A20252EFC
:10A950003230660A004F25643A20252E3230660ACE
:10A96000005644443A2025750A0048573A20257578
:10A970000A006D6F64653A2025750A005547256405
:10A980003A20252E3230660A0049413A2025750AC0
:10A99000005646533A20252E31660A005644495641
:10A9A0003A20252E33660A0053616D706C65526142
:10A9B00074653A2025750A00454E440A0067730005
:10A9C000676900756700766464006961006F666698
:10A9D0007365742063616C6962726174696F6E2063
:10A9E00074696D6564206F75740053414144432060
:10A9F000646964206E6F7420737461727400736193
:10AA00006D706C696E6700736574706F696E742029
:10AA10002575206D56206F7574206F6620726561F4
:10AA2000636820284C444F202564206D56206174B3
:10AA300020636F6465202575290049412070656495
:10AA4000657374616C207472696D6D6564206174E6
:10AA50002025733A207769706572202575006F751F
:10AA60007470757420656E61626C6500706F7765D7
:10AA70007200253034582530385800737472696E6E
:10AA8000672064657363726970746F72733A20250E
:10AA90006400636F6E66696775726174696F6E3AA0
:10AAA0002025640070706B5F6466750070706B5F6A
:10AAB00064617461006364635F61636D5F30006350
:10AAC0006C61737320726567697374726174696F06
:10AAD0006E3A20256400757362645F696E69743A2A
:10AAE00020256400757362645F656E61626C653A0F
:10AAF0002025640070706B5F75736264007573620B
:10AB00005F70706B007265626F6F74696E67206949
:10AB10006E746F20626F6F746C6F61646572006336
:10AB20006F6D6D616E642071756575652066756CFD
:10AB30006C2C2064726F7070656420307825303220
:10AB4000780073746F707065640063616E6E6F740B
:10AB50002073746172742073616D706C696E673AF2
:10AB60002025640073747265616D696E67006D65A0
:10AB700074616461746120646F6573206E6F74200A
:10AB80006669742069747320627566666572006D0B
:10AB9000657461646174612073656E6420666169C7
:10ABA0006C65643A2025640072656A656374656447
:10ABB0002075736572206761696E2025750070725B
:10ABC0006F746F636F6C5F70756D705F7469640034
:10ABD00070726F746F636F6C5F636D645F746964D0
:10ABE0000070726F746F636F6C0050574D204C454E
:10ABF0004473206E6F74207265616479006C6564C3
:10AC0000735F746964007265626F6F74696E672048
:10AC1000696E746F2074686520626F6F746C6F6109
:10AC20006465720A002B006C6174656E6379202084
:10AC300020454E442D3E49535220776F7273742045
:10AC400025752E253032752075733B207065722076
:10AC500075733A00205B256425735D3D257500738F
:10AC600070696E6E696E670069646C650073706907
:10AC70006E0073746F702073747265616D696E67B6
:10AC80002066697273740A00257520732C206E6F1C
:10AC90002055534220747261666669632C204350CC
:10ACA000552025732C20706572696F6420257520EE
:10ACB0007469636B733A20257520454E4420657690
:10ACC000656E74732C2025752049535220656E746F
:10ACD000726965732C20257520454E4473206D697B
:10ACE000737365642028776F7273742067617020B6
:10ACF0002575292C20776F7273742072756E20254C
:10AD000075207469636B730A00302E2E370A007346
:10AD1000747265616D205441435120636F646573A3
:10AD20003A2063757272656E742025752C20766FDB
:10AD30006C7461676520257520286170706C7920BE
:10AD40006174206E657874207374617274290A00CE
:10AD50006469736361726465640073656E74206115
:10AD6000732072616E67652037007377697463685A
:10AD7000696E672073616D706C6573206172652008
:10AD800025730A006368616E6E656C3A20767365A0
:10AD90007C767265667C766C646F7C7662627C76AB
:10ADA000696E7C766475747C6E74630A006D65618F
:10ADB00073757265206661696C65643A2025640A62
:10ADC0000072616E676520257520202573206164FF
:10ADD000632025642028617667206F662025752909
:10ADE00020207664757420252E3166206D560A0069
:10ADF0003130306B207C2031306B207C20316B2057
:10AE00007C20313030207C206F66660A00747269C5
:10AE10006D206661696C65643A2025640A004941C9
:10AE2000207769706572207472696D6D6564207435
:10AE30006F20257520666F722074617267657420BB
:10AE400025642028696E2052414D3B202770706B8D
:10AE5000206D65746120736176652720746F2070A2
:10AE6000657273697374290A0049412077697065B6
:10AE7000722025752028696E2052414D3B20277095
:10AE8000706B206D65746120736176652720746F27
:10AE90002070657273697374290A006E6F7420766E
:10AEA000616C696400777269746500636865636BDF
:10AEB000006261636B75702069732025730A0077E7
:10AEC00072697465207C20636865636B207C2072E6
:10AED0006573746F72650A006F6B0A006465666162
:10AEE000756C7473206C6F616465642028696E20D2
:10AEF00052414D290A0073617665206661696C656F
:10AF0000643A2025640A0073617665640A00756EF0
:10AF10006B6E6F776E206B6579206F722062616453
:10AF20002076616C75650A0025732073657420288E
:10AF3000696E2052414D3B202770706B206D657407
:10AF40006120736176652720746F20706572736964
:10AF50007374290A0072656164206661696C6564B6
:10AF60003A2025640A00253034783A002025303212
:10AF70007800666F726D6174206661696C65640A41
:10AF8000002028726574756E652070656E64696E48
:10AF900067290070726573656E7400616273656E17
:10AFA0007400796573006E6F0072756E6E696E67FE
:10AFB000006D6F646520202020202025730A007614
:10AFC0006464202020202020202575206D562573C4
:10AFD0000A006F75747075742020202025730A0094
:10AFE0006578742075736220202025730A007769C4
:10AFF000706572732020202069613D2575206C6486
:10B000006F3D25752062623D25750A0072616E678D
:10B0100065202020202025750A0063616C6962721A
:10B02000617465642025730A006D6F6E69746F72B8
:10B03000732020766C646F3D252E30662076626228
:10B040003D252E30662076696E3D252E30662076B1
:10B050006475743D252E3066206D560A006D6F6E46
:10B0600069746F72732020756E617661696C6162BC
:10B070006C65207768696C652073747265616D69B1
:10B080006E670A0073747265616D2020202025733D
:10B090002C2025752073616D706C65732C202575CF
:10B0A00020626C6F636B732073656E740A00616459
:10B0B0006320202020202020257520454E44206537
:10B0C00076656E74732028492B56207363616E7306
:10B0D000292C2025752049535220656E74726965AC
:10B0E000732C207461637120493D257520563D25E0
:10B0F000750A0069737220202020202020257520E9
:10B10000454E4473206D69737365642C20776F72AC
:10B1100073742067617020257520454E44732C2080
:10B12000776F7273742072756E2025752074696351
:10B130006B7320283136302F73616D706C65290A6E
:10B140000064726F7070656420202025752073770D
:10B1500069746368696E672073616D706C65732CC8
:10B1600020257520626C6F636B73202872696E678F
:10B17000292C202575207478206661696C757265AC
:10B18000730A00636F6D6D616E64732020257520F6
:10B1900068616E646C65642C20257520756E6B6E1D
:10B1A0006F776E2062797465730A003130306B00FE
:10B1B00031306B00316B0076736500767265660026
:10B1C000766C646F007662620076696E00766475F4
:10B1D00074006E746300506F7765722050726F66F2
:10B1E000696C6572204B69742049490073746174FD
:10B1F00075730053686F772073746174652C2076C3
:10B200006F6C746167657320616E64206D65747224
:10B21000696373006D6574610043616C696272619A
:10B2200074696F6E206D657461646174610053753B
:10B2300070706C7920706174680063616C004361A8
:10B240006C6962726174696F6E206C6F61647320E7
:10B25000616E64206D6561737572656D656E7400F5
:10B2600073616D706C650053616D706C696E672001
:10B270006F7074696F6E73005265626F6F742069CE
:10B280006E746F2074686520626F6F746C6F616498
:10B2900065720064697363617264006469736361F9
:10B2A0007264205B307C315D3A2064726F70207371
:10B2B0007769746368696E672073616D706C65731C
:10B2C00000746163710074616371205B4920302DEB
:10B2D000375D205B5620302D375D3A205341414485
:10B2E00043206163717569736974696F6E2D746948
:10B2F0006D6520636F6465730073656C6674657358
:10B30000740073656C6674657374205B7365636F3A
:10B310006E64735D205B7370696E7C69646C655DDF
:10B32000205B706572696F64207469636B735D3A4A
:10B330002073616D706C6520776974686F75742017
:10B34000555342206F75747075740072657365741F
:10B350000052657365742073616D706C696E67204F
:10B360006D657472696373006C6F6164006C6F610A
:10B3700064203130306B7C31306B7C316B7C313010
:10B38000307C6F6666006D656173757265006D6512
:10B390006173757265205B636F756E745D205B769B
:10B3A00073657C767265667C766C646F7C766262AF
:10B3B0007C76696E7C766475747C6E74635D3A200D
:10B3C00061766572616765642072617720414443EC
:10B3D000006D6F646520616D706572657C736F755B
:10B3E00072636500766464203C6D563E006F757430
:10B3F00020307C31006961203C7769706572206380
:10B400006F64653E0069612D7472696D0069612D1C
:10B410007472696D205B7461726765742061646326
:10B420005D005072696E74206D6574616461746151
:10B430002061732073656E7420746F2074686520BA
:10B44000686F737400726177004865782064756D69
:10B450007020454550524F4D3A20726177205B6F06
:10B4600066667365745D205B6C656E5D0053657424
:10B470002061206669656C643A20736574203C6BBA
:10B4800065793E203C76616C75653E00736176653A
:10B49000005772697465206D657461646174612020
:10B4A000746F20454550524F4D004C6F61642064CD
:10B4B000656661756C742028756E63616C69627273
:10B4C0006174656429206D657461646174610062F2
:10B4D00061636B7570006261636B75702077726970
:10B4E0007465207C20636865636B207C20726573C3
:10B4F000746F7265006865617020636F7272757039
:10B5000074696F6E20286E6F7420696E2075736584
:10B510003F29206174202570006865617020636F89
:10B520007272757074696F6E2028627566666572D6
:10B53000206F766572666C6F773F292061742025D5
:10B5400070006865617020636F7272757074696FE6
:10B550006E2028646F75626C6520667265653F2990
:10B56000206174202570006F735F6865617000282A
:10B57000756E7369676E6564292063686172202A3D
:10B58000207573656420666F7220252570206172B6
:10B5900067756D656E742E2049742773207265631C
:10B5A0006F6D6D656E64656420746F206361737484
:10B5B00020697420746F20766F6964202A20626588
:10B5C0006361757365206974206D617920636175AD
:10B5D0007365206D69736265686176696F72206951
:10B5E0006E206365727461696E20636F6E66696751
:10B5F00075726174696F6E732E20537472696E6711
:10B600003A2225732220617267756D656E743A2542
:10B61000640063627072696E74665F7061636B610F
:10B620006765004661696C656420746F20726562AD
:10B630006F6F743A207370696E6E696E6720656E05
:10B64000646C6573736C792E2E2E0A007379735FA8
:10B650006765746F7074006C6F6767696E67006C04
:10B660006F67006C6F675F6D676D74004D65737316
:10B67000616765202822257322292064726F70700B
:10B6800065642062656361757365206974206578FF
:10B6900063656564732073697A65206C696D69748C
:10B6A0006174696F6E2028257529004D657373617B
:10B6B00067652064726F7070656420626563617590
:10B6C00073652069742065786365656473207369A8
:10B6D0007A65206C696D69746174696F6E202825C4
:10B6E0007529000D0A001B5B306D005B2530386C3E
:10B6F000755D20005B253032753A253032753A256C
:10B700003032752E253033752C253033755D200091
:10B710003C25733E200025732F0025733A20002519
:10B720003032782000202020007C001B5B313B332E
:10B73000316D001B5B313B33336D006572720077F6
:10B74000726E00696E6600646267006B65726E659A
:10B750006C004B65726E656C20636F6D6D616E641D
:10B7600073006379636C65733A20257520687720D0
:10B770006379636C65730A006379636C6573004B6E
:10B7800065726E656C206379636C65732E00556E0F
:10B7900061626C6520746F20706172736520696EE0
:10B7A0007075742028657272202564290A00736CF4
:10B7B000656570006D7300557074696D653A20257C
:10B7C0006C6C75206D730A002D70002D2D707265E4
:10B7D00074747900556E737570706F72746564203F
:10B7E0006F7074696F6E3A2025730A007570746902
:10B7F0006D653A20256C6C7520646179732C202569
:10B800006C6C7520686F7572732C20256C6C7520BC
:10B810006D696E757465732C20256C6C752073656D
:10B82000636F6E64732C20256C6C75206D696C6C75
:10B83000697365636F6E64730A00757074696D6512
:10B84000004B65726E656C20757074696D652E2095
:10B8500043616E2062652063616C6C65642077696A
:10B86000746820746865202D70206F72202D2D70F3
:10B870007265747479206F7074696F6E7300342E02
:10B88000342E32005A657068797220766572736959
:10B890006F6E2025730A0076657273696F6E004BB8
:10B8A00065726E656C2076657273696F6E2E0054DA
:10B8B00068697320636F6D6D616E642069732064C5
:10B8C00065707265636174656420617320697420BA
:10B8D00069732061206475706C69636174652E20E2
:10B8E00055736520276C6F6720656E61626C6527F4
:10B8F00020636F6D6D616E642066726F6D206C6F7A
:10B900006767696E6720636F6D6D616E6473207326
:10B9100065742E0A00556E61626C6520746F20702C
:10B9200061727365206C6F672073657665726974E8
:10B93000792028657272202564290A00496E766193
:10B940006C6964206C6F67206C6576656C3A2025A5
:10B95000640A00556E61626C6520746F2066696EC2
:10B9600064206C6F6720736F757263653A2025736E
:10B970000A006C6F675F6C6576656C003C6D6F6488
:10B98000756C65206E616D653E203C7365766572F1
:10B990006974792028302D34293E007265626F6FFA
:10B9A00074005265626F6F742E00636F6C640043A5
:10B9B0006F6C64207265626F6F742E007761726DB8
:10B9C000005761726D207265626F6F742E0074682B
:10B9D00072656164004B65726E656C207468726597
:10B9E0006164732E005363686564756C65723A20F8
:10B9F00025752073696E6365206C617374206361C3
:10BA00006C6C0A00546872656164733A0A004E41B6
:10BA1000002573257020252D3130730A00096F70C1
:10BA200074696F6E733A20307825782C20707269B3
:10BA30006F726974793A2025642074696D656F7539
:10BA4000743A20256C6C640A000973746174653A59
:10BA50002025732C20656E7472793A2025700A00B7
:10BA6000556E61626C6520746F2064657465726DDB
:10BA7000696E6520756E7573656420737461636BA0
:10BA80002073697A6520282564290A0A00097374DD
:10BA900061636B2073697A6520257A752C20756E39
:10BAA0007573656420257A752C2075736167652030
:10BAB000257A75202F20257A7520282575202525A3
:10BAC000290A0A006C697374004C697374206B65F1
:10BAD000726E656C20746872656164732E002570E7
:10BAE0002049525120253032642025732872656127
:10BAF0006C2073697A652025347A75293A09756E48
:10BB0000757365642025347A7509757361676520DE
:10BB100025347A75202F2025347A75202825327A0D
:10BB200075202525290A00257020252D3332732004
:10BB3000287265616C2073697A652025347A7529CD
:10BB40003A09756E757365642025347A75097573C5
:10BB50006167652025347A75202F2025347A752079
:10BB600028253275202525290A00737461636B73BB
:10BB7000004C697374207468726561647320737417
:10BB800061636B2075736167652E0054687265612F
:10BB900064204944202570206973206E6F742076DC
:10BBA000616C69640A004572726F723A5368656C21
:10BBB0006C207468726561642063616E6E6F7420BE
:10BBC00062652073757370656E6465640A005468FD
:10BBD000726561642025702073757370656E64658D
:10BBE000640A006B65726E656C20746872656164CE
:10BBF0002073757370656E64203C7468726561644F
:10BC00005F69643E004572726F723A5368656C6C8E
:10BC1000207468726561642063616E6E6F74206267
:10BC20006520726573756D65640A0054687265619C
:10BC30006420257020726573756D65640A007265F5
:10BC400073756D65006B65726E656C2074687265E6
:10BC5000616420726573756D65203C7468726561FE
:10BC6000645F69643E004572726F723A5368656C36
:10BC70006C207468726561642063616E6E6F7420FD
:10BC80006265206B696C6C65640A000A20546872F6
:10BC9000656164202570206B696C6C65640A006BBB
:10BCA000696C6C006B65726E656C2074687265619E
:10BCB00064206B696C6C203C7468726561645F69B8
:10BCC000643E0044657669636520756E6B6E6F77C0
:10BCD0006E20282573290A0044657669636520254E
:10BCE0007320697320616C726561647920696E6983
:10BCF0007469616C697A65640A0044657669636594
:10BD000020257320696E697469616C697A61746950
:10BD10006F6E206661696C65642077697468206560
:10BD200072723D25640A0044657669636520257357
:10BD300020696E697469616C697A656420737563E2
:10BD40006365737366756C6C790A0052454144599A
:10BD50000044495341424C4544006465766963653B
:10BD6000733A0A005B25705D002D202573002020AA
:10BD70004454206E6F6465206C6162656C733A0098
:10BD800044657669636520636F6D6D616E647300F1
:10BD90004D616E75616C6C7920696E697469616C56
:10BDA000697A65206120646576696365004C697312
:10BDB0007420636F6E66696775726564206465766A
:10BDC000696365732C207769746820616E206F70D9
:10BDD00074696F6E616C2066696C746572005B3C9F
:10BDE0006465766963652066696C7465723E5D00A2
:10BDF000496E76616C696420686F75720A00496EDD
:10BE000076616C6964206D696E7574650A00496EAF
:10BE100076616C6964207365636F6E640A00496EB5
:10BE200076616C6964206D6F6E74680A00496E7685
:10BE3000616C6964206461790A004661696C6564BB
:10BE400020746F2063616C63756C61746520736529
:10BE5000636F6E64732073696E63652045706F63F2
:10BE6000680A00436F756C64206E6F74207365748C
:10BE700020646174652025640A0025642D25303214
:10BE8000752D2530327520253032753A25303275C2
:10BE90003A25303275205554430A006461746500B8
:10BEA0004461746520636F6D6D616E6473005B59EE
:10BEB0002D6D2D645D203C483A4D3A533E00676538
:10BEC00074005B6E6F6E655D005573696E6720640C
:10BED0006174612077696474682025640A00496E82
:10BEE000636F727265637420646174612077696442
:10BEF00074680A00526561642076616C7565203053
:10BF000078256C6C780A0057726974696E672076C0
:10BF1000616C7565203078256C6C780A00696E76E6
:10BF2000616C6964206164647220272573270A00AC
:10BF3000696E76616C69642073697A652027257360
:10BF4000270A00696E76616C696420776964746899
:10BF500020272573270A00613A733A773A00272D84
:10BF600061203C616464726573733E2720697320AD
:10BF70006D616E6461746F72790A00272D73203CC5
:10BF800073697A653E27206973206D616E64617400
:10BF90006F72790A00496E636F7272656374206410
:10BFA0006174612077696474683A2025750A0064B9
:10BFB00065766D656D206C6F616420737570706F50
:10BFC0007274732073657474696E6720627970612E
:10BFD0007373206F6E20612073696E676C652069D2
:10BFE0006E7374616E63652E0A004C6F6164696ED6
:10BFF000672E2E2E0A7072657373206374726C2D17
:10C0000078206374726C2D7120746F206573636186
:10C0100070650A004E756D626572206F66206279E8
:10C0200074657320726561643A2025640A002D2DC1
:10C03000002D6500556E6B6E6F776E206F707469A2
:10C040006F6E20222573220A006465766D656D008F
:10C05000526561642F7772697465207068797369BD
:10C0600063616C206D656D6F72790A5573616765E8
:10C070003A0A52656164206D656D6F727920617452
:10C0800020616464726573732077697468206F70CF
:10C0900074696F6E616C2077696474683A0A6465CC
:10C0A000766D656D203C616464726573733E205BE0
:10C0B0003C77696474683E5D0A5772697465206DE7
:10C0C000656D6F7279206174206164647265737349
:10C0D0002077697468206D616E6461746F72792075
:10C0E000776964746820616E642076616C75653A66
:10C0F0000A6465766D656D203C6164647265737376
:10C100003E203C77696474683E203C76616C7565BE
:10C110003E0064756D700055736167653A0A646529
:10C12000766D656D2064756D70202D61203C6164B5
:10C1300064726573733E202D73203C73697A653E8B
:10C14000205B2D77203C77696474683E5D0A00555A
:10C15000736167653A0A6465766D656D206C6F6121
:10C1600064205B6F7074696F6E735D205B616464E3
:10C17000726573735D0A4F7074696F6E733A0A2D3E
:10C1800065096C6974746C652D656E6469616E20F7
:10C1900070617273650052582072696E6720627513
:10C1A000666665722066756C6C2E007368656C6CD3
:10C1B0002E7368656C6C5F756172740070706B32A1
:10C1C0003A7E2420007368656C6C5F756172745FE1
:10C1D0006261636B656E6400537562636F6D6D6160
:10C1E0006E64733A0A006E6F74207465726D696EC6
:10C1F000617465643A2025630A00506C656173655B
:10C200002073706563696679206120737562636F5E
:10C210006D6D616E642E0A004572726F723A207203
:10C220006571756573746564206D756C7469706C87
:10C23000652066756E6374696F6E206578656375D9
:10C2400074696F6E730A003A20636F6D6D616E647E
:10C25000206E6F7420666F756E6400546F6F206D72
:10C26000616E7920617267756D656E747320696E99
:10C270002074686520636F6D6D616E642E0A002501
:10C28000733A2077726F6E6720706172616D6574AA
:10C29000657220636F756E740A005741524E494EA5
:10C2A000473A2041207072696E742072657175651D
:10C2B00073742077617320646574656374656420AA
:10C2C0006F6E206E6F742061637469766520736889
:10C2D000656C6C206261636B656E642E0A000A25D2
:10C2E00073257300506C656173652070726573739C
:10C2F00020746865203C5461623E20627574746FDE
:10C300006E20746F2073656520616C6C20617661AE
:10C31000696C61626C6520636F6D6D616E64732E14
:10C320000A00596F752063616E20616C736F207510
:10C33000736520746865203C5461623E20627574A8
:10C34000746F6E20746F2070726F6D7074206F72D6
:10C35000206175746F2D636F6D706C6574652061FD
:10C360006C6C20636F6D6D616E6473206F722069F9
:10C37000747320737562636F6D6D616E64732E0AE2
:10C3800000596F752063616E2074727920746F207C
:10C3900063616C6C20636F6D6D616E64732077698F
:10C3A0007468203C2D683E206F72203C2D2D6865FE
:10C3B0006C703E20706172616D6574657220666F8D
:10C3C00072206D6F726520696E666F726D6174693F
:10C3D0006F6E2E0A000A5368656C6C20737570705E
:10C3E0006F72747320666F6C6C6F77696E67206D07
:10C3F0006574612D6B6579733A0A20204374726C01
:10C40000202B202861206B65792066726F6D3A20A1
:10C410006162636465666B6C6E70747577290A205F
:10C4200020416C7420202B202861206B65792066C8
:10C43000726F6D3A206266290A506C6561736520DF
:10C44000726566657220746F207368656C6C206419
:10C450006F63756D656E746174696F6E20666F725F
:10C46000206D6F72652064657461696C732E0A00BB
:10C470000A417661696C61626C6520636F6D6D6104
:10C480006E64733A0A00253038583A20007C0A005E
:10C490005072696E7473207468652068656C7020D2
:10C4A0006D6573736167652E001B5B2564256300F2
:10C4B0001B5B313B3325646D001B5B3430332564DB
:10C4C0006D0055736167653A20257320002573253B
:10C4D0002D2A73002D68002D2D68656C70004C6F3F
:10C4E0007374206C6F67733A20256C750A00416382
:10C4F00074697665207368656C6C206261636B6536
:10C500006E64733A0A0020202532642E203A257387
:10C5100020282573290A005B2533645D2025730AD2
:10C520000020756E6B6E6F776E20706172616D6545
:10C530007465723A200025733A257325730A004505
:10C5400063686F207374617475733A2025730A00F1
:10C550004E6F20726573706F6E73652066726F6DBB
:10C5600020746865207465726D696E616C2C206141
:10C570007373756D6564203830783234207363725C
:10C5800065656E2073697A650A0072657476616C00
:10C59000005072696E742072657475726E207661D7
:10C5A0006C7565206F66206D6F73742072656365AE
:10C5B0006E7420636F6D6D616E6400726573697A6D
:10C5C0006500436F6E736F6C6520676574732074CC
:10C5D00065726D696E616C2073637265656E207340
:10C5E000697A65206F7220617373756D657320645D
:10C5F000656661756C7420696E2063617365207473
:10C60000686520726561646F7574206661696C731A
:10C610002E204974206D75737420626520657865DD
:10C620006375746564206166746572206561636812
:10C63000207465726D696E616C207769647468201E
:10C640006368616E676520746F20656E73757265CF
:10C6500020636F72726563742074657874206469F6
:10C6600073706C61792E00686973746F727900431E
:10C670006F6D6D616E6420686973746F72792E00DE
:10C680007368656C6C0055736566756C2C206E6FF5
:10C690007420556E69782D6C696B65207368656CC4
:10C6A0006C20636F6D6D616E64732E00636C6561E9
:10C6B0007200436C6561722073637265656E2E0053
:10C6C00072656D0049676E6F7265206C696E657387
:10C6D00020626567696E6E696E672077697468208D
:10C6E0002772656D20270064656661756C74004172
:10C6F0007373756D652038302063686172732073C1
:10C70000637265656E20776964746820616E642069
:10C7100073656E6420746869732073657474696EE0
:10C720006720746F20746865207465726D696E612E
:10C730006C2E006261636B656E6473004C69737488
:10C7400020616374697665207368656C6C20626132
:10C75000636B656E64732E0A006261636B73706154
:10C7600063655F6D6F646500546F67676C65206219
:10C7700061636B7370616365206B6579206D6F64B5
:10C78000652E0A536F6D65207465726D696E616CFC
:10C790007320617265206E6F742073656E64696EBC
:10C7A0006720736570617261746520657363617081
:10C7B0006520636F646520666F72206261636B73CE
:10C7C0007061636520616E642064656C65746520CA
:10C7D000627574746F6E2E205468697320636F6D78
:10C7E0006D616E6420666F72636573207368656C3B
:10C7F0006C20746F20696E74657270726574206449
:10C80000656C657465206B65792061732062616376
:10C810006B73706163652E00636F6C6F727300548D
:10C820006F67676C6520636F6C6F726564207379E6
:10C830006E7461782E00767431303000546F676703
:10C840006C6520767431303020636F6D6D616E647D
:10C85000732E0070726F6D707400546F67676C6533
:10C860002070726F6D70742E006563686F00546F76
:10C8700067676C65207368656C6C206563686F2EF4
:10C88000007374617473005368656C6C2073746119
:10C89000746973746963732E006261636B73706192
:10C8A00063650053657420646966666572656E74BD
:10C8B0002065736361706520636F646520666F72C5
:10C8C000206261636B737061636520616E642064D4
:10C8D000656C657465206B65792E0064656C6574A4
:10C8E0006500536574207468652073616D6520650B
:10C8F000736361706520636F646520666F72206288
:10C9000061636B737061636520616E642064656C44
:10C91000657465206B65792E0052657365742073AC
:10C9200068656C6C207374617469737469637320D7
:10C93000666F7220746865204C6F67676572206D42
:10C940006F64756C652E0073686F7700476574209F
:10C950007368656C6C207374617469737469637354
:10C9600020666F7220746865204C6F67676572205F
:10C970006D6F64756C652E0044697361626C65202F
:10C980007368656C6C206563686F2E2045646974FC
:10C99000696E67206B65797320616E64206D6574C4
:10C9A000612D6B65797320617265206E6F742068EC
:10C9B000616E646C656400456E61626C65207368CD
:10C9C000656C6C206563686F2E0044697361626CEE
:10C9D000652070726F6D70742E00456E61626C65BB
:10C9E0002070726F6D70742E0044697361626C65A3
:10C9F00020767431303020636F6D6D616E64732EFC
:10CA000000456E61626C6520767431303020636F52
:10CA10006D6D616E64732E0044697361626C652094
:10CA2000636F6C6F7265642073796E7461782E0029
:10CA3000456E61626C6520636F6C6F726564207314
:10CA4000796E7461782E00436F6D6D616E64206243
:10CA5000756666657220697320746F6F2073686FE6
:10CA6000727420746F20657870616E6420616C6CE4
:10CA700020636F6D6D616E6473206D6174636869AE
:10CA80006E672077696C646361726420706174748E
:10CA900065726E3A2025730A002A2A2A20426F6F97
:10CAA00074696E67206E524620436F6E6E656374C4
:10CAB0002053444B2076332E342E312D6232306693
:10CAC0003836313962613961202A2A2A0A002A2A35
:10CAD0002A205573696E67205A6570687972204FF5
:10CAE000532076342E342E322D333366613661373F
:10CAF0006161633661202A2A2A0A006D757465789F
:10CB00005F696E69742063616C6C65642077697419
:10CB100068204E554C4C20706172616D6574657271
:10CB200000436F756C64206E6F7420616C6C6F6372
:10CB3000617465206D75746578206265666F7265D5
:10CB400020696E697469616C697A696E6700723018
:10CB50002F61313A2020307825303878202072310A
:10CB60002F61323A202030782530387820207232F8
:10CB70002F61333A20203078253038780072332FF7
:10CB800061343A2020307825303878207231322FC5
:10CB900069703A2020307825303878207231342F6F
:10CBA0006C723A2020307825303878002078707305
:10CBB000723A202030782530387800735B25326453
:10CBC0005D3A20203078253038782020735B25327C
:10CBD000645D3A20203078253038782020735B253A
:10CBE00032645D3A20203078253038782020735B1D
:10CBF0002532645D3A202030782530387800667020
:10CC00007363723A20203078253038780046617599
:10CC10006C74696E6720696E737472756374696F82
:10CC20006E206164647265737320287231352F70D1
:10CC300063293A2030782530387800556E68616E67
:10CC4000646C6564204952516E3A202564002A2A9A
:10CC50002A2A2A205553414745204641554C542005
:10CC60002A2A2A2A2A0020204469766973696F6E6D
:10CC7000206279207A65726F002020556E616C69A0
:10CC8000676E6564206D656D6F72792061636365A1
:10CC900073730020204E6F20636F70726F63657333
:10CCA000736F7220696E737472756374696F6E73DB
:10CCB000002020496C6C6567616C206C6F6164209A
:10CCC0006F66204558435F52455455524E20696E59
:10CCD000746F205043002020496C6C6567616C20A4
:10CCE000757365206F662074686520455053520047
:10CCF0002020417474656D707420746F20657865B0
:10CD00006375746520756E646566696E6564206917
:10CD10006E737472756374696F6E002A2A2A2A2AE8
:10CD200020425553204641554C54202A2A2A2A2A6B
:10CD3000002020537461636B696E67206572726FA7
:10CD400072002020556E737461636B696E67206595
:10CD500072726F720020205072656369736520647F
:10CD600061746120627573206572726F7200202099
:10CD70004246415220416464726573733A203078B0
:10CD80002578002020496D707265636973652064A1
:10CD900061746120627573206572726F7200202069
:10CDA000496E737472756374696F6E206275732057
:10CDB0006572726F72002020466C6F6174696E67D5
:10CDC0002D706F696E74206C617A79207374617450
:10CDD0006520707265736572766174696F6E206527
:10CDE00072726F72002A2A2A2A2A204D5055204634
:10CDF00041554C54202A2A2A2A2A002020537461A3
:10CE0000636B696E67206572726F722028636F6E44
:10CE1000746578742061726561206D69676874203B
:10CE20006265206E6F742076616C69642900202031
:10CE300044617461204163636573732056696F6C4C
:10CE40006174696F6E0020204D4D4641522041644F
:10CE500064726573733A2030782578002020496E1B
:10CE6000737472756374696F6E2041636365737365
:10CE70002056696F6C6174696F6E005265736572DC
:10CE800076656420457863657074696F6E2028004C
:10CE900053707572696F757320696E7465727275FF
:10CEA000707420284952512000535053454C20693A
:10CEB0006E20746872656164206D6F646520646FB4
:10CEC0006573206E6F7420696E6469636174652098
:10CED000505350002A2A2A2A2A20484152442046E8
:10CEE00041554C54202A2A2A2A2A002020427573B0
:10CEF000206661756C74206F6E20766563746F7246
:10CF0000207461626C652072656164002020446554
:10CF1000627567206576656E740020204661756CC9
:10CF20007420657363616C6174696F6E202873652A
:10CF3000652062656C6F772900415243485F455810
:10CF400043455054207769746820726561736F6E31
:10CF50002025780A002A2A2A2A2A20446562756731
:10CF6000206D6F6E69746F72206578636570746987
:10CF70006F6E202A2A2A2A2A002A2A2A2A2A2025CB
:10CF80007320256429202A2A2A2A2A006D70750018
:10CF90004661696C656420746F20616C6C6F6361BD
:10CFA0007465206E6577204D505520726567696FF6
:10CFB0006E2025750A00506172746974696F6E2065
:10CFC00025753A20636F686572656E6365206368D6
:10CFD00065636B206661696C65642E00464C415345
:10CFE000485F30005352414D5F30006E65745F62A0
:10CFF0007566006E65745F6275665F73696D706CEF
:10D000006500736F6300626F6172645F6364635F86
:10D0100061636D5F756172740053707572696F75CD
:10D0200073202573206576656E74006570203078F6
:10D030002530327820616C726561647920656E619B
:10D04000626C656400456E64706F696E7420307840
:10D05000253032782076616C69646174696F6E2066
:10D060006661696C656400657020307825303278BF
:10D0700020616C72656164792064697361626C65BA
:10D080006400657020307825303278206973206E16
:10D090006F742068616C7465647C64697361626C30
:10D0A0006564004661696C656420746F20616C6C16
:10D0B0006F63617465206E65745F62756620257AA2
:10D0C000642C2065702030782530327800756463D8
:10D0D0000073687574646F776E00496E6974696176
:10D0E0006C697A656400556E6B6E6F776E20706F39
:10D0F000776572206576656E7420256400507265D0
:10D10000696E6974007564635F6E7266780046616B
:10D11000696C656420746F207265676973746572E9
:10D1200020656E64706F696E740053555350454EA0
:10D130004420737461746520646574656374656408
:10D1400000524553554D494E472066726F6D20730E
:10D15000757370656E640052656D6F7465207761DC
:10D160006B65757020696E697469617465640065CA
:10D1700070203078253032782071756575652069AA
:10D180007320656D707479006570203078253032B9
:10D1900078206F6B2C20717565756520697320652B
:10D1A0006D707479004661696C656420746F2064E9
:10D1B000697361626C6520636F6E74726F6C206559
:10D1C0006E64706F696E74004661696C656420748A
:10D1D0006F2073746F70204846584F2025640052AA
:10D1E000657365740062756666657220746F6F2082
:10D1F000736D616C6C3A20723A2025752C206C3A64
:10D20000202575004661696C656420746F20656E29
:10D2100061626C6520636F6E74726F6C20656E6402
:10D22000706F696E74004661696C656420746F206C
:10D230007374617274204846584F202564007573DA
:10D240006264403430303237303030007A65706894
:10D2500079725F75646330007564635F6E72660037
:10D260006E72665F757362645F636F6D6D6F6E0083
:10D27000636C6F636B40343030303030303000637B
:10D280006C6F636B006866636C6B006C66636C6BE1
:10D2900000636C6F636B5F636F6E74726F6C0070B2
:10D2A0006172656E7420627573206465766963656A
:10D2B000206E6F7420726561647900617474656DAD
:10D2C000707420746F2072656164207061737420C3
:10D2D00064657669636520626F756E64617279005A
:10D2E0006661696C656420746F20726561642045B5
:10D2F0004550524F4D2028657272202564290061E7
:10D300007474656D707420746F2077726974652011
:10D31000746F20726561642D6F6E6C792064657620
:10D3200069636500617474656D707420746F207733
:10D3300072697465207061737420646576696365D1
:10D3400020626F756E64617279006661696C6564F4
:10D3500020746F20777269746520746F2045455082
:10D36000524F4D2028657272202564290065657032
:10D37000726F6D40353000656570726F6D00656568
:10D3800070726F6D5F61743278006770696F4035DD
:10D3900030303030333030006770696F3100677083
:10D3A000696F403530303030303030006770696F31
:10D3B0003000693263004E65656420746F207573B8
:10D3C000652074686520696E7465726E616C206496
:10D3D0007269766572206275666665722062757420
:10D3E000206974732073697A6520697320696E738C
:10D3F000756666696369656E7420282575202B2023
:10D400002575203E202575292E2041646A75737488
:10D4100020746865207A65706879722C636F6E631A
:10D4200061742D6275662D73697A65206F72207A3A
:10D4300065706879722C666C6173682D6275662DF3
:10D440006D61782D73697A652070726F7065727482
:10D45000792028746865206F6E652077697468206C
:10D46000677265617465722076616C7565292069E3
:10D470006E207468652022257322206E6F64652EED
:10D48000006932634034303030333030300069323C
:10D490006330006932635F6E7266785F7477696DBE
:10D4A00000756E737570706F72746564207370654B
:10D4B000656400547279696E6720746F20747261BC
:10D4C0006E73666572206D6F7265207468616E2080
:10D4D000746865206D6178696D756D2073697A6512
:10D4E00020666F722074686973206465766963656D
:10D4F0003A202564203E202564004661696C6564FD
:10D5000020746F20696E697469616C697A65206442
:10D5100065766963653A2025730025733A206E6F3E
:10D52000204C45447320666F756E64202844542057
:10D530006368696C64206E6F646573206D697373D2
:10D54000696E67290025733A2070776D20646576CF
:10D55000696365206E6F742072656164790070770D
:10D560006D6C656473006C65645F70776D00496E07
:10D5700076616C6964206368616E6E656C3A202523
:10D58000752E00496E636F6D70617469626C652001
:10D59000706572696F642E005072657363616C65AB
:10D5A0007220666F7220706572696F645F63796361
:10D5B0006C6573202575206E6F7420666F756E64C0
:10D5C0002E0070776D403430303163303030007071
:10D5D000776D300070776D5F6E7266780048616CB1
:10D5E00074696E672073797374656D00556E6B6E28
:10D5F0006F776E206572726F7200756E6B6E6F77EB
:10D600006E003E3E3E205A455048595220464154F5
:10D61000414C204552524F522025643A2025732018
:10D620006F6E20435055202564004661756C742050
:10D63000647572696E6720696E7465727275707454
:10D640002068616E646C696E670A0043757272656A
:10D650006E74207468726561643A202570202825F4
:10D6600073290043505520657863657074696F6E47
:10D6700000556E68616E646C656420696E746572D5
:10D680007275707400537461636B206F7665726697
:10D690006C6F77004B65726E656C206F6F707300F6
:10D6A0004B65726E656C2070616E6963006D6169B7
:10D6B0006E006F730064756D6D7900736C656570D5
:10D6C000696E6700646561640073757370656E648C
:10D6D00065640061626F7274696E67007375737060
:10D6E000656E64696E670071756575656400737950
:10D6F00073776F726B71006E616E00286E756C6C63
:10D7000029000001070207070703070707070707A4
:10D710000704000106076A6F756C655F636F756EBD
:10D7200074657220302E312E300050504B32004A3A
:10D730006F756C6520436F756E746572004E6F7205
:10D740006469632053656D69636F6E647563746F9C
:10D750007200FF02010201000000010100FF01024E
:10D760000101FF0103FFFF0000FFFF00FFFFFFFFBC
:10D77000FFFF00FFFFFFFF05206D657373616765A5
:10D78000732064726F70706564202D2D2D0D0A1B3F
:10D790005B306D001B5B313B33316D2D2D2D200037
:10D7A000202D20002020001B5B366E0030313233EC
:10D7B000343536373839414243444546000001028A
:10D7C0000304050607002030303030303030303070
:10D7D00030303030300001616E006E66696E697401
:04D7E00079000000CC
:10D7E40000000000292A01000000000000010000E0
:10D7F4000000000000000000000000000000000025
:10D804000000000000000000000000000000000014
:10D8140000000000F93A00000000000000010000D0
:10D8240000000000000000000000000000000000F4
:10D8340000000000000000000000000000000000E4
:10D8440000000000F12B01000000000000010000B6
:10D8540000000000000000000000000000000000C4
:10D8640000000000000000000000000000000000B4
:10D8740000000000B1B3000000000000000100003F
:10D884000000000000000000000000000000000094
:10D894000000000000000000000000000000000084
:10D8A400CC8F010000C2010000000800000000004D
:10D8B4000000000000000000000000000000000064
:10D8C4000000000000000000000000000000000054
:10D8D40000000000AC0300200000000098030020BA
:10D8E4000000000000000000000000000000000034
:10D8F4000000000000000000000000000000000024
:10D904000000000000000000000000000000000013
:10D914000000000000000000000000000000000003
:10D924000000000000000000000000004C01002086
:10D934004C01002000000000010000000000000075
:10D9440040010000000366000000000000004041A8
:10D95400000000000800000001028F000000000029
:10D96400000080410000000004000000A4AA01009F
:10D9740000000000C49A0100F89A0100A0010020F0
:10D98400A4010020D5050020DE050020ACAA01007A
:10D9940000000000009B010000000000C001002006
:10D9A400E0050020D801002000C2010000000800AA
:10D9B4000000000000000000E0050020E805002051
:10D9C400F1050020F6050020FB050020FF050020DE
:10D9D400040600200B060020140600201B0600206D
:10D9E400220600200000000024060020300200204F
:10D9F4000000000000000000000000000000000023
:10DA040000030100000000006FBB002000030000C1
:10DA140000000000000000000004010000000000FD
:10DA24002AD701000A0300000000000000000000E3
:10DA340000020100000000002FD701001C030000B9
:10DA440000000000000000000001010000000000D0
:10DA54003DD701002A030000000000000000000080
:10DA640000000000000000001CA7010004030000E7
:10DA740071300100010000000100000000000000FE
:10DA84000000000000000000C3BA01000100000013
:10DA940001000000F5380100000000000100000052
:10DAA40094070020C4020020C402002000000000EB
:10DAB400B89F010028150020F80700203A00000054
:10DAC4000C0800203A000000BC0700203A000000C7
:10DAD400200800203A00000000000000315101003D
:10DAE4000000000000000000006000400000000092
:10DAF4000000000000000000000000000000000022
:10DB04000000000000000000000000000000000011
:10DB14000000000000000000000000000000000001
:10DB240000000000000000000000000000000000F1
:10DB340000000000000000000000000000000000E1
:10DB440000000000000000000000000000000000D1
:10DB540000000000000000000000000000000000C1
:10DB640000000000000000000000000000000000B1
:10DB7400000000000000000034C00120000000008C
:10DB840000000000000000000004000034C4012074
:10DB9400000000000000000000000000000400007D
:10DBA400B5AA0100000000000004002000000000ED
:10DBB400CC8F01003F0600204706002050060020BD
:10DBC400550600205A0600205E0600206306002049
:10DBD4006A060020730600207A06002081060020D1
:10DBE40000000000E95F0100A5B4000005B50000D5
:10DBF40075630100AF600100B56101000000000021
:10DC04005D6601009D6101003761010000000000B4
:10DC1400EB5F0100000000000000000000000000B5
:10DC240000000000000000000000000000000000F0
:10DC340000000000000000000000000000000000E0
:10DC440000000000000000000000000000000000D0
:10DC540000000000000000000000000000000000C0
:10DC640000000000000000000000000000000000B0
:10DC740000000000000000000000000000000000A0
:10DC84000000000000000000000000000000000090
:10DC94000000000000000000B8040020B8040020C8
:10DCA40000000000000000000E0000000000000062
:10DCB4000000000000000000000000000000000060
:10DCC4000000000000000000000000000000000050
:10DCD400000098010000010117720100100000000B
:10DCE40021D40000A4A40100B5CB0020FFFF000054
:10DCF400000000000000000000C00140000000001F
:10DD0400000000000000000000000000000000000F
:10DD140000000000000000000090D003FF0000009D
:10DD2400900200004405002044050020000000008B
:10DD3400650C0100A8050020A0050020980500201E
:10DD44000000000090050020850D0100D10C0100A9
:10DD5400050D01004D0D01008005002088050020FF
:10DD640038BB00203A00003A3CBB00203A00003A9D
:10DD740040BB00203A00003A44BB00203A00003A7D
:10DD840048BB00203A00003A4CBB00203A00003A5D
:10DD9400780500207C050020C005002064050020D3
:10DDA4005C0500205805002054050020B80B01072D
:10DDB40007010007080904000000FF01010000003A
:10DDC400080B000202020000090400000102020024
:10DDD40000052400100105240100010424020205A9
:10DDE400240600010705810310000A09040100024A
:10DDF4000A000000070582024000000705010240F6
:10DE0400000000000902000000010080FA12010075
:10DE140002EF02014015190AC004040000000008C2
:10DE24000B000202020000090400000102020000CB
:10DE34000524001001052401000104240202052424
:10DE44000600010705810310000A09040100020A03
:10DE5400000000070582024000000705010240009F
:03DE6400000000BB
:10DE670000000000000000000000000000000000AB
:05DE77000000000000A6
:10DE7C000000000000000000000000000000000096
:10DE8C000000000000000000000000000000000086
:10DE9C000000000000000000000000000000000076
:08DEAC0000000000000000006E
:04DEB400000000006A
:10DEB800000000000000000000000000000000005A
:10DEC800000000000000000000000000000000004A
:10DED800000000000000000000000000000000003A
:10DEE800000000000000000000000000000000002A
:10DEF800000000000000000000000000000000001A
:10DF08000000000000000000000000000000000009
:10DF180000000000000000000000000000000000F9
:0CDF2800000000000000000000000000ED
:10DF34005007002050070020343B0120000000005F
:0CDF4400080000001000000000000000B9
:10DF500000000000001A01204C200000000000001A
:10DF60000000000000000000B43B01200080000021
:10DF70000000000000000000000000000018012068
:0CDF800000020000000000000000000093
:10DF8C00A8070020A80700200000000000000000E7
:10DF9C000E000000BC070020BC07002000000000A1
:10DFAC00000000000E000000D0070020D007002069
:10DFBC0000000000000000000E000000E40700203C
:10DFCC00E407002000000000000000000E0000002C
:10DFDC00F8070020F80700200000000000000000F7
:10DFEC000E0000000C0800200C08002000000000AF
:10DFFC00000000000E000000200800202008002077
:10E00C0000000000000000000E000000340800209A
:10E01C003408002000000000000000000E0000008A
:10E02C0048080020480800200700000010000000ED
:10E03C004C3A0120BC3A01204C3A01204C3A0120C8
:10E04C000000000000000000700800207008002094
:10E05C000C0000000A000000BC3A0120343B0120F7
:10E06C00BC3A0120BC3A0120000000000000000076
:10E07C00980800209808002000000000FFFFFFFF18
:10E08C00A8080020A80800200100000001000000E2
:10E09C00B8080020B80800200000000001000000B3
:10E0AC00C8080020C808002004000000040000007C
:0CE0BC00D8080020D80800200000000058
:08E0C800E4080020E408002038
:10E0D0000000000000000000F4080020F408002008
:10E0E000200020000A000000DB66010080A3010080
:04E0F000B4BB01209C
:10E0F400F4AA01000000000000000000000000007D
:10E104000000000000000000EC8F0100000000008F
:10E1140000000000000000000000000000000000FB
:10E1240000000000000000000000000000000000EB
:10E1340000000000000000000000000000000000DB
:10E1440000000000000000000000000000000000CB
:10E1540000000000000000000000000000000000BB
:0CE164002D06002000000000000000005C
:10E1700000000000C00300200000000000000000BC
:10E18000000000000000000000000000AC010020C2
:10E19000000000000000000000000000000000007F
:10E1A000000000008C0100200000000000000000C2
:08E1B000000000000000000067
:04E1B80015E015E079
:040000030000979DC5
:00000001FF
